data,sku,categoria,regime_verdadeiro,unidades,preco,flag_promocao,temperatura_media
2023-01-01,SKU_00,bebidas,smooth,115.0,7.87,0,22.6
2023-01-02,SKU_00,bebidas,smooth,135.0,7.87,0,20.0
2023-01-03,SKU_00,bebidas,smooth,182.0,6.56,1,23.7
2023-01-04,SKU_00,bebidas,smooth,118.0,8.2,0,24.2
2023-01-05,SKU_00,bebidas,smooth,166.0,8.02,0,18.5
2023-01-06,SKU_00,bebidas,smooth,100.0,6.63,1,19.9
2023-01-07,SKU_00,bebidas,smooth,133.0,8.16,0,22.8
2023-01-08,SKU_00,bebidas,smooth,187.0,6.69,1,22.0
2023-01-09,SKU_00,bebidas,smooth,198.0,7.72,0,22.7
2023-01-10,SKU_00,bebidas,smooth,136.0,8.2,0,21.2
2023-01-11,SKU_00,bebidas,smooth,170.0,7.89,0,24.7
2023-01-12,SKU_00,bebidas,smooth,113.0,7.92,0,24.6
2023-01-13,SKU_00,bebidas,smooth,63.0,8.01,0,23.3
2023-01-14,SKU_00,bebidas,smooth,91.0,8.23,0,25.5
2023-01-15,SKU_00,bebidas,smooth,249.0,6.8,1,24.3
2023-01-16,SKU_00,bebidas,smooth,129.0,7.76,0,21.8
2023-01-17,SKU_00,bebidas,smooth,99.0,8.11,0,24.3
2023-01-18,SKU_00,bebidas,smooth,92.0,7.9,0,21.8
2023-01-19,SKU_00,bebidas,smooth,98.0,8.38,0,25.6
2023-01-20,SKU_00,bebidas,smooth,52.0,8.0,0,23.8
2023-01-21,SKU_00,bebidas,smooth,82.0,7.55,0,23.6
2023-01-22,SKU_00,bebidas,smooth,175.0,8.07,0,22.7
2023-01-23,SKU_00,bebidas,smooth,143.0,8.39,0,26.7
2023-01-24,SKU_00,bebidas,smooth,78.0,8.32,0,24.0
2023-01-25,SKU_00,bebidas,smooth,130.0,8.37,0,23.6
2023-01-26,SKU_00,bebidas,smooth,132.0,7.8,0,23.8
2023-01-27,SKU_00,bebidas,smooth,141.0,8.18,0,25.7
2023-01-28,SKU_00,bebidas,smooth,59.0,7.86,0,25.5
2023-01-29,SKU_00,bebidas,smooth,130.0,8.04,0,25.6
2023-01-30,SKU_00,bebidas,smooth,219.0,7.75,0,25.8
2023-01-31,SKU_00,bebidas,smooth,173.0,7.87,0,29.3
2023-02-01,SKU_00,bebidas,smooth,0.0,7.86,0,24.3
2023-02-02,SKU_00,bebidas,smooth,145.0,8.18,0,24.2
2023-02-03,SKU_00,bebidas,smooth,130.0,6.96,1,23.7
2023-02-04,SKU_00,bebidas,smooth,155.0,6.86,1,26.7
2023-02-05,SKU_00,bebidas,smooth,124.0,7.73,0,27.8
2023-02-06,SKU_00,bebidas,smooth,261.0,6.74,1,25.4
2023-02-07,SKU_00,bebidas,smooth,101.0,7.85,0,24.1
2023-02-08,SKU_00,bebidas,smooth,155.0,8.17,0,24.2
2023-02-09,SKU_00,bebidas,smooth,159.0,8.24,0,27.2
2023-02-10,SKU_00,bebidas,smooth,77.0,8.21,0,27.5
2023-02-11,SKU_00,bebidas,smooth,90.0,7.85,0,27.2
2023-02-12,SKU_00,bebidas,smooth,125.0,7.45,0,24.9
2023-02-13,SKU_00,bebidas,smooth,116.0,7.65,0,26.8
2023-02-14,SKU_00,bebidas,smooth,139.0,8.28,0,26.6
2023-02-15,SKU_00,bebidas,smooth,117.0,7.92,0,26.9
2023-02-16,SKU_00,bebidas,smooth,170.0,7.85,0,28.3
2023-02-17,SKU_00,bebidas,smooth,68.0,8.33,0,27.1
2023-02-18,SKU_00,bebidas,smooth,111.0,8.25,0,28.1
2023-02-19,SKU_00,bebidas,smooth,116.0,8.0,0,27.0
2023-02-20,SKU_00,bebidas,smooth,198.0,6.74,1,27.5
2023-02-21,SKU_00,bebidas,smooth,197.0,6.77,1,28.3
2023-02-22,SKU_00,bebidas,smooth,203.0,8.05,0,24.2
2023-02-23,SKU_00,bebidas,smooth,168.0,8.32,0,26.6
2023-02-24,SKU_00,bebidas,smooth,86.0,8.08,0,26.4
2023-02-25,SKU_00,bebidas,smooth,102.0,8.15,0,26.1
2023-02-26,SKU_00,bebidas,smooth,93.0,8.23,0,26.9
2023-02-27,SKU_00,bebidas,smooth,165.0,7.77,0,30.6
2023-02-28,SKU_00,bebidas,smooth,251.0,8.15,0,25.9
2023-03-01,SKU_00,bebidas,smooth,171.0,7.94,0,29.7
2023-03-02,SKU_00,bebidas,smooth,221.0,6.3,1,24.4
2023-03-03,SKU_00,bebidas,smooth,107.0,7.57,0,27.2
2023-03-04,SKU_00,bebidas,smooth,119.0,7.8,0,28.3
2023-03-05,SKU_00,bebidas,smooth,101.0,8.11,0,29.2
2023-03-06,SKU_00,bebidas,smooth,109.0,8.02,0,29.5
2023-03-07,SKU_00,bebidas,smooth,254.0,6.84,1,29.8
2023-03-08,SKU_00,bebidas,smooth,134.0,8.39,0,27.6
2023-03-09,SKU_00,bebidas,smooth,222.0,7.75,0,27.4
2023-03-10,SKU_00,bebidas,smooth,92.0,7.99,0,30.1
2023-03-11,SKU_00,bebidas,smooth,60.0,8.06,0,28.1
2023-03-12,SKU_00,bebidas,smooth,115.0,7.85,0,26.0
2023-03-13,SKU_00,bebidas,smooth,80.0,8.01,0,26.3
2023-03-14,SKU_00,bebidas,smooth,150.0,7.68,0,26.8
2023-03-15,SKU_00,bebidas,smooth,161.0,8.28,0,29.7
2023-03-16,SKU_00,bebidas,smooth,150.0,7.86,0,29.1
2023-03-17,SKU_00,bebidas,smooth,131.0,8.41,0,30.3
2023-03-18,SKU_00,bebidas,smooth,130.0,7.99,0,28.1
2023-03-19,SKU_00,bebidas,smooth,161.0,8.21,0,29.3
2023-03-20,SKU_00,bebidas,smooth,100.0,7.99,0,30.3
2023-03-21,SKU_00,bebidas,smooth,192.0,7.99,0,28.5
2023-03-22,SKU_00,bebidas,smooth,0.0,6.68,1,30.1
2023-03-23,SKU_00,bebidas,smooth,177.0,8.02,0,27.9
2023-03-24,SKU_00,bebidas,smooth,125.0,8.06,0,28.5
2023-03-25,SKU_00,bebidas,smooth,73.0,7.84,0,28.5
2023-03-26,SKU_00,bebidas,smooth,264.0,7.97,0,27.0
2023-03-27,SKU_00,bebidas,smooth,136.0,7.88,0,30.4
2023-03-28,SKU_00,bebidas,smooth,200.0,8.46,0,28.5
2023-03-29,SKU_00,bebidas,smooth,112.0,7.98,0,29.5
2023-03-30,SKU_00,bebidas,smooth,137.0,8.31,0,30.5
2023-03-31,SKU_00,bebidas,smooth,148.0,7.96,0,30.5
2023-04-01,SKU_00,bebidas,smooth,97.0,8.05,0,30.9
2023-04-02,SKU_00,bebidas,smooth,209.0,7.74,0,29.4
2023-04-03,SKU_00,bebidas,smooth,178.0,7.91,0,28.8
2023-04-04,SKU_00,bebidas,smooth,166.0,8.04,0,29.5
2023-04-05,SKU_00,bebidas,smooth,225.0,8.32,0,26.4
2023-04-06,SKU_00,bebidas,smooth,0.0,8.04,0,26.9
2023-04-07,SKU_00,bebidas,smooth,62.0,8.28,0,27.1
2023-04-08,SKU_00,bebidas,smooth,80.0,8.13,0,27.8
2023-04-09,SKU_00,bebidas,smooth,199.0,8.33,0,30.6
2023-04-10,SKU_00,bebidas,smooth,183.0,7.99,0,28.1
2023-04-11,SKU_00,bebidas,smooth,115.0,8.48,0,29.1
2023-04-12,SKU_00,bebidas,smooth,150.0,7.9,0,32.5
2023-04-13,SKU_00,bebidas,smooth,147.0,7.85,0,29.2
2023-04-14,SKU_00,bebidas,smooth,95.0,7.76,0,31.4
2023-04-15,SKU_00,bebidas,smooth,69.0,8.47,0,28.1
2023-04-16,SKU_00,bebidas,smooth,146.0,8.16,0,29.6
2023-04-17,SKU_00,bebidas,smooth,139.0,7.93,0,28.1
2023-04-18,SKU_00,bebidas,smooth,205.0,8.25,0,29.3
2023-04-19,SKU_00,bebidas,smooth,215.0,8.14,0,31.7
2023-04-20,SKU_00,bebidas,smooth,155.0,8.39,0,26.5
2023-04-21,SKU_00,bebidas,smooth,93.0,7.69,0,30.9
2023-04-22,SKU_00,bebidas,smooth,153.0,6.75,1,30.5
2023-04-23,SKU_00,bebidas,smooth,137.0,7.91,0,28.8
2023-04-24,SKU_00,bebidas,smooth,122.0,7.61,0,27.1
2023-04-25,SKU_00,bebidas,smooth,136.0,8.21,0,30.1
2023-04-26,SKU_00,bebidas,smooth,143.0,7.95,0,28.9
2023-04-27,SKU_00,bebidas,smooth,129.0,8.15,0,30.4
2023-04-28,SKU_00,bebidas,smooth,105.0,8.47,0,30.0
2023-04-29,SKU_00,bebidas,smooth,128.0,7.93,0,33.2
2023-04-30,SKU_00,bebidas,smooth,114.0,7.92,0,29.5
2023-05-01,SKU_00,bebidas,smooth,165.0,8.02,0,27.9
2023-05-02,SKU_00,bebidas,smooth,162.0,8.2,0,30.3
2023-05-03,SKU_00,bebidas,smooth,186.0,7.89,0,30.3
2023-05-04,SKU_00,bebidas,smooth,177.0,7.87,0,32.6
2023-05-05,SKU_00,bebidas,smooth,73.0,8.21,0,31.5
2023-05-06,SKU_00,bebidas,smooth,75.0,8.08,0,30.5
2023-05-07,SKU_00,bebidas,smooth,179.0,7.59,0,32.7
2023-05-08,SKU_00,bebidas,smooth,209.0,7.75,0,27.4
2023-05-09,SKU_00,bebidas,smooth,0.0,8.3,0,28.5
2023-05-10,SKU_00,bebidas,smooth,177.0,8.08,0,27.9
2023-05-11,SKU_00,bebidas,smooth,222.0,7.85,0,28.9
2023-05-12,SKU_00,bebidas,smooth,91.0,7.97,0,26.9
2023-05-13,SKU_00,bebidas,smooth,116.0,8.0,0,30.9
2023-05-14,SKU_00,bebidas,smooth,139.0,8.15,0,29.1
2023-05-15,SKU_00,bebidas,smooth,154.0,7.73,0,26.6
2023-05-16,SKU_00,bebidas,smooth,107.0,7.83,0,27.5
2023-05-17,SKU_00,bebidas,smooth,94.0,8.05,0,30.1
2023-05-18,SKU_00,bebidas,smooth,215.0,7.98,0,31.1
2023-05-19,SKU_00,bebidas,smooth,82.0,8.11,0,33.4
2023-05-20,SKU_00,bebidas,smooth,97.0,7.75,0,35.2
2023-05-21,SKU_00,bebidas,smooth,119.0,8.07,0,30.1
2023-05-22,SKU_00,bebidas,smooth,112.0,8.22,0,27.3
2023-05-23,SKU_00,bebidas,smooth,210.0,6.9,1,24.9
2023-05-24,SKU_00,bebidas,smooth,138.0,8.03,0,29.7
2023-05-25,SKU_00,bebidas,smooth,173.0,7.98,0,27.4
2023-05-26,SKU_00,bebidas,smooth,106.0,7.83,0,28.2
2023-05-27,SKU_00,bebidas,smooth,101.0,7.99,0,27.7
2023-05-28,SKU_00,bebidas,smooth,171.0,8.25,0,28.6
2023-05-29,SKU_00,bebidas,smooth,248.0,7.98,0,31.0
2023-05-30,SKU_00,bebidas,smooth,125.0,7.82,0,29.1
2023-05-31,SKU_00,bebidas,smooth,158.0,7.9,0,28.4
2023-06-01,SKU_00,bebidas,smooth,203.0,8.04,0,26.6
2023-06-02,SKU_00,bebidas,smooth,121.0,7.93,0,25.2
2023-06-03,SKU_00,bebidas,smooth,65.0,8.1,0,27.5
2023-06-04,SKU_00,bebidas,smooth,147.0,8.1,0,28.3
2023-06-05,SKU_00,bebidas,smooth,236.0,8.18,0,31.9
2023-06-06,SKU_00,bebidas,smooth,0.0,7.08,1,28.6
2023-06-07,SKU_00,bebidas,smooth,171.0,8.2,0,30.2
2023-06-08,SKU_00,bebidas,smooth,146.0,7.81,0,27.2
2023-06-09,SKU_00,bebidas,smooth,81.0,7.82,0,25.7
2023-06-10,SKU_00,bebidas,smooth,95.0,7.98,0,26.1
2023-06-11,SKU_00,bebidas,smooth,142.0,7.91,0,26.5
2023-06-12,SKU_00,bebidas,smooth,165.0,7.77,0,32.1
2023-06-13,SKU_00,bebidas,smooth,152.0,7.91,0,26.1
2023-06-14,SKU_00,bebidas,smooth,134.0,7.91,0,29.4
2023-06-15,SKU_00,bebidas,smooth,0.0,7.87,0,25.8
2023-06-16,SKU_00,bebidas,smooth,191.0,7.94,0,29.4
2023-06-17,SKU_00,bebidas,smooth,59.0,8.24,0,28.2
2023-06-18,SKU_00,bebidas,smooth,163.0,8.04,0,27.0
2023-06-19,SKU_00,bebidas,smooth,125.0,8.49,0,27.2
2023-06-20,SKU_00,bebidas,smooth,169.0,8.03,0,25.9
2023-06-21,SKU_00,bebidas,smooth,154.0,7.94,0,28.0
2023-06-22,SKU_00,bebidas,smooth,177.0,8.0,0,26.1
2023-06-23,SKU_00,bebidas,smooth,112.0,8.05,0,24.5
2023-06-24,SKU_00,bebidas,smooth,88.0,8.09,0,24.3
2023-06-25,SKU_00,bebidas,smooth,197.0,8.42,0,27.1
2023-06-26,SKU_00,bebidas,smooth,87.0,7.83,0,29.8
2023-06-27,SKU_00,bebidas,smooth,218.0,8.17,0,26.9
2023-06-28,SKU_00,bebidas,smooth,159.0,8.04,0,26.2
2023-06-29,SKU_00,bebidas,smooth,192.0,7.69,0,26.9
2023-06-30,SKU_00,bebidas,smooth,66.0,8.15,0,28.9
2023-07-01,SKU_00,bebidas,smooth,70.0,8.25,0,26.6
2023-07-02,SKU_00,bebidas,smooth,147.0,7.83,0,25.3
2023-07-03,SKU_00,bebidas,smooth,149.0,8.0,0,28.2
2023-07-04,SKU_00,bebidas,smooth,155.0,7.65,0,26.7
2023-07-05,SKU_00,bebidas,smooth,196.0,7.75,0,28.9
2023-07-06,SKU_00,bebidas,smooth,92.0,8.21,0,26.0
2023-07-07,SKU_00,bebidas,smooth,100.0,7.91,0,23.1
2023-07-08,SKU_00,bebidas,smooth,78.0,7.78,0,22.7
2023-07-09,SKU_00,bebidas,smooth,141.0,8.05,0,28.7
2023-07-10,SKU_00,bebidas,smooth,103.0,7.9,0,28.7
2023-07-11,SKU_00,bebidas,smooth,156.0,7.91,0,24.8
2023-07-12,SKU_00,bebidas,smooth,75.0,8.15,0,24.3
2023-07-13,SKU_00,bebidas,smooth,170.0,7.77,0,27.9
2023-07-14,SKU_00,bebidas,smooth,54.0,7.82,0,22.7
2023-07-15,SKU_00,bebidas,smooth,79.0,8.03,0,23.0
2023-07-16,SKU_00,bebidas,smooth,134.0,8.19,0,26.0
2023-07-17,SKU_00,bebidas,smooth,177.0,8.25,0,23.8
2023-07-18,SKU_00,bebidas,smooth,128.0,7.87,0,24.5
2023-07-19,SKU_00,bebidas,smooth,112.0,8.19,0,24.0
2023-07-20,SKU_00,bebidas,smooth,119.0,7.84,0,24.9
2023-07-21,SKU_00,bebidas,smooth,114.0,8.37,0,27.0
2023-07-22,SKU_00,bebidas,smooth,90.0,7.77,0,24.2
2023-07-23,SKU_00,bebidas,smooth,122.0,8.27,0,25.2
2023-07-24,SKU_00,bebidas,smooth,114.0,7.87,0,19.7
2023-07-25,SKU_00,bebidas,smooth,89.0,8.4,0,23.6
2023-07-26,SKU_00,bebidas,smooth,138.0,8.12,0,22.0
2023-07-27,SKU_00,bebidas,smooth,79.0,7.8,0,21.1
2023-07-28,SKU_00,bebidas,smooth,88.0,7.9,0,21.7
2023-07-29,SKU_00,bebidas,smooth,77.0,8.16,0,22.7
2023-07-30,SKU_00,bebidas,smooth,0.0,8.21,0,25.1
2023-07-31,SKU_00,bebidas,smooth,132.0,6.79,1,20.5
2023-08-01,SKU_00,bebidas,smooth,124.0,8.01,0,23.1
2023-08-02,SKU_00,bebidas,smooth,192.0,8.15,0,22.0
2023-08-03,SKU_00,bebidas,smooth,166.0,8.03,0,22.2
2023-08-04,SKU_00,bebidas,smooth,65.0,7.74,0,24.7
2023-08-05,SKU_00,bebidas,smooth,80.0,7.84,0,23.7
2023-08-06,SKU_00,bebidas,smooth,131.0,8.05,0,25.2
2023-08-07,SKU_00,bebidas,smooth,131.0,8.24,0,22.1
2023-08-08,SKU_00,bebidas,smooth,101.0,8.32,0,20.9
2023-08-09,SKU_00,bebidas,smooth,119.0,8.16,0,21.8
2023-08-10,SKU_00,bebidas,smooth,83.0,8.06,0,22.6
2023-08-11,SKU_00,bebidas,smooth,75.0,8.15,0,22.4
2023-08-12,SKU_00,bebidas,smooth,76.0,7.87,0,19.8
2023-08-13,SKU_00,bebidas,smooth,114.0,7.97,0,22.0
2023-08-14,SKU_00,bebidas,smooth,81.0,7.84,0,22.2
2023-08-15,SKU_00,bebidas,smooth,169.0,7.75,0,26.7
2023-08-16,SKU_00,bebidas,smooth,204.0,6.87,1,25.3
2023-08-17,SKU_00,bebidas,smooth,95.0,8.04,0,19.7
2023-08-18,SKU_00,bebidas,smooth,65.0,8.14,0,20.8
2023-08-19,SKU_00,bebidas,smooth,45.0,8.11,0,18.3
2023-08-20,SKU_00,bebidas,smooth,89.0,8.05,0,20.0
2023-08-21,SKU_00,bebidas,smooth,104.0,8.11,0,21.7
2023-08-22,SKU_00,bebidas,smooth,166.0,7.99,0,23.4
2023-08-23,SKU_00,bebidas,smooth,97.0,8.08,0,19.4
2023-08-24,SKU_00,bebidas,smooth,132.0,7.85,0,19.5
2023-08-25,SKU_00,bebidas,smooth,54.0,8.07,0,16.4
2023-08-26,SKU_00,bebidas,smooth,104.0,6.93,1,20.3
2023-08-27,SKU_00,bebidas,smooth,106.0,7.87,0,18.4
2023-08-28,SKU_00,bebidas,smooth,138.0,8.01,0,19.4
2023-08-29,SKU_00,bebidas,smooth,140.0,6.68,1,18.6
2023-08-30,SKU_00,bebidas,smooth,77.0,7.89,0,20.1
2023-08-31,SKU_00,bebidas,smooth,74.0,7.78,0,16.7
2023-09-01,SKU_00,bebidas,smooth,55.0,8.25,0,17.2
2023-09-02,SKU_00,bebidas,smooth,53.0,8.21,0,24.3
2023-09-03,SKU_00,bebidas,smooth,117.0,8.11,0,17.4
2023-09-04,SKU_00,bebidas,smooth,96.0,8.39,0,17.7
2023-09-05,SKU_00,bebidas,smooth,217.0,7.96,0,23.5
2023-09-06,SKU_00,bebidas,smooth,82.0,8.61,0,25.6
2023-09-07,SKU_00,bebidas,smooth,111.0,7.95,0,17.4
2023-09-08,SKU_00,bebidas,smooth,49.0,8.05,0,18.9
2023-09-09,SKU_00,bebidas,smooth,59.0,7.92,0,20.2
2023-09-10,SKU_00,bebidas,smooth,124.0,8.07,0,22.9
2023-09-11,SKU_00,bebidas,smooth,59.0,8.17,0,17.4
2023-09-12,SKU_00,bebidas,smooth,115.0,7.98,0,18.9
2023-09-13,SKU_00,bebidas,smooth,181.0,8.36,0,20.8
2023-09-14,SKU_00,bebidas,smooth,100.0,8.05,0,20.1
2023-09-15,SKU_00,bebidas,smooth,68.0,8.05,0,18.4
2023-09-16,SKU_00,bebidas,smooth,120.0,6.62,1,18.8
2023-09-17,SKU_00,bebidas,smooth,98.0,8.08,0,16.3
2023-09-18,SKU_00,bebidas,smooth,94.0,7.97,0,18.5
2023-09-19,SKU_00,bebidas,smooth,61.0,7.88,0,18.4
2023-09-20,SKU_00,bebidas,smooth,128.0,7.84,0,19.3
2023-09-21,SKU_00,bebidas,smooth,103.0,8.53,0,17.7
2023-09-22,SKU_00,bebidas,smooth,51.0,7.95,0,19.7
2023-09-23,SKU_00,bebidas,smooth,69.0,7.71,0,20.7
2023-09-24,SKU_00,bebidas,smooth,94.0,7.86,0,19.0
2023-09-25,SKU_00,bebidas,smooth,96.0,7.99,0,19.3
2023-09-26,SKU_00,bebidas,smooth,125.0,8.11,0,18.7
2023-09-27,SKU_00,bebidas,smooth,78.0,8.11,0,18.5
2023-09-28,SKU_00,bebidas,smooth,135.0,8.14,0,17.1
2023-09-29,SKU_00,bebidas,smooth,46.0,7.87,0,19.1
2023-09-30,SKU_00,bebidas,smooth,54.0,8.07,0,18.2
2023-10-01,SKU_00,bebidas,smooth,189.0,7.82,0,22.6
2023-10-02,SKU_00,bebidas,smooth,151.0,7.88,0,21.5
2023-10-03,SKU_00,bebidas,smooth,112.0,7.82,0,19.1
2023-10-04,SKU_00,bebidas,smooth,82.0,7.76,0,16.8
2023-10-05,SKU_00,bebidas,smooth,89.0,8.21,0,16.0
2023-10-06,SKU_00,bebidas,smooth,68.0,8.14,0,20.6
2023-10-07,SKU_00,bebidas,smooth,65.0,8.2,0,18.7
2023-10-08,SKU_00,bebidas,smooth,107.0,8.01,0,19.1
2023-10-09,SKU_00,bebidas,smooth,98.0,8.16,0,14.7
2023-10-10,SKU_00,bebidas,smooth,106.0,7.65,0,20.0
2023-10-11,SKU_00,bebidas,smooth,77.0,8.17,0,19.0
2023-10-12,SKU_00,bebidas,smooth,130.0,6.84,1,15.9
2023-10-13,SKU_00,bebidas,smooth,78.0,8.13,0,17.1
2023-10-14,SKU_00,bebidas,smooth,46.0,8.08,0,18.6
2023-10-15,SKU_00,bebidas,smooth,103.0,7.8,0,18.1
2023-10-16,SKU_00,bebidas,smooth,87.0,7.7,0,17.4
2023-10-17,SKU_00,bebidas,smooth,111.0,7.86,0,17.8
2023-10-18,SKU_00,bebidas,smooth,97.0,8.11,0,17.5
2023-10-19,SKU_00,bebidas,smooth,156.0,8.14,0,18.3
2023-10-20,SKU_00,bebidas,smooth,77.0,7.73,0,20.9
2023-10-21,SKU_00,bebidas,smooth,41.0,7.8,0,12.9
2023-10-22,SKU_00,bebidas,smooth,126.0,7.86,0,17.5
2023-10-23,SKU_00,bebidas,smooth,91.0,7.93,0,18.4
2023-10-24,SKU_00,bebidas,smooth,96.0,7.73,0,18.6
2023-10-25,SKU_00,bebidas,smooth,115.0,7.72,0,17.3
2023-10-26,SKU_00,bebidas,smooth,89.0,7.84,0,14.5
2023-10-27,SKU_00,bebidas,smooth,81.0,8.02,0,18.7
2023-10-28,SKU_00,bebidas,smooth,58.0,7.76,0,21.5
2023-10-29,SKU_00,bebidas,smooth,88.0,7.98,0,15.0
2023-10-30,SKU_00,bebidas,smooth,97.0,8.21,0,19.8
2023-10-31,SKU_00,bebidas,smooth,95.0,7.74,0,17.4
2023-11-01,SKU_00,bebidas,smooth,145.0,7.96,0,18.0
2023-11-02,SKU_00,bebidas,smooth,123.0,8.2,0,16.0
2023-11-03,SKU_00,bebidas,smooth,98.0,7.92,0,17.5
2023-11-04,SKU_00,bebidas,smooth,122.0,7.89,0,20.8
2023-11-05,SKU_00,bebidas,smooth,129.0,7.03,1,19.3
2023-11-06,SKU_00,bebidas,smooth,122.0,7.94,0,21.7
2023-11-07,SKU_00,bebidas,smooth,89.0,8.22,0,20.6
2023-11-08,SKU_00,bebidas,smooth,95.0,8.09,0,19.1
2023-11-09,SKU_00,bebidas,smooth,104.0,7.93,0,21.8
2023-11-10,SKU_00,bebidas,smooth,53.0,8.1,0,19.2
2023-11-11,SKU_00,bebidas,smooth,53.0,8.06,0,20.0
2023-11-12,SKU_00,bebidas,smooth,108.0,8.2,0,17.8
2023-11-13,SKU_00,bebidas,smooth,85.0,7.89,0,18.6
2023-11-14,SKU_00,bebidas,smooth,136.0,8.01,0,17.1
2023-11-15,SKU_00,bebidas,smooth,96.0,7.99,0,20.5
2023-11-16,SKU_00,bebidas,smooth,218.0,8.14,0,16.2
2023-11-17,SKU_00,bebidas,smooth,63.0,7.79,0,20.2
2023-11-18,SKU_00,bebidas,smooth,69.0,8.2,0,18.3
2023-11-19,SKU_00,bebidas,smooth,89.0,8.09,0,21.0
2023-11-20,SKU_00,bebidas,smooth,184.0,7.74,0,20.2
2023-11-21,SKU_00,bebidas,smooth,167.0,8.24,0,22.4
2023-11-22,SKU_00,bebidas,smooth,131.0,8.45,0,20.3
2023-11-23,SKU_00,bebidas,smooth,79.0,8.2,0,15.8
2023-11-24,SKU_00,bebidas,smooth,74.0,8.29,0,18.8
2023-11-25,SKU_00,bebidas,smooth,50.0,8.02,0,16.7
2023-11-26,SKU_00,bebidas,smooth,168.0,7.67,0,18.0
2023-11-27,SKU_00,bebidas,smooth,156.0,7.63,0,22.2
2023-11-28,SKU_00,bebidas,smooth,127.0,8.05,0,20.5
2023-11-29,SKU_00,bebidas,smooth,64.0,7.88,0,17.9
2023-11-30,SKU_00,bebidas,smooth,91.0,7.82,0,17.3
2023-12-01,SKU_00,bebidas,smooth,86.0,7.99,0,19.4
2023-12-02,SKU_00,bebidas,smooth,92.0,8.12,0,17.0
2023-12-03,SKU_00,bebidas,smooth,157.0,7.71,0,18.2
2023-12-04,SKU_00,bebidas,smooth,84.0,7.91,0,20.2
2023-12-05,SKU_00,bebidas,smooth,140.0,8.3,0,22.0
2023-12-06,SKU_00,bebidas,smooth,0.0,7.78,0,20.9
2023-12-07,SKU_00,bebidas,smooth,109.0,6.97,1,15.2
2023-12-08,SKU_00,bebidas,smooth,75.0,7.9,0,20.5
2023-12-09,SKU_00,bebidas,smooth,80.0,8.11,0,20.1
2023-12-10,SKU_00,bebidas,smooth,120.0,8.22,0,20.9
2023-12-11,SKU_00,bebidas,smooth,86.0,8.15,0,23.3
2023-12-12,SKU_00,bebidas,smooth,108.0,8.18,0,16.1
2023-12-13,SKU_00,bebidas,smooth,116.0,7.77,0,19.1
2023-12-14,SKU_00,bebidas,smooth,128.0,8.22,0,21.5
2023-12-15,SKU_00,bebidas,smooth,62.0,7.83,0,17.3
2023-12-16,SKU_00,bebidas,smooth,73.0,8.05,0,23.5
2023-12-17,SKU_00,bebidas,smooth,132.0,8.05,0,21.3
2023-12-18,SKU_00,bebidas,smooth,152.0,8.1,0,22.4
2023-12-19,SKU_00,bebidas,smooth,120.0,8.07,0,19.6
2023-12-20,SKU_00,bebidas,smooth,124.0,7.83,0,22.5
2023-12-21,SKU_00,bebidas,smooth,143.0,7.73,0,23.1
2023-12-22,SKU_00,bebidas,smooth,72.0,6.97,1,21.5
2023-12-23,SKU_00,bebidas,smooth,91.0,8.04,0,21.6
2023-12-24,SKU_00,bebidas,smooth,137.0,8.23,0,21.8
2023-12-25,SKU_00,bebidas,smooth,132.0,7.99,0,19.6
2023-12-26,SKU_00,bebidas,smooth,173.0,7.72,0,21.1
2023-12-27,SKU_00,bebidas,smooth,84.0,8.19,0,21.2
2023-12-28,SKU_00,bebidas,smooth,86.0,7.93,0,22.4
2023-12-29,SKU_00,bebidas,smooth,92.0,8.07,0,23.7
2023-12-30,SKU_00,bebidas,smooth,79.0,7.87,0,19.7
2023-12-31,SKU_00,bebidas,smooth,146.0,8.33,0,21.6
2024-01-01,SKU_00,bebidas,smooth,134.0,7.82,0,24.9
2024-01-02,SKU_00,bebidas,smooth,162.0,7.93,0,20.6
2024-01-03,SKU_00,bebidas,smooth,173.0,8.02,0,20.5
2024-01-04,SKU_00,bebidas,smooth,163.0,7.78,0,22.7
2024-01-05,SKU_00,bebidas,smooth,82.0,8.07,0,24.1
2024-01-06,SKU_00,bebidas,smooth,51.0,8.32,0,22.5
2024-01-07,SKU_00,bebidas,smooth,185.0,7.9,0,25.2
2024-01-08,SKU_00,bebidas,smooth,204.0,8.08,0,24.4
2024-01-09,SKU_00,bebidas,smooth,178.0,7.45,0,24.5
2024-01-10,SKU_00,bebidas,smooth,121.0,7.99,0,24.0
2024-01-11,SKU_00,bebidas,smooth,191.0,7.94,0,27.6
2024-01-12,SKU_00,bebidas,smooth,108.0,7.84,0,22.7
2024-01-13,SKU_00,bebidas,smooth,119.0,8.22,0,19.2
2024-01-14,SKU_00,bebidas,smooth,188.0,6.73,1,26.5
2024-01-15,SKU_00,bebidas,smooth,140.0,7.96,0,22.5
2024-01-16,SKU_00,bebidas,smooth,183.0,7.92,0,23.7
2024-01-17,SKU_00,bebidas,smooth,163.0,7.62,0,26.2
2024-01-18,SKU_00,bebidas,smooth,109.0,7.77,0,20.5
2024-01-19,SKU_00,bebidas,smooth,96.0,8.19,0,21.3
2024-01-20,SKU_00,bebidas,smooth,99.0,7.58,0,20.7
2024-01-21,SKU_00,bebidas,smooth,154.0,7.85,0,22.4
2024-01-22,SKU_00,bebidas,smooth,168.0,7.92,0,25.0
2024-01-23,SKU_00,bebidas,smooth,150.0,8.35,0,25.3
2024-01-24,SKU_00,bebidas,smooth,229.0,8.15,0,24.9
2024-01-25,SKU_00,bebidas,smooth,120.0,7.89,0,21.6
2024-01-26,SKU_00,bebidas,smooth,74.0,8.26,0,19.9
2024-01-27,SKU_00,bebidas,smooth,95.0,7.85,0,24.7
2024-01-28,SKU_00,bebidas,smooth,195.0,8.2,0,23.8
2024-01-29,SKU_00,bebidas,smooth,114.0,7.73,0,25.7
2024-01-30,SKU_00,bebidas,smooth,121.0,8.21,0,26.3
2024-01-31,SKU_00,bebidas,smooth,143.0,6.72,1,25.3
2024-02-01,SKU_00,bebidas,smooth,246.0,6.59,1,26.6
2024-02-02,SKU_00,bebidas,smooth,108.0,6.76,1,25.7
2024-02-03,SKU_00,bebidas,smooth,90.0,8.06,0,26.4
2024-02-04,SKU_00,bebidas,smooth,189.0,7.9,0,24.0
2024-02-05,SKU_00,bebidas,smooth,205.0,6.91,1,25.2
2024-02-06,SKU_00,bebidas,smooth,178.0,7.88,0,26.0
2024-02-07,SKU_00,bebidas,smooth,160.0,8.12,0,27.4
2024-02-08,SKU_00,bebidas,smooth,195.0,8.09,0,25.0
2024-02-09,SKU_00,bebidas,smooth,115.0,7.99,0,27.0
2024-02-10,SKU_00,bebidas,smooth,84.0,7.91,0,25.5
2024-02-11,SKU_00,bebidas,smooth,163.0,8.03,0,25.9
2024-02-12,SKU_00,bebidas,smooth,229.0,8.11,0,27.9
2024-02-13,SKU_00,bebidas,smooth,175.0,8.41,0,22.3
2024-02-14,SKU_00,bebidas,smooth,117.0,8.19,0,23.8
2024-02-15,SKU_00,bebidas,smooth,193.0,8.2,0,23.5
2024-02-16,SKU_00,bebidas,smooth,72.0,8.62,0,21.9
2024-02-17,SKU_00,bebidas,smooth,142.0,8.1,0,25.3
2024-02-18,SKU_00,bebidas,smooth,232.0,8.1,0,28.3
2024-02-19,SKU_00,bebidas,smooth,187.0,8.14,0,26.3
2024-02-20,SKU_00,bebidas,smooth,185.0,7.8,0,27.4
2024-02-21,SKU_00,bebidas,smooth,175.0,7.91,0,29.2
2024-02-22,SKU_00,bebidas,smooth,220.0,7.9,0,29.8
2024-02-23,SKU_00,bebidas,smooth,96.0,8.13,0,27.1
2024-02-24,SKU_00,bebidas,smooth,118.0,7.97,0,30.0
2024-02-25,SKU_00,bebidas,smooth,0.0,8.03,0,27.6
2024-02-26,SKU_00,bebidas,smooth,152.0,8.22,0,25.8
2024-02-27,SKU_00,bebidas,smooth,152.0,8.17,0,26.4
2024-02-28,SKU_00,bebidas,smooth,128.0,7.97,0,24.7
2024-02-29,SKU_00,bebidas,smooth,135.0,7.87,0,26.0
2024-03-01,SKU_00,bebidas,smooth,68.0,8.23,0,27.1
2024-03-02,SKU_00,bebidas,smooth,133.0,8.15,0,29.5
2024-03-03,SKU_00,bebidas,smooth,305.0,7.68,0,31.4
2024-03-04,SKU_00,bebidas,smooth,248.0,7.94,0,25.3
2024-03-05,SKU_00,bebidas,smooth,125.0,8.03,0,28.9
2024-03-06,SKU_00,bebidas,smooth,213.0,8.16,0,26.1
2024-03-07,SKU_00,bebidas,smooth,268.0,8.18,0,29.2
2024-03-08,SKU_00,bebidas,smooth,98.0,8.06,0,28.1
2024-03-09,SKU_00,bebidas,smooth,106.0,8.12,0,24.8
2024-03-10,SKU_00,bebidas,smooth,117.0,8.01,0,30.3
2024-03-11,SKU_00,bebidas,smooth,196.0,7.87,0,27.3
2024-03-12,SKU_00,bebidas,smooth,142.0,7.95,0,27.5
2024-03-13,SKU_00,bebidas,smooth,189.0,8.0,0,26.5
2024-03-14,SKU_00,bebidas,smooth,125.0,7.99,0,27.4
2024-03-15,SKU_00,bebidas,smooth,129.0,7.62,0,29.7
2024-03-16,SKU_00,bebidas,smooth,143.0,7.92,0,28.5
2024-03-17,SKU_00,bebidas,smooth,158.0,8.01,0,29.6
2024-03-18,SKU_00,bebidas,smooth,145.0,7.94,0,29.7
2024-03-19,SKU_00,bebidas,smooth,118.0,7.95,0,31.7
2024-03-20,SKU_00,bebidas,smooth,256.0,6.9,1,28.4
2024-03-21,SKU_00,bebidas,smooth,227.0,6.58,1,26.2
2024-03-22,SKU_00,bebidas,smooth,80.0,7.67,0,31.3
2024-03-23,SKU_00,bebidas,smooth,125.0,7.93,0,28.6
2024-03-24,SKU_00,bebidas,smooth,179.0,8.15,0,31.5
2024-03-25,SKU_00,bebidas,smooth,150.0,8.34,0,30.1
2024-03-26,SKU_00,bebidas,smooth,167.0,8.16,0,29.1
2024-03-27,SKU_00,bebidas,smooth,254.0,7.71,0,30.1
2024-03-28,SKU_00,bebidas,smooth,240.0,7.95,0,33.4
2024-03-29,SKU_00,bebidas,smooth,120.0,8.05,0,33.7
2024-03-30,SKU_00,bebidas,smooth,134.0,8.04,0,29.7
2024-03-31,SKU_00,bebidas,smooth,147.0,8.11,0,29.9
2024-04-01,SKU_00,bebidas,smooth,204.0,7.82,0,31.8
2024-04-02,SKU_00,bebidas,smooth,196.0,8.01,0,28.0
2024-04-03,SKU_00,bebidas,smooth,175.0,8.08,0,30.4
2024-04-04,SKU_00,bebidas,smooth,314.0,6.97,1,29.7
2024-04-05,SKU_00,bebidas,smooth,139.0,6.64,1,30.4
2024-04-06,SKU_00,bebidas,smooth,127.0,7.93,0,28.1
2024-04-07,SKU_00,bebidas,smooth,211.0,7.46,0,26.6
2024-04-08,SKU_00,bebidas,smooth,0.0,7.88,0,25.7
2024-04-09,SKU_00,bebidas,smooth,251.0,7.9,0,27.6
2024-04-10,SKU_00,bebidas,smooth,90.0,7.8,0,29.0
2024-04-11,SKU_00,bebidas,smooth,166.0,8.03,0,29.3
2024-04-12,SKU_00,bebidas,smooth,159.0,7.99,0,33.8
2024-04-13,SKU_00,bebidas,smooth,111.0,7.55,0,32.2
2024-04-14,SKU_00,bebidas,smooth,191.0,6.84,1,28.0
2024-04-15,SKU_00,bebidas,smooth,151.0,7.81,0,30.7
2024-04-16,SKU_00,bebidas,smooth,248.0,8.1,0,29.2
2024-04-17,SKU_00,bebidas,smooth,121.0,7.74,0,29.4
2024-04-18,SKU_00,bebidas,smooth,260.0,8.01,0,30.4
2024-04-19,SKU_00,bebidas,smooth,117.0,7.94,0,31.2
2024-04-20,SKU_00,bebidas,smooth,85.0,8.06,0,29.3
2024-04-21,SKU_00,bebidas,smooth,176.0,8.02,0,32.1
2024-04-22,SKU_00,bebidas,smooth,145.0,7.95,0,27.7
2024-04-23,SKU_00,bebidas,smooth,241.0,7.69,0,30.0
2024-04-24,SKU_00,bebidas,smooth,255.0,7.7,0,35.2
2024-04-25,SKU_00,bebidas,smooth,129.0,7.88,0,30.4
2024-04-26,SKU_00,bebidas,smooth,110.0,8.0,0,32.8
2024-04-27,SKU_00,bebidas,smooth,93.0,7.88,0,30.2
2024-04-28,SKU_00,bebidas,smooth,395.0,6.93,1,31.1
2024-04-29,SKU_00,bebidas,smooth,139.0,7.94,0,29.8
2024-04-30,SKU_00,bebidas,smooth,286.0,7.81,0,29.6
2024-05-01,SKU_00,bebidas,smooth,187.0,7.94,0,28.4
2024-05-02,SKU_00,bebidas,smooth,0.0,8.05,0,30.8
2024-05-03,SKU_00,bebidas,smooth,93.0,8.06,0,28.2
2024-05-04,SKU_00,bebidas,smooth,96.0,8.38,0,31.2
2024-05-05,SKU_00,bebidas,smooth,146.0,7.87,0,32.0
2024-05-06,SKU_00,bebidas,smooth,199.0,7.99,0,30.5
2024-05-07,SKU_00,bebidas,smooth,140.0,8.09,0,29.2
2024-05-08,SKU_00,bebidas,smooth,114.0,8.0,0,30.7
2024-05-09,SKU_00,bebidas,smooth,172.0,7.9,0,29.1
2024-05-10,SKU_00,bebidas,smooth,75.0,7.69,0,31.6
2024-05-11,SKU_00,bebidas,smooth,88.0,7.9,0,26.0
2024-05-12,SKU_00,bebidas,smooth,151.0,7.79,0,29.0
2024-05-13,SKU_00,bebidas,smooth,143.0,7.65,0,25.6
2024-05-14,SKU_00,bebidas,smooth,294.0,7.84,0,26.6
2024-05-15,SKU_00,bebidas,smooth,293.0,6.59,1,32.2
2024-05-16,SKU_00,bebidas,smooth,208.0,8.12,0,31.3
2024-05-17,SKU_00,bebidas,smooth,70.0,8.12,0,28.0
2024-05-18,SKU_00,bebidas,smooth,89.0,7.82,0,26.4
2024-05-19,SKU_00,bebidas,smooth,177.0,7.95,0,23.4
2024-05-20,SKU_00,bebidas,smooth,143.0,7.63,0,28.2
2024-05-21,SKU_00,bebidas,smooth,254.0,7.9,0,34.1
2024-05-22,SKU_00,bebidas,smooth,141.0,8.08,0,30.0
2024-05-23,SKU_00,bebidas,smooth,170.0,8.16,0,28.0
2024-05-24,SKU_00,bebidas,smooth,96.0,7.86,0,30.0
2024-05-25,SKU_00,bebidas,smooth,107.0,8.21,0,25.9
2024-05-26,SKU_00,bebidas,smooth,156.0,7.7,0,28.4
2024-05-27,SKU_00,bebidas,smooth,173.0,7.75,0,29.1
2024-05-28,SKU_00,bebidas,smooth,173.0,8.14,0,28.7
2024-05-29,SKU_00,bebidas,smooth,157.0,8.33,0,30.4
2024-05-30,SKU_00,bebidas,smooth,209.0,8.1,0,29.4
2024-05-31,SKU_00,bebidas,smooth,117.0,7.99,0,30.0
2024-06-01,SKU_00,bebidas,smooth,102.0,7.56,0,27.2
2024-06-02,SKU_00,bebidas,smooth,168.0,7.6,0,30.3
2024-06-03,SKU_00,bebidas,smooth,232.0,8.03,0,31.7
2024-06-04,SKU_00,bebidas,smooth,164.0,7.93,0,26.4
2024-06-05,SKU_00,bebidas,smooth,161.0,7.78,0,26.5
2024-06-06,SKU_00,bebidas,smooth,193.0,8.01,0,30.9
2024-06-07,SKU_00,bebidas,smooth,158.0,8.02,0,27.8
2024-06-08,SKU_00,bebidas,smooth,80.0,8.19,0,30.9
2024-06-09,SKU_00,bebidas,smooth,211.0,8.03,0,27.1
2024-06-10,SKU_00,bebidas,smooth,117.0,8.25,0,30.8
2024-06-11,SKU_00,bebidas,smooth,186.0,8.0,0,28.1
2024-06-12,SKU_00,bebidas,smooth,261.0,7.98,0,28.3
2024-06-13,SKU_00,bebidas,smooth,208.0,8.21,0,30.8
2024-06-14,SKU_00,bebidas,smooth,106.0,7.8,0,26.9
2024-06-15,SKU_00,bebidas,smooth,86.0,8.56,0,25.6
2024-06-16,SKU_00,bebidas,smooth,172.0,8.08,0,26.5
2024-06-17,SKU_00,bebidas,smooth,164.0,8.08,0,28.3
2024-06-18,SKU_00,bebidas,smooth,133.0,8.11,0,24.1
2024-06-19,SKU_00,bebidas,smooth,163.0,8.38,0,28.5
2024-06-20,SKU_00,bebidas,smooth,175.0,8.16,0,26.0
2024-06-21,SKU_00,bebidas,smooth,86.0,7.68,0,29.3
2024-06-22,SKU_00,bebidas,smooth,74.0,8.28,0,22.1
2024-06-23,SKU_00,bebidas,smooth,0.0,7.93,0,25.3
2024-06-24,SKU_00,bebidas,smooth,173.0,8.02,0,23.4
2024-06-25,SKU_00,bebidas,smooth,185.0,7.74,0,25.0
2024-06-26,SKU_00,bebidas,smooth,177.0,8.11,0,27.0
2024-06-27,SKU_00,bebidas,smooth,209.0,7.87,0,26.1
2024-06-28,SKU_00,bebidas,smooth,99.0,8.02,0,25.9
2024-06-29,SKU_00,bebidas,smooth,106.0,7.94,0,25.9
2024-06-30,SKU_00,bebidas,smooth,178.0,8.39,0,26.6
2024-07-01,SKU_00,bebidas,smooth,153.0,8.4,0,24.1
2024-07-02,SKU_00,bebidas,smooth,212.0,6.81,1,27.4
2024-07-03,SKU_00,bebidas,smooth,286.0,8.01,0,27.2
2024-07-04,SKU_00,bebidas,smooth,146.0,7.93,0,26.6
2024-07-05,SKU_00,bebidas,smooth,83.0,8.22,0,26.8
2024-07-06,SKU_00,bebidas,smooth,107.0,7.93,0,26.2
2024-07-07,SKU_00,bebidas,smooth,265.0,6.72,1,29.6
2024-07-08,SKU_00,bebidas,smooth,162.0,7.0,1,25.2
2024-07-09,SKU_00,bebidas,smooth,205.0,7.89,0,24.7
2024-07-10,SKU_00,bebidas,smooth,149.0,7.99,0,23.7
2024-07-11,SKU_00,bebidas,smooth,165.0,6.48,1,23.0
2024-07-12,SKU_00,bebidas,smooth,118.0,8.14,0,22.5
2024-07-13,SKU_00,bebidas,smooth,103.0,8.39,0,23.1
2024-07-14,SKU_00,bebidas,smooth,113.0,8.14,0,24.6
2024-07-15,SKU_00,bebidas,smooth,241.0,8.29,0,25.3
2024-07-16,SKU_00,bebidas,smooth,262.0,6.63,1,24.7
2024-07-17,SKU_00,bebidas,smooth,0.0,8.05,0,22.9
2024-07-18,SKU_00,bebidas,smooth,232.0,7.81,0,26.2
2024-07-19,SKU_00,bebidas,smooth,95.0,7.95,0,25.7
2024-07-20,SKU_00,bebidas,smooth,88.0,8.15,0,23.8
2024-07-21,SKU_00,bebidas,smooth,124.0,8.02,0,22.7
2024-07-22,SKU_00,bebidas,smooth,176.0,7.72,0,25.0
2024-07-23,SKU_00,bebidas,smooth,168.0,7.74,0,24.2
2024-07-24,SKU_00,bebidas,smooth,0.0,7.72,0,20.8
2024-07-25,SKU_00,bebidas,smooth,121.0,8.1,0,23.5
2024-07-26,SKU_00,bebidas,smooth,90.0,8.41,0,24.1
2024-07-27,SKU_00,bebidas,smooth,82.0,8.27,0,21.6
2024-07-28,SKU_00,bebidas,smooth,106.0,7.62,0,23.7
2024-07-29,SKU_00,bebidas,smooth,95.0,8.28,0,20.3
2024-07-30,SKU_00,bebidas,smooth,174.0,8.19,0,25.8
2024-07-31,SKU_00,bebidas,smooth,79.0,7.69,0,25.5
2024-08-01,SKU_00,bebidas,smooth,148.0,7.94,0,22.4
2024-08-02,SKU_00,bebidas,smooth,75.0,8.22,0,23.5
2024-08-03,SKU_00,bebidas,smooth,104.0,8.11,0,17.9
2024-08-04,SKU_00,bebidas,smooth,119.0,7.74,0,20.3
2024-08-05,SKU_00,bebidas,smooth,163.0,8.12,0,21.9
2024-08-06,SKU_00,bebidas,smooth,121.0,7.57,0,20.3
2024-08-07,SKU_00,bebidas,smooth,148.0,7.96,0,23.7
2024-08-08,SKU_00,bebidas,smooth,180.0,8.23,0,26.2
2024-08-09,SKU_00,bebidas,smooth,70.0,8.0,0,19.8
2024-08-10,SKU_00,bebidas,smooth,100.0,7.9,0,20.3
2024-08-11,SKU_00,bebidas,smooth,109.0,8.18,0,22.4
2024-08-12,SKU_00,bebidas,smooth,157.0,8.19,0,25.1
2024-08-13,SKU_00,bebidas,smooth,162.0,8.26,0,19.3
2024-08-14,SKU_00,bebidas,smooth,161.0,8.17,0,22.1
2024-08-15,SKU_00,bebidas,smooth,233.0,8.22,0,25.2
2024-08-16,SKU_00,bebidas,smooth,61.0,8.15,0,18.1
2024-08-17,SKU_00,bebidas,smooth,0.0,8.05,0,18.8
2024-08-18,SKU_00,bebidas,smooth,150.0,6.82,1,20.4
2024-08-19,SKU_00,bebidas,smooth,153.0,7.95,0,20.1
2024-08-20,SKU_00,bebidas,smooth,155.0,7.76,0,22.7
2024-08-21,SKU_00,bebidas,smooth,137.0,7.81,0,21.5
2024-08-22,SKU_00,bebidas,smooth,92.0,7.94,0,17.4
2024-08-23,SKU_00,bebidas,smooth,96.0,8.05,0,21.8
2024-08-24,SKU_00,bebidas,smooth,56.0,8.29,0,19.6
2024-08-25,SKU_00,bebidas,smooth,183.0,7.99,0,23.2
2024-08-26,SKU_00,bebidas,smooth,371.0,7.0,1,19.3
2024-08-27,SKU_00,bebidas,smooth,138.0,8.22,0,19.2
2024-08-28,SKU_00,bebidas,smooth,153.0,7.95,0,21.5
2024-08-29,SKU_00,bebidas,smooth,118.0,8.12,0,21.8
2024-08-30,SKU_00,bebidas,smooth,50.0,7.95,0,21.1
2024-08-31,SKU_00,bebidas,smooth,61.0,8.26,0,16.8
2024-09-01,SKU_00,bebidas,smooth,100.0,8.13,0,21.1
2024-09-02,SKU_00,bebidas,smooth,85.0,7.76,0,17.9
2024-09-03,SKU_00,bebidas,smooth,196.0,8.03,0,20.4
2024-09-04,SKU_00,bebidas,smooth,128.0,8.33,0,17.0
2024-09-05,SKU_00,bebidas,smooth,141.0,7.96,0,20.7
2024-09-06,SKU_00,bebidas,smooth,66.0,8.09,0,18.1
2024-09-07,SKU_00,bebidas,smooth,67.0,8.11,0,17.1
2024-09-08,SKU_00,bebidas,smooth,164.0,7.79,0,21.0
2024-09-09,SKU_00,bebidas,smooth,125.0,8.1,0,20.0
2024-09-10,SKU_00,bebidas,smooth,138.0,7.72,0,18.2
2024-09-11,SKU_00,bebidas,smooth,127.0,7.87,0,22.3
2024-09-12,SKU_00,bebidas,smooth,112.0,8.22,0,18.4
2024-09-13,SKU_00,bebidas,smooth,75.0,6.87,1,19.3
2024-09-14,SKU_00,bebidas,smooth,46.0,7.94,0,19.7
2024-09-15,SKU_00,bebidas,smooth,113.0,8.09,0,17.9
2024-09-16,SKU_00,bebidas,smooth,128.0,7.99,0,20.0
2024-09-17,SKU_00,bebidas,smooth,128.0,6.8,1,17.9
2024-09-18,SKU_00,bebidas,smooth,120.0,8.13,0,18.1
2024-09-19,SKU_00,bebidas,smooth,132.0,7.85,0,21.6
2024-09-20,SKU_00,bebidas,smooth,40.0,8.01,0,16.7
2024-09-21,SKU_00,bebidas,smooth,74.0,6.74,1,13.9
2024-09-22,SKU_00,bebidas,smooth,145.0,7.68,0,21.9
2024-09-23,SKU_00,bebidas,smooth,150.0,7.82,0,23.8
2024-09-24,SKU_00,bebidas,smooth,90.0,8.31,0,17.8
2024-09-25,SKU_00,bebidas,smooth,168.0,6.88,1,14.7
2024-09-26,SKU_00,bebidas,smooth,155.0,7.74,0,17.9
2024-09-27,SKU_00,bebidas,smooth,86.0,7.69,0,17.9
2024-09-28,SKU_00,bebidas,smooth,70.0,7.98,0,18.1
2024-09-29,SKU_00,bebidas,smooth,103.0,8.31,0,16.2
2024-09-30,SKU_00,bebidas,smooth,107.0,7.96,0,19.5
2024-10-01,SKU_00,bebidas,smooth,139.0,8.26,0,19.4
2024-10-02,SKU_00,bebidas,smooth,118.0,8.07,0,15.3
2024-10-03,SKU_00,bebidas,smooth,212.0,6.89,1,19.7
2024-10-04,SKU_00,bebidas,smooth,81.0,7.73,0,22.4
2024-10-05,SKU_00,bebidas,smooth,88.0,8.19,0,18.6
2024-10-06,SKU_00,bebidas,smooth,122.0,7.93,0,17.5
2024-10-07,SKU_00,bebidas,smooth,146.0,8.17,0,17.9
2024-10-08,SKU_00,bebidas,smooth,155.0,7.84,0,19.4
2024-10-09,SKU_00,bebidas,smooth,92.0,8.04,0,14.7
2024-10-10,SKU_00,bebidas,smooth,78.0,8.07,0,18.4
2024-10-11,SKU_00,bebidas,smooth,103.0,7.97,0,17.3
2024-10-12,SKU_00,bebidas,smooth,83.0,8.08,0,21.8
2024-10-13,SKU_00,bebidas,smooth,79.0,7.95,0,17.7
2024-10-14,SKU_00,bebidas,smooth,110.0,7.87,0,21.4
2024-10-15,SKU_00,bebidas,smooth,140.0,8.32,0,15.8
2024-10-16,SKU_00,bebidas,smooth,117.0,8.21,0,19.2
2024-10-17,SKU_00,bebidas,smooth,109.0,7.85,0,18.7
2024-10-18,SKU_00,bebidas,smooth,98.0,8.11,0,16.3
2024-10-19,SKU_00,bebidas,smooth,56.0,7.85,0,18.4
2024-10-20,SKU_00,bebidas,smooth,106.0,7.76,0,20.4
2024-10-21,SKU_00,bebidas,smooth,127.0,8.21,0,17.4
2024-10-22,SKU_00,bebidas,smooth,125.0,7.66,0,14.6
2024-10-23,SKU_00,bebidas,smooth,0.0,8.19,0,18.0
2024-10-24,SKU_00,bebidas,smooth,148.0,7.95,0,16.2
2024-10-25,SKU_00,bebidas,smooth,76.0,7.96,0,17.3
2024-10-26,SKU_00,bebidas,smooth,0.0,8.08,0,17.9
2024-10-27,SKU_00,bebidas,smooth,107.0,8.12,0,14.6
2024-10-28,SKU_00,bebidas,smooth,117.0,7.83,0,14.8
2024-10-29,SKU_00,bebidas,smooth,188.0,6.94,1,19.0
2024-10-30,SKU_00,bebidas,smooth,129.0,8.02,0,17.0
2024-10-31,SKU_00,bebidas,smooth,134.0,7.75,0,13.0
2024-11-01,SKU_00,bebidas,smooth,88.0,7.97,0,19.7
2024-11-02,SKU_00,bebidas,smooth,76.0,8.28,0,18.7
2024-11-03,SKU_00,bebidas,smooth,144.0,7.14,1,16.7
2024-11-04,SKU_00,bebidas,smooth,0.0,8.14,0,15.5
2024-11-05,SKU_00,bebidas,smooth,131.0,7.76,0,19.9
2024-11-06,SKU_00,bebidas,smooth,135.0,8.1,0,18.9
2024-11-07,SKU_00,bebidas,smooth,242.0,8.17,0,23.0
2024-11-08,SKU_00,bebidas,smooth,67.0,8.15,0,19.1
2024-11-09,SKU_00,bebidas,smooth,85.0,8.16,0,19.1
2024-11-10,SKU_00,bebidas,smooth,165.0,8.07,0,18.0
2024-11-11,SKU_00,bebidas,smooth,137.0,7.99,0,20.0
2024-11-12,SKU_00,bebidas,smooth,341.0,6.68,1,19.7
2024-11-13,SKU_00,bebidas,smooth,124.0,7.62,0,21.0
2024-11-14,SKU_00,bebidas,smooth,198.0,6.87,1,17.5
2024-11-15,SKU_00,bebidas,smooth,62.0,8.04,0,17.7
2024-11-16,SKU_00,bebidas,smooth,69.0,8.11,0,17.6
2024-11-17,SKU_00,bebidas,smooth,145.0,7.73,0,20.2
2024-11-18,SKU_00,bebidas,smooth,173.0,8.13,0,21.7
2024-11-19,SKU_00,bebidas,smooth,140.0,8.41,0,17.8
2024-11-20,SKU_00,bebidas,smooth,177.0,8.02,0,17.9
2024-11-21,SKU_00,bebidas,smooth,0.0,7.99,0,19.5
2024-11-22,SKU_00,bebidas,smooth,72.0,8.06,0,18.4
2024-11-23,SKU_00,bebidas,smooth,161.0,8.41,0,20.9
2024-11-24,SKU_00,bebidas,smooth,133.0,7.8,0,14.5
2024-11-25,SKU_00,bebidas,smooth,109.0,8.04,0,17.4
2024-11-26,SKU_00,bebidas,smooth,110.0,7.84,0,17.6
2024-11-27,SKU_00,bebidas,smooth,97.0,7.89,0,14.6
2024-11-28,SKU_00,bebidas,smooth,165.0,7.99,0,17.3
2024-11-29,SKU_00,bebidas,smooth,71.0,8.27,0,17.5
2024-11-30,SKU_00,bebidas,smooth,83.0,8.36,0,19.0
2024-12-01,SKU_00,bebidas,smooth,142.0,8.09,0,21.7
2024-12-02,SKU_00,bebidas,smooth,164.0,7.92,0,19.0
2024-12-03,SKU_00,bebidas,smooth,108.0,8.5,0,17.5
2024-12-04,SKU_00,bebidas,smooth,107.0,7.91,0,19.5
2024-12-05,SKU_00,bebidas,smooth,155.0,7.89,0,21.8
2024-12-06,SKU_00,bebidas,smooth,92.0,7.65,0,17.9
2024-12-07,SKU_00,bebidas,smooth,87.0,8.28,0,18.1
2024-12-08,SKU_00,bebidas,smooth,120.0,8.19,0,21.1
2024-12-09,SKU_00,bebidas,smooth,167.0,8.48,0,19.6
2024-12-10,SKU_00,bebidas,smooth,123.0,7.72,0,21.4
2024-12-11,SKU_00,bebidas,smooth,0.0,8.29,0,20.2
2024-12-12,SKU_00,bebidas,smooth,118.0,8.01,0,21.7
2024-12-13,SKU_00,bebidas,smooth,114.0,8.16,0,18.3
2024-12-14,SKU_00,bebidas,smooth,101.0,7.67,0,20.4
2024-12-15,SKU_00,bebidas,smooth,169.0,8.29,0,20.1
2024-12-16,SKU_00,bebidas,smooth,190.0,8.16,0,18.2
2024-12-17,SKU_00,bebidas,smooth,277.0,7.99,0,17.6
2024-12-18,SKU_00,bebidas,smooth,101.0,8.13,0,22.1
2024-12-19,SKU_00,bebidas,smooth,123.0,7.85,0,20.2
2024-12-20,SKU_00,bebidas,smooth,73.0,7.88,0,18.9
2024-12-21,SKU_00,bebidas,smooth,72.0,7.91,0,20.8
2024-12-22,SKU_00,bebidas,smooth,178.0,6.43,1,23.4
2024-12-23,SKU_00,bebidas,smooth,128.0,8.17,0,16.7
2024-12-24,SKU_00,bebidas,smooth,107.0,8.24,0,18.3
2024-12-25,SKU_00,bebidas,smooth,162.0,7.86,0,19.6
2024-12-26,SKU_00,bebidas,smooth,242.0,6.87,1,24.4
2024-12-27,SKU_00,bebidas,smooth,105.0,7.95,0,22.2
2024-12-28,SKU_00,bebidas,smooth,108.0,8.07,0,23.2
2024-12-29,SKU_00,bebidas,smooth,174.0,7.87,0,19.5
2024-12-30,SKU_00,bebidas,smooth,137.0,7.82,0,19.6
2023-01-01,SKU_01,bebidas,smooth,162.0,9.94,0,22.6
2023-01-02,SKU_01,bebidas,smooth,116.0,10.07,0,20.0
2023-01-03,SKU_01,bebidas,smooth,306.0,8.08,1,23.7
2023-01-04,SKU_01,bebidas,smooth,132.0,10.18,0,24.2
2023-01-05,SKU_01,bebidas,smooth,92.0,9.86,0,18.5
2023-01-06,SKU_01,bebidas,smooth,139.0,8.74,1,19.9
2023-01-07,SKU_01,bebidas,smooth,88.0,9.9,0,22.8
2023-01-08,SKU_01,bebidas,smooth,218.0,8.49,1,22.0
2023-01-09,SKU_01,bebidas,smooth,172.0,10.38,0,22.7
2023-01-10,SKU_01,bebidas,smooth,106.0,9.94,0,21.2
2023-01-11,SKU_01,bebidas,smooth,130.0,10.25,0,24.7
2023-01-12,SKU_01,bebidas,smooth,0.0,10.01,0,24.6
2023-01-13,SKU_01,bebidas,smooth,56.0,10.08,0,23.3
2023-01-14,SKU_01,bebidas,smooth,76.0,10.01,0,25.5
2023-01-15,SKU_01,bebidas,smooth,270.0,8.67,1,24.3
2023-01-16,SKU_01,bebidas,smooth,136.0,9.86,0,21.8
2023-01-17,SKU_01,bebidas,smooth,97.0,9.8,0,24.3
2023-01-18,SKU_01,bebidas,smooth,88.0,9.87,0,21.8
2023-01-19,SKU_01,bebidas,smooth,210.0,10.02,0,25.6
2023-01-20,SKU_01,bebidas,smooth,78.0,9.96,0,23.8
2023-01-21,SKU_01,bebidas,smooth,68.0,10.14,0,23.6
2023-01-22,SKU_01,bebidas,smooth,124.0,10.26,0,22.7
2023-01-23,SKU_01,bebidas,smooth,100.0,9.8,0,26.7
2023-01-24,SKU_01,bebidas,smooth,194.0,9.85,0,24.0
2023-01-25,SKU_01,bebidas,smooth,123.0,9.71,0,23.6
2023-01-26,SKU_01,bebidas,smooth,192.0,10.41,0,23.8
2023-01-27,SKU_01,bebidas,smooth,85.0,10.06,0,25.7
2023-01-28,SKU_01,bebidas,smooth,120.0,10.1,0,25.5
2023-01-29,SKU_01,bebidas,smooth,153.0,9.73,0,25.6
2023-01-30,SKU_01,bebidas,smooth,177.0,10.0,0,25.8
2023-01-31,SKU_01,bebidas,smooth,184.0,10.1,0,29.3
2023-02-01,SKU_01,bebidas,smooth,164.0,9.95,0,24.3
2023-02-02,SKU_01,bebidas,smooth,153.0,10.22,0,24.2
2023-02-03,SKU_01,bebidas,smooth,113.0,8.96,1,23.7
2023-02-04,SKU_01,bebidas,smooth,203.0,8.31,1,26.7
2023-02-05,SKU_01,bebidas,smooth,0.0,9.8,0,27.8
2023-02-06,SKU_01,bebidas,smooth,211.0,8.32,1,25.4
2023-02-07,SKU_01,bebidas,smooth,142.0,10.32,0,24.1
2023-02-08,SKU_01,bebidas,smooth,158.0,10.21,0,24.2
2023-02-09,SKU_01,bebidas,smooth,137.0,9.97,0,27.2
2023-02-10,SKU_01,bebidas,smooth,98.0,10.01,0,27.5
2023-02-11,SKU_01,bebidas,smooth,86.0,9.84,0,27.2
2023-02-12,SKU_01,bebidas,smooth,99.0,10.18,0,24.9
2023-02-13,SKU_01,bebidas,smooth,152.0,9.92,0,26.8
2023-02-14,SKU_01,bebidas,smooth,116.0,9.95,0,26.6
2023-02-15,SKU_01,bebidas,smooth,100.0,10.12,0,26.9
2023-02-16,SKU_01,bebidas,smooth,162.0,9.96,0,28.3
2023-02-17,SKU_01,bebidas,smooth,102.0,9.95,0,27.1
2023-02-18,SKU_01,bebidas,smooth,105.0,10.0,0,28.1
2023-02-19,SKU_01,bebidas,smooth,177.0,10.16,0,27.0
2023-02-20,SKU_01,bebidas,smooth,140.0,8.83,1,27.5
2023-02-21,SKU_01,bebidas,smooth,164.0,8.62,1,28.3
2023-02-22,SKU_01,bebidas,smooth,239.0,10.16,0,24.2
2023-02-23,SKU_01,bebidas,smooth,119.0,9.96,0,26.6
2023-02-24,SKU_01,bebidas,smooth,106.0,9.86,0,26.4
2023-02-25,SKU_01,bebidas,smooth,76.0,10.13,0,26.1
2023-02-26,SKU_01,bebidas,smooth,159.0,10.03,0,26.9
2023-02-27,SKU_01,bebidas,smooth,143.0,9.72,0,30.6
2023-02-28,SKU_01,bebidas,smooth,176.0,9.93,0,25.9
2023-03-01,SKU_01,bebidas,smooth,171.0,9.98,0,29.7
2023-03-02,SKU_01,bebidas,smooth,195.0,8.4,1,24.4
2023-03-03,SKU_01,bebidas,smooth,73.0,10.3,0,27.2
2023-03-04,SKU_01,bebidas,smooth,102.0,10.1,0,28.3
2023-03-05,SKU_01,bebidas,smooth,122.0,10.27,0,29.2
2023-03-06,SKU_01,bebidas,smooth,184.0,10.05,0,29.5
2023-03-07,SKU_01,bebidas,smooth,462.0,8.52,1,29.8
2023-03-08,SKU_01,bebidas,smooth,223.0,9.81,0,27.6
2023-03-09,SKU_01,bebidas,smooth,191.0,10.0,0,27.4
2023-03-10,SKU_01,bebidas,smooth,98.0,10.0,0,30.1
2023-03-11,SKU_01,bebidas,smooth,60.0,9.73,0,28.1
2023-03-12,SKU_01,bebidas,smooth,113.0,9.89,0,26.0
2023-03-13,SKU_01,bebidas,smooth,216.0,9.94,0,26.3
2023-03-14,SKU_01,bebidas,smooth,131.0,10.08,0,26.8
2023-03-15,SKU_01,bebidas,smooth,142.0,10.09,0,29.7
2023-03-16,SKU_01,bebidas,smooth,160.0,9.88,0,29.1
2023-03-17,SKU_01,bebidas,smooth,78.0,10.09,0,30.3
2023-03-18,SKU_01,bebidas,smooth,72.0,9.96,0,28.1
2023-03-19,SKU_01,bebidas,smooth,165.0,9.43,0,29.3
2023-03-20,SKU_01,bebidas,smooth,138.0,9.9,0,30.3
2023-03-21,SKU_01,bebidas,smooth,138.0,10.22,0,28.5
2023-03-22,SKU_01,bebidas,smooth,204.0,8.16,1,30.1
2023-03-23,SKU_01,bebidas,smooth,187.0,10.02,0,27.9
2023-03-24,SKU_01,bebidas,smooth,93.0,10.32,0,28.5
2023-03-25,SKU_01,bebidas,smooth,94.0,9.85,0,28.5
2023-03-26,SKU_01,bebidas,smooth,187.0,10.0,0,27.0
2023-03-27,SKU_01,bebidas,smooth,0.0,9.74,0,30.4
2023-03-28,SKU_01,bebidas,smooth,155.0,10.33,0,28.5
2023-03-29,SKU_01,bebidas,smooth,190.0,9.98,0,29.5
2023-03-30,SKU_01,bebidas,smooth,204.0,10.01,0,30.5
2023-03-31,SKU_01,bebidas,smooth,0.0,10.27,0,30.5
2023-04-01,SKU_01,bebidas,smooth,105.0,10.13,0,30.9
2023-04-02,SKU_01,bebidas,smooth,140.0,9.82,0,29.4
2023-04-03,SKU_01,bebidas,smooth,136.0,9.87,0,28.8
2023-04-04,SKU_01,bebidas,smooth,206.0,10.1,0,29.5
2023-04-05,SKU_01,bebidas,smooth,178.0,9.88,0,26.4
2023-04-06,SKU_01,bebidas,smooth,181.0,9.58,0,26.9
2023-04-07,SKU_01,bebidas,smooth,103.0,9.99,0,27.1
2023-04-08,SKU_01,bebidas,smooth,98.0,9.7,0,27.8
2023-04-09,SKU_01,bebidas,smooth,207.0,10.32,0,30.6
2023-04-10,SKU_01,bebidas,smooth,209.0,10.04,0,28.1
2023-04-11,SKU_01,bebidas,smooth,211.0,9.82,0,29.1
2023-04-12,SKU_01,bebidas,smooth,175.0,9.86,0,32.5
2023-04-13,SKU_01,bebidas,smooth,238.0,9.62,0,29.2
2023-04-14,SKU_01,bebidas,smooth,0.0,9.78,0,31.4
2023-04-15,SKU_01,bebidas,smooth,115.0,10.2,0,28.1
2023-04-16,SKU_01,bebidas,smooth,183.0,10.45,0,29.6
2023-04-17,SKU_01,bebidas,smooth,176.0,10.15,0,28.1
2023-04-18,SKU_01,bebidas,smooth,142.0,9.98,0,29.3
2023-04-19,SKU_01,bebidas,smooth,210.0,9.91,0,31.7
2023-04-20,SKU_01,bebidas,smooth,324.0,9.81,0,26.5
2023-04-21,SKU_01,bebidas,smooth,93.0,10.41,0,30.9
2023-04-22,SKU_01,bebidas,smooth,151.0,8.46,1,30.5
2023-04-23,SKU_01,bebidas,smooth,150.0,10.42,0,28.8
2023-04-24,SKU_01,bebidas,smooth,144.0,10.28,0,27.1
2023-04-25,SKU_01,bebidas,smooth,251.0,9.65,0,30.1
2023-04-26,SKU_01,bebidas,smooth,142.0,9.87,0,28.9
2023-04-27,SKU_01,bebidas,smooth,154.0,9.87,0,30.4
2023-04-28,SKU_01,bebidas,smooth,68.0,9.98,0,30.0
2023-04-29,SKU_01,bebidas,smooth,89.0,9.99,0,33.2
2023-04-30,SKU_01,bebidas,smooth,111.0,10.6,0,29.5
2023-05-01,SKU_01,bebidas,smooth,191.0,9.78,0,27.9
2023-05-02,SKU_01,bebidas,smooth,340.0,10.05,0,30.3
2023-05-03,SKU_01,bebidas,smooth,157.0,10.12,0,30.3
2023-05-04,SKU_01,bebidas,smooth,119.0,10.0,0,32.6
2023-05-05,SKU_01,bebidas,smooth,129.0,10.02,0,31.5
2023-05-06,SKU_01,bebidas,smooth,85.0,9.79,0,30.5
2023-05-07,SKU_01,bebidas,smooth,0.0,10.02,0,32.7
2023-05-08,SKU_01,bebidas,smooth,151.0,10.1,0,27.4
2023-05-09,SKU_01,bebidas,smooth,141.0,10.07,0,28.5
2023-05-10,SKU_01,bebidas,smooth,155.0,10.11,0,27.9
2023-05-11,SKU_01,bebidas,smooth,199.0,10.28,0,28.9
2023-05-12,SKU_01,bebidas,smooth,89.0,10.19,0,26.9
2023-05-13,SKU_01,bebidas,smooth,90.0,10.01,0,30.9
2023-05-14,SKU_01,bebidas,smooth,158.0,9.77,0,29.1
2023-05-15,SKU_01,bebidas,smooth,116.0,9.88,0,26.6
2023-05-16,SKU_01,bebidas,smooth,177.0,9.96,0,27.5
2023-05-17,SKU_01,bebidas,smooth,108.0,10.05,0,30.1
2023-05-18,SKU_01,bebidas,smooth,153.0,9.9,0,31.1
2023-05-19,SKU_01,bebidas,smooth,126.0,9.81,0,33.4
2023-05-20,SKU_01,bebidas,smooth,116.0,9.76,0,35.2
2023-05-21,SKU_01,bebidas,smooth,193.0,9.67,0,30.1
2023-05-22,SKU_01,bebidas,smooth,156.0,9.95,0,27.3
2023-05-23,SKU_01,bebidas,smooth,293.0,8.21,1,24.9
2023-05-24,SKU_01,bebidas,smooth,207.0,9.8,0,29.7
2023-05-25,SKU_01,bebidas,smooth,177.0,9.92,0,27.4
2023-05-26,SKU_01,bebidas,smooth,0.0,9.73,0,28.2
2023-05-27,SKU_01,bebidas,smooth,113.0,10.08,0,27.7
2023-05-28,SKU_01,bebidas,smooth,144.0,10.15,0,28.6
2023-05-29,SKU_01,bebidas,smooth,121.0,9.89,0,31.0
2023-05-30,SKU_01,bebidas,smooth,180.0,9.91,0,29.1
2023-05-31,SKU_01,bebidas,smooth,183.0,10.11,0,28.4
2023-06-01,SKU_01,bebidas,smooth,201.0,9.86,0,26.6
2023-06-02,SKU_01,bebidas,smooth,71.0,9.84,0,25.2
2023-06-03,SKU_01,bebidas,smooth,74.0,10.24,0,27.5
2023-06-04,SKU_01,bebidas,smooth,177.0,10.18,0,28.3
2023-06-05,SKU_01,bebidas,smooth,166.0,10.12,0,31.9
2023-06-06,SKU_01,bebidas,smooth,144.0,8.69,1,28.6
2023-06-07,SKU_01,bebidas,smooth,179.0,9.6,0,30.2
2023-06-08,SKU_01,bebidas,smooth,98.0,10.27,0,27.2
2023-06-09,SKU_01,bebidas,smooth,70.0,10.08,0,25.7
2023-06-10,SKU_01,bebidas,smooth,124.0,10.2,0,26.1
2023-06-11,SKU_01,bebidas,smooth,237.0,10.08,0,26.5
2023-06-12,SKU_01,bebidas,smooth,123.0,10.01,0,32.1
2023-06-13,SKU_01,bebidas,smooth,138.0,9.94,0,26.1
2023-06-14,SKU_01,bebidas,smooth,160.0,10.07,0,29.4
2023-06-15,SKU_01,bebidas,smooth,229.0,9.94,0,25.8
2023-06-16,SKU_01,bebidas,smooth,82.0,10.17,0,29.4
2023-06-17,SKU_01,bebidas,smooth,81.0,9.68,0,28.2
2023-06-18,SKU_01,bebidas,smooth,221.0,9.89,0,27.0
2023-06-19,SKU_01,bebidas,smooth,137.0,10.41,0,27.2
2023-06-20,SKU_01,bebidas,smooth,176.0,9.87,0,25.9
2023-06-21,SKU_01,bebidas,smooth,106.0,9.95,0,28.0
2023-06-22,SKU_01,bebidas,smooth,141.0,9.82,0,26.1
2023-06-23,SKU_01,bebidas,smooth,56.0,10.07,0,24.5
2023-06-24,SKU_01,bebidas,smooth,64.0,9.85,0,24.3
2023-06-25,SKU_01,bebidas,smooth,183.0,9.96,0,27.1
2023-06-26,SKU_01,bebidas,smooth,154.0,10.17,0,29.8
2023-06-27,SKU_01,bebidas,smooth,137.0,9.86,0,26.9
2023-06-28,SKU_01,bebidas,smooth,120.0,10.16,0,26.2
2023-06-29,SKU_01,bebidas,smooth,139.0,10.16,0,26.9
2023-06-30,SKU_01,bebidas,smooth,97.0,10.21,0,28.9
2023-07-01,SKU_01,bebidas,smooth,110.0,10.03,0,26.6
2023-07-02,SKU_01,bebidas,smooth,74.0,10.65,0,25.3
2023-07-03,SKU_01,bebidas,smooth,122.0,10.21,0,28.2
2023-07-04,SKU_01,bebidas,smooth,150.0,10.06,0,26.7
2023-07-05,SKU_01,bebidas,smooth,146.0,9.82,0,28.9
2023-07-06,SKU_01,bebidas,smooth,157.0,9.98,0,26.0
2023-07-07,SKU_01,bebidas,smooth,85.0,10.29,0,23.1
2023-07-08,SKU_01,bebidas,smooth,0.0,10.34,0,22.7
2023-07-09,SKU_01,bebidas,smooth,130.0,10.3,0,28.7
2023-07-10,SKU_01,bebidas,smooth,139.0,10.16,0,28.7
2023-07-11,SKU_01,bebidas,smooth,182.0,9.75,0,24.8
2023-07-12,SKU_01,bebidas,smooth,113.0,10.1,0,24.3
2023-07-13,SKU_01,bebidas,smooth,143.0,9.75,0,27.9
2023-07-14,SKU_01,bebidas,smooth,81.0,9.7,0,22.7
2023-07-15,SKU_01,bebidas,smooth,114.0,10.05,0,23.0
2023-07-16,SKU_01,bebidas,smooth,129.0,10.1,0,26.0
2023-07-17,SKU_01,bebidas,smooth,168.0,10.18,0,23.8
2023-07-18,SKU_01,bebidas,smooth,182.0,10.1,0,24.5
2023-07-19,SKU_01,bebidas,smooth,130.0,10.11,0,24.0
2023-07-20,SKU_01,bebidas,smooth,128.0,9.8,0,24.9
2023-07-21,SKU_01,bebidas,smooth,76.0,9.98,0,27.0
2023-07-22,SKU_01,bebidas,smooth,73.0,9.7,0,24.2
2023-07-23,SKU_01,bebidas,smooth,166.0,9.6,0,25.2
2023-07-24,SKU_01,bebidas,smooth,127.0,10.15,0,19.7
2023-07-25,SKU_01,bebidas,smooth,138.0,9.85,0,23.6
2023-07-26,SKU_01,bebidas,smooth,95.0,10.17,0,22.0
2023-07-27,SKU_01,bebidas,smooth,97.0,10.22,0,21.1
2023-07-28,SKU_01,bebidas,smooth,124.0,9.88,0,21.7
2023-07-29,SKU_01,bebidas,smooth,71.0,10.12,0,22.7
2023-07-30,SKU_01,bebidas,smooth,109.0,9.87,0,25.1
2023-07-31,SKU_01,bebidas,smooth,248.0,8.13,1,20.5
2023-08-01,SKU_01,bebidas,smooth,136.0,10.02,0,23.1
2023-08-02,SKU_01,bebidas,smooth,142.0,9.91,0,22.0
2023-08-03,SKU_01,bebidas,smooth,120.0,9.91,0,22.2
2023-08-04,SKU_01,bebidas,smooth,71.0,10.4,0,24.7
2023-08-05,SKU_01,bebidas,smooth,72.0,9.69,0,23.7
2023-08-06,SKU_01,bebidas,smooth,93.0,10.08,0,25.2
2023-08-07,SKU_01,bebidas,smooth,121.0,9.8,0,22.1
2023-08-08,SKU_01,bebidas,smooth,129.0,10.18,0,20.9
2023-08-09,SKU_01,bebidas,smooth,191.0,10.06,0,21.8
2023-08-10,SKU_01,bebidas,smooth,126.0,10.08,0,22.6
2023-08-11,SKU_01,bebidas,smooth,41.0,9.81,0,22.4
2023-08-12,SKU_01,bebidas,smooth,67.0,9.85,0,19.8
2023-08-13,SKU_01,bebidas,smooth,238.0,10.19,0,22.0
2023-08-14,SKU_01,bebidas,smooth,150.0,10.35,0,22.2
2023-08-15,SKU_01,bebidas,smooth,109.0,10.1,0,26.7
2023-08-16,SKU_01,bebidas,smooth,0.0,8.32,1,25.3
2023-08-17,SKU_01,bebidas,smooth,95.0,10.07,0,19.7
2023-08-18,SKU_01,bebidas,smooth,50.0,10.49,0,20.8
2023-08-19,SKU_01,bebidas,smooth,60.0,10.02,0,18.3
2023-08-20,SKU_01,bebidas,smooth,117.0,10.29,0,20.0
2023-08-21,SKU_01,bebidas,smooth,75.0,9.85,0,21.7
2023-08-22,SKU_01,bebidas,smooth,92.0,9.99,0,23.4
2023-08-23,SKU_01,bebidas,smooth,113.0,10.12,0,19.4
2023-08-24,SKU_01,bebidas,smooth,102.0,10.08,0,19.5
2023-08-25,SKU_01,bebidas,smooth,68.0,9.85,0,16.4
2023-08-26,SKU_01,bebidas,smooth,73.0,8.34,1,20.3
2023-08-27,SKU_01,bebidas,smooth,131.0,10.2,0,18.4
2023-08-28,SKU_01,bebidas,smooth,84.0,10.24,0,19.4
2023-08-29,SKU_01,bebidas,smooth,239.0,8.8,1,18.6
2023-08-30,SKU_01,bebidas,smooth,74.0,10.36,0,20.1
2023-08-31,SKU_01,bebidas,smooth,80.0,10.03,0,16.7
2023-09-01,SKU_01,bebidas,smooth,69.0,9.94,0,17.2
2023-09-02,SKU_01,bebidas,smooth,110.0,10.27,0,24.3
2023-09-03,SKU_01,bebidas,smooth,115.0,10.14,0,17.4
2023-09-04,SKU_01,bebidas,smooth,123.0,9.8,0,17.7
2023-09-05,SKU_01,bebidas,smooth,121.0,9.79,0,23.5
2023-09-06,SKU_01,bebidas,smooth,98.0,10.1,0,25.6
2023-09-07,SKU_01,bebidas,smooth,94.0,9.96,0,17.4
2023-09-08,SKU_01,bebidas,smooth,48.0,9.99,0,18.9
2023-09-09,SKU_01,bebidas,smooth,48.0,10.21,0,20.2
2023-09-10,SKU_01,bebidas,smooth,131.0,10.15,0,22.9
2023-09-11,SKU_01,bebidas,smooth,80.0,10.27,0,17.4
2023-09-12,SKU_01,bebidas,smooth,118.0,9.61,0,18.9
2023-09-13,SKU_01,bebidas,smooth,83.0,10.05,0,20.8
2023-09-14,SKU_01,bebidas,smooth,120.0,10.14,0,20.1
2023-09-15,SKU_01,bebidas,smooth,56.0,9.69,0,18.4
2023-09-16,SKU_01,bebidas,smooth,132.0,8.37,1,18.8
2023-09-17,SKU_01,bebidas,smooth,111.0,9.83,0,16.3
2023-09-18,SKU_01,bebidas,smooth,146.0,10.0,0,18.5
2023-09-19,SKU_01,bebidas,smooth,89.0,10.33,0,18.4
2023-09-20,SKU_01,bebidas,smooth,111.0,10.4,0,19.3
2023-09-21,SKU_01,bebidas,smooth,83.0,9.84,0,17.7
2023-09-22,SKU_01,bebidas,smooth,59.0,10.11,0,19.7
2023-09-23,SKU_01,bebidas,smooth,63.0,10.11,0,20.7
2023-09-24,SKU_01,bebidas,smooth,91.0,10.08,0,19.0
2023-09-25,SKU_01,bebidas,smooth,81.0,10.08,0,19.3
2023-09-26,SKU_01,bebidas,smooth,76.0,10.06,0,18.7
2023-09-27,SKU_01,bebidas,smooth,61.0,10.34,0,18.5
2023-09-28,SKU_01,bebidas,smooth,80.0,10.22,0,17.1
2023-09-29,SKU_01,bebidas,smooth,75.0,9.79,0,19.1
2023-09-30,SKU_01,bebidas,smooth,43.0,10.16,0,18.2
2023-10-01,SKU_01,bebidas,smooth,84.0,10.18,0,22.6
2023-10-02,SKU_01,bebidas,smooth,179.0,10.06,0,21.5
2023-10-03,SKU_01,bebidas,smooth,93.0,10.23,0,19.1
2023-10-04,SKU_01,bebidas,smooth,112.0,10.04,0,16.8
2023-10-05,SKU_01,bebidas,smooth,120.0,10.04,0,16.0
2023-10-06,SKU_01,bebidas,smooth,78.0,10.02,0,20.6
2023-10-07,SKU_01,bebidas,smooth,44.0,9.6,0,18.7
2023-10-08,SKU_01,bebidas,smooth,103.0,9.98,0,19.1
2023-10-09,SKU_01,bebidas,smooth,66.0,9.87,0,14.7
2023-10-10,SKU_01,bebidas,smooth,205.0,9.76,0,20.0
2023-10-11,SKU_01,bebidas,smooth,74.0,10.29,0,19.0
2023-10-12,SKU_01,bebidas,smooth,114.0,8.6,1,15.9
2023-10-13,SKU_01,bebidas,smooth,48.0,9.99,0,17.1
2023-10-14,SKU_01,bebidas,smooth,45.0,9.89,0,18.6
2023-10-15,SKU_01,bebidas,smooth,150.0,10.06,0,18.1
2023-10-16,SKU_01,bebidas,smooth,193.0,10.2,0,17.4
2023-10-17,SKU_01,bebidas,smooth,96.0,9.83,0,17.8
2023-10-18,SKU_01,bebidas,smooth,77.0,10.0,0,17.5
2023-10-19,SKU_01,bebidas,smooth,63.0,10.17,0,18.3
2023-10-20,SKU_01,bebidas,smooth,64.0,9.61,0,20.9
2023-10-21,SKU_01,bebidas,smooth,52.0,9.99,0,12.9
2023-10-22,SKU_01,bebidas,smooth,92.0,9.91,0,17.5
2023-10-23,SKU_01,bebidas,smooth,116.0,9.97,0,18.4
2023-10-24,SKU_01,bebidas,smooth,122.0,9.9,0,18.6
2023-10-25,SKU_01,bebidas,smooth,116.0,10.03,0,17.3
2023-10-26,SKU_01,bebidas,smooth,93.0,10.38,0,14.5
2023-10-27,SKU_01,bebidas,smooth,50.0,9.94,0,18.7
2023-10-28,SKU_01,bebidas,smooth,0.0,10.06,0,21.5
2023-10-29,SKU_01,bebidas,smooth,103.0,10.4,0,15.0
2023-10-30,SKU_01,bebidas,smooth,142.0,9.89,0,19.8
2023-10-31,SKU_01,bebidas,smooth,131.0,10.36,0,17.4
2023-11-01,SKU_01,bebidas,smooth,78.0,10.0,0,18.0
2023-11-02,SKU_01,bebidas,smooth,74.0,10.36,0,16.0
2023-11-03,SKU_01,bebidas,smooth,54.0,10.15,0,17.5
2023-11-04,SKU_01,bebidas,smooth,53.0,10.06,0,20.8
2023-11-05,SKU_01,bebidas,smooth,200.0,8.49,1,19.3
2023-11-06,SKU_01,bebidas,smooth,132.0,9.88,0,21.7
2023-11-07,SKU_01,bebidas,smooth,155.0,10.02,0,20.6
2023-11-08,SKU_01,bebidas,smooth,127.0,10.18,0,19.1
2023-11-09,SKU_01,bebidas,smooth,128.0,10.0,0,21.8
2023-11-10,SKU_01,bebidas,smooth,92.0,9.94,0,19.2
2023-11-11,SKU_01,bebidas,smooth,78.0,9.95,0,20.0
2023-11-12,SKU_01,bebidas,smooth,114.0,10.2,0,17.8
2023-11-13,SKU_01,bebidas,smooth,164.0,10.25,0,18.6
2023-11-14,SKU_01,bebidas,smooth,114.0,9.87,0,17.1
2023-11-15,SKU_01,bebidas,smooth,111.0,9.87,0,20.5
2023-11-16,SKU_01,bebidas,smooth,89.0,10.08,0,16.2
2023-11-17,SKU_01,bebidas,smooth,84.0,10.31,0,20.2
2023-11-18,SKU_01,bebidas,smooth,92.0,10.23,0,18.3
2023-11-19,SKU_01,bebidas,smooth,121.0,9.75,0,21.0
2023-11-20,SKU_01,bebidas,smooth,167.0,9.95,0,20.2
2023-11-21,SKU_01,bebidas,smooth,0.0,9.81,0,22.4
2023-11-22,SKU_01,bebidas,smooth,120.0,9.95,0,20.3
2023-11-23,SKU_01,bebidas,smooth,109.0,10.32,0,15.8
2023-11-24,SKU_01,bebidas,smooth,58.0,9.72,0,18.8
2023-11-25,SKU_01,bebidas,smooth,120.0,9.68,0,16.7
2023-11-26,SKU_01,bebidas,smooth,115.0,9.83,0,18.0
2023-11-27,SKU_01,bebidas,smooth,116.0,10.06,0,22.2
2023-11-28,SKU_01,bebidas,smooth,125.0,10.12,0,20.5
2023-11-29,SKU_01,bebidas,smooth,71.0,10.09,0,17.9
2023-11-30,SKU_01,bebidas,smooth,96.0,10.24,0,17.3
2023-12-01,SKU_01,bebidas,smooth,92.0,9.65,0,19.4
2023-12-02,SKU_01,bebidas,smooth,59.0,10.24,0,17.0
2023-12-03,SKU_01,bebidas,smooth,97.0,9.94,0,18.2
2023-12-04,SKU_01,bebidas,smooth,173.0,10.15,0,20.2
2023-12-05,SKU_01,bebidas,smooth,182.0,9.74,0,22.0
2023-12-06,SKU_01,bebidas,smooth,145.0,10.0,0,20.9
2023-12-07,SKU_01,bebidas,smooth,146.0,8.55,1,15.2
2023-12-08,SKU_01,bebidas,smooth,71.0,10.23,0,20.5
2023-12-09,SKU_01,bebidas,smooth,61.0,9.68,0,20.1
2023-12-10,SKU_01,bebidas,smooth,101.0,10.01,0,20.9
2023-12-11,SKU_01,bebidas,smooth,106.0,9.78,0,23.3
2023-12-12,SKU_01,bebidas,smooth,100.0,10.1,0,16.1
2023-12-13,SKU_01,bebidas,smooth,98.0,10.16,0,19.1
2023-12-14,SKU_01,bebidas,smooth,90.0,10.26,0,21.5
2023-12-15,SKU_01,bebidas,smooth,75.0,9.89,0,17.3
2023-12-16,SKU_01,bebidas,smooth,87.0,10.19,0,23.5
2023-12-17,SKU_01,bebidas,smooth,202.0,10.27,0,21.3
2023-12-18,SKU_01,bebidas,smooth,115.0,9.67,0,22.4
2023-12-19,SKU_01,bebidas,smooth,139.0,10.12,0,19.6
2023-12-20,SKU_01,bebidas,smooth,149.0,10.19,0,22.5
2023-12-21,SKU_01,bebidas,smooth,131.0,9.95,0,23.1
2023-12-22,SKU_01,bebidas,smooth,139.0,8.26,1,21.5
2023-12-23,SKU_01,bebidas,smooth,97.0,10.19,0,21.6
2023-12-24,SKU_01,bebidas,smooth,148.0,9.76,0,21.8
2023-12-25,SKU_01,bebidas,smooth,123.0,9.96,0,19.6
2023-12-26,SKU_01,bebidas,smooth,125.0,9.99,0,21.1
2023-12-27,SKU_01,bebidas,smooth,97.0,10.14,0,21.2
2023-12-28,SKU_01,bebidas,smooth,115.0,9.87,0,22.4
2023-12-29,SKU_01,bebidas,smooth,74.0,9.86,0,23.7
2023-12-30,SKU_01,bebidas,smooth,59.0,10.02,0,19.7
2023-12-31,SKU_01,bebidas,smooth,156.0,10.2,0,21.6
2024-01-01,SKU_01,bebidas,smooth,201.0,10.46,0,24.9
2024-01-02,SKU_01,bebidas,smooth,110.0,9.7,0,20.6
2024-01-03,SKU_01,bebidas,smooth,147.0,10.06,0,20.5
2024-01-04,SKU_01,bebidas,smooth,112.0,9.78,0,22.7
2024-01-05,SKU_01,bebidas,smooth,81.0,10.2,0,24.1
2024-01-06,SKU_01,bebidas,smooth,72.0,9.81,0,22.5
2024-01-07,SKU_01,bebidas,smooth,178.0,9.87,0,25.2
2024-01-08,SKU_01,bebidas,smooth,128.0,9.88,0,24.4
2024-01-09,SKU_01,bebidas,smooth,195.0,9.98,0,24.5
2024-01-10,SKU_01,bebidas,smooth,142.0,10.06,0,24.0
2024-01-11,SKU_01,bebidas,smooth,139.0,10.1,0,27.6
2024-01-12,SKU_01,bebidas,smooth,64.0,10.0,0,22.7
2024-01-13,SKU_01,bebidas,smooth,87.0,9.73,0,19.2
2024-01-14,SKU_01,bebidas,smooth,290.0,8.65,1,26.5
2024-01-15,SKU_01,bebidas,smooth,158.0,9.99,0,22.5
2024-01-16,SKU_01,bebidas,smooth,265.0,10.23,0,23.7
2024-01-17,SKU_01,bebidas,smooth,228.0,9.86,0,26.2
2024-01-18,SKU_01,bebidas,smooth,133.0,9.68,0,20.5
2024-01-19,SKU_01,bebidas,smooth,80.0,9.99,0,21.3
2024-01-20,SKU_01,bebidas,smooth,96.0,10.26,0,20.7
2024-01-21,SKU_01,bebidas,smooth,122.0,10.03,0,22.4
2024-01-22,SKU_01,bebidas,smooth,211.0,9.96,0,25.0
2024-01-23,SKU_01,bebidas,smooth,176.0,9.83,0,25.3
2024-01-24,SKU_01,bebidas,smooth,170.0,10.35,0,24.9
2024-01-25,SKU_01,bebidas,smooth,177.0,9.79,0,21.6
2024-01-26,SKU_01,bebidas,smooth,131.0,9.85,0,19.9
2024-01-27,SKU_01,bebidas,smooth,99.0,10.11,0,24.7
2024-01-28,SKU_01,bebidas,smooth,154.0,9.63,0,23.8
2024-01-29,SKU_01,bebidas,smooth,238.0,10.25,0,25.7
2024-01-30,SKU_01,bebidas,smooth,212.0,10.12,0,26.3
2024-01-31,SKU_01,bebidas,smooth,219.0,8.68,1,25.3
2024-02-01,SKU_01,bebidas,smooth,245.0,8.61,1,26.6
2024-02-02,SKU_01,bebidas,smooth,149.0,8.47,1,25.7
2024-02-03,SKU_01,bebidas,smooth,109.0,9.79,0,26.4
2024-02-04,SKU_01,bebidas,smooth,115.0,9.97,0,24.0
2024-02-05,SKU_01,bebidas,smooth,164.0,8.3,1,25.2
2024-02-06,SKU_01,bebidas,smooth,136.0,10.1,0,26.0
2024-02-07,SKU_01,bebidas,smooth,137.0,10.16,0,27.4
2024-02-08,SKU_01,bebidas,smooth,141.0,10.3,0,25.0
2024-02-09,SKU_01,bebidas,smooth,119.0,10.07,0,27.0
2024-02-10,SKU_01,bebidas,smooth,95.0,10.18,0,25.5
2024-02-11,SKU_01,bebidas,smooth,178.0,9.94,0,25.9
2024-02-12,SKU_01,bebidas,smooth,131.0,9.9,0,27.9
2024-02-13,SKU_01,bebidas,smooth,141.0,10.09,0,22.3
2024-02-14,SKU_01,bebidas,smooth,190.0,9.92,0,23.8
2024-02-15,SKU_01,bebidas,smooth,190.0,10.05,0,23.5
2024-02-16,SKU_01,bebidas,smooth,79.0,9.79,0,21.9
2024-02-17,SKU_01,bebidas,smooth,105.0,9.82,0,25.3
2024-02-18,SKU_01,bebidas,smooth,310.0,10.13,0,28.3
2024-02-19,SKU_01,bebidas,smooth,173.0,10.18,0,26.3
2024-02-20,SKU_01,bebidas,smooth,150.0,9.8,0,27.4
2024-02-21,SKU_01,bebidas,smooth,177.0,10.13,0,29.2
2024-02-22,SKU_01,bebidas,smooth,191.0,9.89,0,29.8
2024-02-23,SKU_01,bebidas,smooth,101.0,10.0,0,27.1
2024-02-24,SKU_01,bebidas,smooth,110.0,10.28,0,30.0
2024-02-25,SKU_01,bebidas,smooth,127.0,10.16,0,27.6
2024-02-26,SKU_01,bebidas,smooth,138.0,10.16,0,25.8
2024-02-27,SKU_01,bebidas,smooth,170.0,10.38,0,26.4
2024-02-28,SKU_01,bebidas,smooth,165.0,9.86,0,24.7
2024-02-29,SKU_01,bebidas,smooth,153.0,9.8,0,26.0
2024-03-01,SKU_01,bebidas,smooth,102.0,9.86,0,27.1
2024-03-02,SKU_01,bebidas,smooth,113.0,9.95,0,29.5
2024-03-03,SKU_01,bebidas,smooth,243.0,9.53,0,31.4
2024-03-04,SKU_01,bebidas,smooth,171.0,9.96,0,25.3
2024-03-05,SKU_01,bebidas,smooth,207.0,9.89,0,28.9
2024-03-06,SKU_01,bebidas,smooth,156.0,10.16,0,26.1
2024-03-07,SKU_01,bebidas,smooth,217.0,10.07,0,29.2
2024-03-08,SKU_01,bebidas,smooth,0.0,9.88,0,28.1
2024-03-09,SKU_01,bebidas,smooth,127.0,10.12,0,24.8
2024-03-10,SKU_01,bebidas,smooth,230.0,10.14,0,30.3
2024-03-11,SKU_01,bebidas,smooth,212.0,9.85,0,27.3
2024-03-12,SKU_01,bebidas,smooth,179.0,9.9,0,27.5
2024-03-13,SKU_01,bebidas,smooth,192.0,9.55,0,26.5
2024-03-14,SKU_01,bebidas,smooth,239.0,9.78,0,27.4
2024-03-15,SKU_01,bebidas,smooth,97.0,9.85,0,29.7
2024-03-16,SKU_01,bebidas,smooth,95.0,10.01,0,28.5
2024-03-17,SKU_01,bebidas,smooth,200.0,9.81,0,29.6
2024-03-18,SKU_01,bebidas,smooth,213.0,9.9,0,29.7
2024-03-19,SKU_01,bebidas,smooth,163.0,9.75,0,31.7
2024-03-20,SKU_01,bebidas,smooth,269.0,8.53,1,28.4
2024-03-21,SKU_01,bebidas,smooth,256.0,8.59,1,26.2
2024-03-22,SKU_01,bebidas,smooth,68.0,10.08,0,31.3
2024-03-23,SKU_01,bebidas,smooth,106.0,10.0,0,28.6
2024-03-24,SKU_01,bebidas,smooth,192.0,9.69,0,31.5
2024-03-25,SKU_01,bebidas,smooth,188.0,9.88,0,30.1
2024-03-26,SKU_01,bebidas,smooth,272.0,9.92,0,29.1
2024-03-27,SKU_01,bebidas,smooth,145.0,9.92,0,30.1
2024-03-28,SKU_01,bebidas,smooth,169.0,10.01,0,33.4
2024-03-29,SKU_01,bebidas,smooth,65.0,10.29,0,33.7
2024-03-30,SKU_01,bebidas,smooth,102.0,10.16,0,29.7
2024-03-31,SKU_01,bebidas,smooth,177.0,9.8,0,29.9
2024-04-01,SKU_01,bebidas,smooth,178.0,10.14,0,31.8
2024-04-02,SKU_01,bebidas,smooth,248.0,10.13,0,28.0
2024-04-03,SKU_01,bebidas,smooth,243.0,9.84,0,30.4
2024-04-04,SKU_01,bebidas,smooth,288.0,8.67,1,29.7
2024-04-05,SKU_01,bebidas,smooth,154.0,8.47,1,30.4
2024-04-06,SKU_01,bebidas,smooth,144.0,9.72,0,28.1
2024-04-07,SKU_01,bebidas,smooth,184.0,10.09,0,26.6
2024-04-08,SKU_01,bebidas,smooth,148.0,10.04,0,25.7
2024-04-09,SKU_01,bebidas,smooth,122.0,9.95,0,27.6
2024-04-10,SKU_01,bebidas,smooth,172.0,9.99,0,29.0
2024-04-11,SKU_01,bebidas,smooth,233.0,9.86,0,29.3
2024-04-12,SKU_01,bebidas,smooth,216.0,10.12,0,33.8
2024-04-13,SKU_01,bebidas,smooth,122.0,9.99,0,32.2
2024-04-14,SKU_01,bebidas,smooth,226.0,8.53,1,28.0
2024-04-15,SKU_01,bebidas,smooth,148.0,10.07,0,30.7
2024-04-16,SKU_01,bebidas,smooth,221.0,9.77,0,29.2
2024-04-17,SKU_01,bebidas,smooth,125.0,9.82,0,29.4
2024-04-18,SKU_01,bebidas,smooth,225.0,9.56,0,30.4
2024-04-19,SKU_01,bebidas,smooth,144.0,10.11,0,31.2
2024-04-20,SKU_01,bebidas,smooth,127.0,9.76,0,29.3
2024-04-21,SKU_01,bebidas,smooth,192.0,10.03,0,32.1
2024-04-22,SKU_01,bebidas,smooth,215.0,10.07,0,27.7
2024-04-23,SKU_01,bebidas,smooth,203.0,10.12,0,30.0
2024-04-24,SKU_01,bebidas,smooth,175.0,9.76,0,35.2
2024-04-25,SKU_01,bebidas,smooth,310.0,9.99,0,30.4
2024-04-26,SKU_01,bebidas,smooth,111.0,10.33,0,32.8
2024-04-27,SKU_01,bebidas,smooth,139.0,10.34,0,30.2
2024-04-28,SKU_01,bebidas,smooth,159.0,8.7,1,31.1
2024-04-29,SKU_01,bebidas,smooth,265.0,10.07,0,29.8
2024-04-30,SKU_01,bebidas,smooth,276.0,9.8,0,29.6
2024-05-01,SKU_01,bebidas,smooth,0.0,10.14,0,28.4
2024-05-02,SKU_01,bebidas,smooth,225.0,9.97,0,30.8
2024-05-03,SKU_01,bebidas,smooth,127.0,10.11,0,28.2
2024-05-04,SKU_01,bebidas,smooth,100.0,9.87,0,31.2
2024-05-05,SKU_01,bebidas,smooth,229.0,9.97,0,32.0
2024-05-06,SKU_01,bebidas,smooth,160.0,10.03,0,30.5
2024-05-07,SKU_01,bebidas,smooth,164.0,10.05,0,29.2
2024-05-08,SKU_01,bebidas,smooth,258.0,10.1,0,30.7
2024-05-09,SKU_01,bebidas,smooth,241.0,9.88,0,29.1
2024-05-10,SKU_01,bebidas,smooth,98.0,9.73,0,31.6
2024-05-11,SKU_01,bebidas,smooth,0.0,10.32,0,26.0
2024-05-12,SKU_01,bebidas,smooth,161.0,10.5,0,29.0
2024-05-13,SKU_01,bebidas,smooth,212.0,10.09,0,25.6
2024-05-14,SKU_01,bebidas,smooth,140.0,9.74,0,26.6
2024-05-15,SKU_01,bebidas,smooth,315.0,8.35,1,32.2
2024-05-16,SKU_01,bebidas,smooth,235.0,10.1,0,31.3
2024-05-17,SKU_01,bebidas,smooth,106.0,10.27,0,28.0
2024-05-18,SKU_01,bebidas,smooth,135.0,9.76,0,26.4
2024-05-19,SKU_01,bebidas,smooth,155.0,9.98,0,23.4
2024-05-20,SKU_01,bebidas,smooth,175.0,10.04,0,28.2
2024-05-21,SKU_01,bebidas,smooth,160.0,10.17,0,34.1
2024-05-22,SKU_01,bebidas,smooth,244.0,9.93,0,30.0
2024-05-23,SKU_01,bebidas,smooth,151.0,9.69,0,28.0
2024-05-24,SKU_01,bebidas,smooth,121.0,10.12,0,30.0
2024-05-25,SKU_01,bebidas,smooth,102.0,10.22,0,25.9
2024-05-26,SKU_01,bebidas,smooth,142.0,9.98,0,28.4
2024-05-27,SKU_01,bebidas,smooth,159.0,10.08,0,29.1
2024-05-28,SKU_01,bebidas,smooth,257.0,9.91,0,28.7
2024-05-29,SKU_01,bebidas,smooth,199.0,9.83,0,30.4
2024-05-30,SKU_01,bebidas,smooth,144.0,10.21,0,29.4
2024-05-31,SKU_01,bebidas,smooth,119.0,10.08,0,30.0
2024-06-01,SKU_01,bebidas,smooth,101.0,10.1,0,27.2
2024-06-02,SKU_01,bebidas,smooth,438.0,10.3,0,30.3
2024-06-03,SKU_01,bebidas,smooth,206.0,9.79,0,31.7
2024-06-04,SKU_01,bebidas,smooth,158.0,9.89,0,26.4
2024-06-05,SKU_01,bebidas,smooth,246.0,10.03,0,26.5
2024-06-06,SKU_01,bebidas,smooth,120.0,9.89,0,30.9
2024-06-07,SKU_01,bebidas,smooth,107.0,10.16,0,27.8
2024-06-08,SKU_01,bebidas,smooth,180.0,9.96,0,30.9
2024-06-09,SKU_01,bebidas,smooth,169.0,9.8,0,27.1
2024-06-10,SKU_01,bebidas,smooth,122.0,10.01,0,30.8
2024-06-11,SKU_01,bebidas,smooth,160.0,10.03,0,28.1
2024-06-12,SKU_01,bebidas,smooth,253.0,10.19,0,28.3
2024-06-13,SKU_01,bebidas,smooth,203.0,10.08,0,30.8
2024-06-14,SKU_01,bebidas,smooth,83.0,10.09,0,26.9
2024-06-15,SKU_01,bebidas,smooth,84.0,10.06,0,25.6
2024-06-16,SKU_01,bebidas,smooth,148.0,9.96,0,26.5
2024-06-17,SKU_01,bebidas,smooth,191.0,9.86,0,28.3
2024-06-18,SKU_01,bebidas,smooth,225.0,10.06,0,24.1
2024-06-19,SKU_01,bebidas,smooth,227.0,9.93,0,28.5
2024-06-20,SKU_01,bebidas,smooth,187.0,10.34,0,26.0
2024-06-21,SKU_01,bebidas,smooth,75.0,10.27,0,29.3
2024-06-22,SKU_01,bebidas,smooth,66.0,10.13,0,22.1
2024-06-23,SKU_01,bebidas,smooth,186.0,10.08,0,25.3
2024-06-24,SKU_01,bebidas,smooth,113.0,9.98,0,23.4
2024-06-25,SKU_01,bebidas,smooth,153.0,9.75,0,25.0
2024-06-26,SKU_01,bebidas,smooth,181.0,9.96,0,27.0
2024-06-27,SKU_01,bebidas,smooth,124.0,10.02,0,26.1
2024-06-28,SKU_01,bebidas,smooth,75.0,10.05,0,25.9
2024-06-29,SKU_01,bebidas,smooth,95.0,10.09,0,25.9
2024-06-30,SKU_01,bebidas,smooth,186.0,10.18,0,26.6
2024-07-01,SKU_01,bebidas,smooth,204.0,9.86,0,24.1
2024-07-02,SKU_01,bebidas,smooth,281.0,8.36,1,27.4
2024-07-03,SKU_01,bebidas,smooth,168.0,10.29,0,27.2
2024-07-04,SKU_01,bebidas,smooth,136.0,10.15,0,26.6
2024-07-05,SKU_01,bebidas,smooth,74.0,9.92,0,26.8
2024-07-06,SKU_01,bebidas,smooth,85.0,9.98,0,26.2
2024-07-07,SKU_01,bebidas,smooth,276.0,8.48,1,29.6
2024-07-08,SKU_01,bebidas,smooth,248.0,8.51,1,25.2
2024-07-09,SKU_01,bebidas,smooth,93.0,10.09,0,24.7
2024-07-10,SKU_01,bebidas,smooth,125.0,10.51,0,23.7
2024-07-11,SKU_01,bebidas,smooth,293.0,8.54,1,23.0
2024-07-12,SKU_01,bebidas,smooth,89.0,10.13,0,22.5
2024-07-13,SKU_01,bebidas,smooth,62.0,9.66,0,23.1
2024-07-14,SKU_01,bebidas,smooth,275.0,9.9,0,24.6
2024-07-15,SKU_01,bebidas,smooth,154.0,10.25,0,25.3
2024-07-16,SKU_01,bebidas,smooth,244.0,8.58,1,24.7
2024-07-17,SKU_01,bebidas,smooth,163.0,9.12,0,22.9
2024-07-18,SKU_01,bebidas,smooth,143.0,10.13,0,26.2
2024-07-19,SKU_01,bebidas,smooth,77.0,10.38,0,25.7
2024-07-20,SKU_01,bebidas,smooth,149.0,9.6,0,23.8
2024-07-21,SKU_01,bebidas,smooth,187.0,10.3,0,22.7
2024-07-22,SKU_01,bebidas,smooth,186.0,9.45,0,25.0
2024-07-23,SKU_01,bebidas,smooth,172.0,10.19,0,24.2
2024-07-24,SKU_01,bebidas,smooth,109.0,10.0,0,20.8
2024-07-25,SKU_01,bebidas,smooth,201.0,9.53,0,23.5
2024-07-26,SKU_01,bebidas,smooth,71.0,10.09,0,24.1
2024-07-27,SKU_01,bebidas,smooth,89.0,10.23,0,21.6
2024-07-28,SKU_01,bebidas,smooth,98.0,10.07,0,23.7
2024-07-29,SKU_01,bebidas,smooth,83.0,10.12,0,20.3
2024-07-30,SKU_01,bebidas,smooth,164.0,9.92,0,25.8
2024-07-31,SKU_01,bebidas,smooth,124.0,9.63,0,25.5
2024-08-01,SKU_01,bebidas,smooth,86.0,10.14,0,22.4
2024-08-02,SKU_01,bebidas,smooth,97.0,10.35,0,23.5
2024-08-03,SKU_01,bebidas,smooth,128.0,10.23,0,17.9
2024-08-04,SKU_01,bebidas,smooth,189.0,9.6,0,20.3
2024-08-05,SKU_01,bebidas,smooth,131.0,9.7,0,21.9
2024-08-06,SKU_01,bebidas,smooth,134.0,9.83,0,20.3
2024-08-07,SKU_01,bebidas,smooth,178.0,9.68,0,23.7
2024-08-08,SKU_01,bebidas,smooth,199.0,10.01,0,26.2
2024-08-09,SKU_01,bebidas,smooth,72.0,10.08,0,19.8
2024-08-10,SKU_01,bebidas,smooth,79.0,9.71,0,20.3
2024-08-11,SKU_01,bebidas,smooth,0.0,10.16,0,22.4
2024-08-12,SKU_01,bebidas,smooth,168.0,10.12,0,25.1
2024-08-13,SKU_01,bebidas,smooth,125.0,9.89,0,19.3
2024-08-14,SKU_01,bebidas,smooth,133.0,9.97,0,22.1
2024-08-15,SKU_01,bebidas,smooth,0.0,9.61,0,25.2
2024-08-16,SKU_01,bebidas,smooth,100.0,9.93,0,18.1
2024-08-17,SKU_01,bebidas,smooth,84.0,10.0,0,18.8
2024-08-18,SKU_01,bebidas,smooth,291.0,8.53,1,20.4
2024-08-19,SKU_01,bebidas,smooth,118.0,10.08,0,20.1
2024-08-20,SKU_01,bebidas,smooth,205.0,10.05,0,22.7
2024-08-21,SKU_01,bebidas,smooth,153.0,9.95,0,21.5
2024-08-22,SKU_01,bebidas,smooth,273.0,10.06,0,17.4
2024-08-23,SKU_01,bebidas,smooth,59.0,10.2,0,21.8
2024-08-24,SKU_01,bebidas,smooth,64.0,9.98,0,19.6
2024-08-25,SKU_01,bebidas,smooth,153.0,10.06,0,23.2
2024-08-26,SKU_01,bebidas,smooth,203.0,8.46,1,19.3
2024-08-27,SKU_01,bebidas,smooth,204.0,9.87,0,19.2
2024-08-28,SKU_01,bebidas,smooth,112.0,10.1,0,21.5
2024-08-29,SKU_01,bebidas,smooth,167.0,9.89,0,21.8
2024-08-30,SKU_01,bebidas,smooth,103.0,10.08,0,21.1
2024-08-31,SKU_01,bebidas,smooth,83.0,10.01,0,16.8
2024-09-01,SKU_01,bebidas,smooth,103.0,9.94,0,21.1
2024-09-02,SKU_01,bebidas,smooth,173.0,9.93,0,17.9
2024-09-03,SKU_01,bebidas,smooth,174.0,9.9,0,20.4
2024-09-04,SKU_01,bebidas,smooth,138.0,9.67,0,17.0
2024-09-05,SKU_01,bebidas,smooth,136.0,10.08,0,20.7
2024-09-06,SKU_01,bebidas,smooth,76.0,10.05,0,18.1
2024-09-07,SKU_01,bebidas,smooth,69.0,10.17,0,17.1
2024-09-08,SKU_01,bebidas,smooth,152.0,9.89,0,21.0
2024-09-09,SKU_01,bebidas,smooth,0.0,10.38,0,20.0
2024-09-10,SKU_01,bebidas,smooth,98.0,9.92,0,18.2
2024-09-11,SKU_01,bebidas,smooth,102.0,9.82,0,22.3
2024-09-12,SKU_01,bebidas,smooth,101.0,9.8,0,18.4
2024-09-13,SKU_01,bebidas,smooth,113.0,8.15,1,19.3
2024-09-14,SKU_01,bebidas,smooth,73.0,10.31,0,19.7
2024-09-15,SKU_01,bebidas,smooth,127.0,10.27,0,17.9
2024-09-16,SKU_01,bebidas,smooth,143.0,10.12,0,20.0
2024-09-17,SKU_01,bebidas,smooth,149.0,8.32,1,17.9
2024-09-18,SKU_01,bebidas,smooth,173.0,10.36,0,18.1
2024-09-19,SKU_01,bebidas,smooth,122.0,9.93,0,21.6
2024-09-20,SKU_01,bebidas,smooth,63.0,9.95,0,16.7
2024-09-21,SKU_01,bebidas,smooth,106.0,8.79,1,13.9
2024-09-22,SKU_01,bebidas,smooth,84.0,10.13,0,21.9
2024-09-23,SKU_01,bebidas,smooth,112.0,10.44,0,23.8
2024-09-24,SKU_01,bebidas,smooth,153.0,10.05,0,17.8
2024-09-25,SKU_01,bebidas,smooth,105.0,8.42,1,14.7
2024-09-26,SKU_01,bebidas,smooth,158.0,9.88,0,17.9
2024-09-27,SKU_01,bebidas,smooth,103.0,9.63,0,17.9
2024-09-28,SKU_01,bebidas,smooth,65.0,9.94,0,18.1
2024-09-29,SKU_01,bebidas,smooth,0.0,10.23,0,16.2
2024-09-30,SKU_01,bebidas,smooth,164.0,10.12,0,19.5
2024-10-01,SKU_01,bebidas,smooth,111.0,10.0,0,19.4
2024-10-02,SKU_01,bebidas,smooth,140.0,9.8,0,15.3
2024-10-03,SKU_01,bebidas,smooth,154.0,8.55,1,19.7
2024-10-04,SKU_01,bebidas,smooth,70.0,10.2,0,22.4
2024-10-05,SKU_01,bebidas,smooth,59.0,10.09,0,18.6
2024-10-06,SKU_01,bebidas,smooth,130.0,10.03,0,17.5
2024-10-07,SKU_01,bebidas,smooth,160.0,9.84,0,17.9
2024-10-08,SKU_01,bebidas,smooth,119.0,10.17,0,19.4
2024-10-09,SKU_01,bebidas,smooth,82.0,9.37,0,14.7
2024-10-10,SKU_01,bebidas,smooth,94.0,10.08,0,18.4
2024-10-11,SKU_01,bebidas,smooth,78.0,10.51,0,17.3
2024-10-12,SKU_01,bebidas,smooth,123.0,9.7,0,21.8
2024-10-13,SKU_01,bebidas,smooth,133.0,9.95,0,17.7
2024-10-14,SKU_01,bebidas,smooth,119.0,10.0,0,21.4
2024-10-15,SKU_01,bebidas,smooth,140.0,9.91,0,15.8
2024-10-16,SKU_01,bebidas,smooth,118.0,10.21,0,19.2
2024-10-17,SKU_01,bebidas,smooth,113.0,10.09,0,18.7
2024-10-18,SKU_01,bebidas,smooth,55.0,10.03,0,16.3
2024-10-19,SKU_01,bebidas,smooth,103.0,10.16,0,18.4
2024-10-20,SKU_01,bebidas,smooth,69.0,10.0,0,20.4
2024-10-21,SKU_01,bebidas,smooth,147.0,10.64,0,17.4
2024-10-22,SKU_01,bebidas,smooth,101.0,10.03,0,14.6
2024-10-23,SKU_01,bebidas,smooth,111.0,10.04,0,18.0
2024-10-24,SKU_01,bebidas,smooth,179.0,9.66,0,16.2
2024-10-25,SKU_01,bebidas,smooth,60.0,9.89,0,17.3
2024-10-26,SKU_01,bebidas,smooth,62.0,10.23,0,17.9
2024-10-27,SKU_01,bebidas,smooth,111.0,9.73,0,14.6
2024-10-28,SKU_01,bebidas,smooth,128.0,9.57,0,14.8
2024-10-29,SKU_01,bebidas,smooth,165.0,8.51,1,19.0
2024-10-30,SKU_01,bebidas,smooth,83.0,10.27,0,17.0
2024-10-31,SKU_01,bebidas,smooth,89.0,10.01,0,13.0
2024-11-01,SKU_01,bebidas,smooth,105.0,9.93,0,19.7
2024-11-02,SKU_01,bebidas,smooth,76.0,9.63,0,18.7
2024-11-03,SKU_01,bebidas,smooth,197.0,8.59,1,16.7
2024-11-04,SKU_01,bebidas,smooth,111.0,10.13,0,15.5
2024-11-05,SKU_01,bebidas,smooth,111.0,9.64,0,19.9
2024-11-06,SKU_01,bebidas,smooth,195.0,10.23,0,18.9
2024-11-07,SKU_01,bebidas,smooth,135.0,10.15,0,23.0
2024-11-08,SKU_01,bebidas,smooth,69.0,10.23,0,19.1
2024-11-09,SKU_01,bebidas,smooth,100.0,10.12,0,19.1
2024-11-10,SKU_01,bebidas,smooth,107.0,10.13,0,18.0
2024-11-11,SKU_01,bebidas,smooth,115.0,10.1,0,20.0
2024-11-12,SKU_01,bebidas,smooth,193.0,8.67,1,19.7
2024-11-13,SKU_01,bebidas,smooth,137.0,9.64,0,21.0
2024-11-14,SKU_01,bebidas,smooth,196.0,8.2,1,17.5
2024-11-15,SKU_01,bebidas,smooth,126.0,9.85,0,17.7
2024-11-16,SKU_01,bebidas,smooth,82.0,9.97,0,17.6
2024-11-17,SKU_01,bebidas,smooth,76.0,10.08,0,20.2
2024-11-18,SKU_01,bebidas,smooth,152.0,10.06,0,21.7
2024-11-19,SKU_01,bebidas,smooth,130.0,10.22,0,17.8
2024-11-20,SKU_01,bebidas,smooth,131.0,10.23,0,17.9
2024-11-21,SKU_01,bebidas,smooth,143.0,9.83,0,19.5
2024-11-22,SKU_01,bebidas,smooth,77.0,10.05,0,18.4
2024-11-23,SKU_01,bebidas,smooth,82.0,9.83,0,20.9
2024-11-24,SKU_01,bebidas,smooth,140.0,9.96,0,14.5
2024-11-25,SKU_01,bebidas,smooth,114.0,10.06,0,17.4
2024-11-26,SKU_01,bebidas,smooth,104.0,9.32,0,17.6
2024-11-27,SKU_01,bebidas,smooth,257.0,10.48,0,14.6
2024-11-28,SKU_01,bebidas,smooth,109.0,10.11,0,17.3
2024-11-29,SKU_01,bebidas,smooth,79.0,9.88,0,17.5
2024-11-30,SKU_01,bebidas,smooth,56.0,10.39,0,19.0
2024-12-01,SKU_01,bebidas,smooth,149.0,9.93,0,21.7
2024-12-02,SKU_01,bebidas,smooth,109.0,10.03,0,19.0
2024-12-03,SKU_01,bebidas,smooth,120.0,9.9,0,17.5
2024-12-04,SKU_01,bebidas,smooth,0.0,10.33,0,19.5
2024-12-05,SKU_01,bebidas,smooth,165.0,9.98,0,21.8
2024-12-06,SKU_01,bebidas,smooth,92.0,10.03,0,17.9
2024-12-07,SKU_01,bebidas,smooth,52.0,10.24,0,18.1
2024-12-08,SKU_01,bebidas,smooth,229.0,10.12,0,21.1
2024-12-09,SKU_01,bebidas,smooth,106.0,9.99,0,19.6
2024-12-10,SKU_01,bebidas,smooth,216.0,10.22,0,21.4
2024-12-11,SKU_01,bebidas,smooth,186.0,10.51,0,20.2
2024-12-12,SKU_01,bebidas,smooth,172.0,10.06,0,21.7
2024-12-13,SKU_01,bebidas,smooth,67.0,10.02,0,18.3
2024-12-14,SKU_01,bebidas,smooth,90.0,10.03,0,20.4
2024-12-15,SKU_01,bebidas,smooth,130.0,10.26,0,20.1
2024-12-16,SKU_01,bebidas,smooth,142.0,9.88,0,18.2
2024-12-17,SKU_01,bebidas,smooth,130.0,9.94,0,17.6
2024-12-18,SKU_01,bebidas,smooth,93.0,9.69,0,22.1
2024-12-19,SKU_01,bebidas,smooth,195.0,9.76,0,20.2
2024-12-20,SKU_01,bebidas,smooth,84.0,9.9,0,18.9
2024-12-21,SKU_01,bebidas,smooth,79.0,9.99,0,20.8
2024-12-22,SKU_01,bebidas,smooth,201.0,8.85,1,23.4
2024-12-23,SKU_01,bebidas,smooth,151.0,10.11,0,16.7
2024-12-24,SKU_01,bebidas,smooth,115.0,9.82,0,18.3
2024-12-25,SKU_01,bebidas,smooth,85.0,9.85,0,19.6
2024-12-26,SKU_01,bebidas,smooth,264.0,8.77,1,24.4
2024-12-27,SKU_01,bebidas,smooth,106.0,10.23,0,22.2
2024-12-28,SKU_01,bebidas,smooth,91.0,10.01,0,23.2
2024-12-29,SKU_01,bebidas,smooth,113.0,9.91,0,19.5
2024-12-30,SKU_01,bebidas,smooth,155.0,10.22,0,19.6
2023-01-01,SKU_02,bebidas,smooth,97.0,12.08,0,22.6
2023-01-02,SKU_02,bebidas,smooth,130.0,11.53,0,20.0
2023-01-03,SKU_02,bebidas,smooth,325.0,9.98,1,23.7
2023-01-04,SKU_02,bebidas,smooth,137.0,12.09,0,24.2
2023-01-05,SKU_02,bebidas,smooth,95.0,11.74,0,18.5
2023-01-06,SKU_02,bebidas,smooth,113.0,10.29,1,19.9
2023-01-07,SKU_02,bebidas,smooth,68.0,12.18,0,22.8
2023-01-08,SKU_02,bebidas,smooth,130.0,10.1,1,22.0
2023-01-09,SKU_02,bebidas,smooth,152.0,11.81,0,22.7
2023-01-10,SKU_02,bebidas,smooth,164.0,11.91,0,21.2
2023-01-11,SKU_02,bebidas,smooth,124.0,11.81,0,24.7
2023-01-12,SKU_02,bebidas,smooth,123.0,11.98,0,24.6
2023-01-13,SKU_02,bebidas,smooth,61.0,12.02,0,23.3
2023-01-14,SKU_02,bebidas,smooth,78.0,11.94,0,25.5
2023-01-15,SKU_02,bebidas,smooth,170.0,10.53,1,24.3
2023-01-16,SKU_02,bebidas,smooth,100.0,11.86,0,21.8
2023-01-17,SKU_02,bebidas,smooth,216.0,12.28,0,24.3
2023-01-18,SKU_02,bebidas,smooth,145.0,11.79,0,21.8
2023-01-19,SKU_02,bebidas,smooth,160.0,12.01,0,25.6
2023-01-20,SKU_02,bebidas,smooth,99.0,12.24,0,23.8
2023-01-21,SKU_02,bebidas,smooth,96.0,12.23,0,23.6
2023-01-22,SKU_02,bebidas,smooth,120.0,11.92,0,22.7
2023-01-23,SKU_02,bebidas,smooth,154.0,12.11,0,26.7
2023-01-24,SKU_02,bebidas,smooth,128.0,12.08,0,24.0
2023-01-25,SKU_02,bebidas,smooth,152.0,11.89,0,23.6
2023-01-26,SKU_02,bebidas,smooth,149.0,12.12,0,23.8
2023-01-27,SKU_02,bebidas,smooth,77.0,12.37,0,25.7
2023-01-28,SKU_02,bebidas,smooth,61.0,12.09,0,25.5
2023-01-29,SKU_02,bebidas,smooth,149.0,12.11,0,25.6
2023-01-30,SKU_02,bebidas,smooth,137.0,12.13,0,25.8
2023-01-31,SKU_02,bebidas,smooth,96.0,11.71,0,29.3
2023-02-01,SKU_02,bebidas,smooth,159.0,12.09,0,24.3
2023-02-02,SKU_02,bebidas,smooth,178.0,11.8,0,24.2
2023-02-03,SKU_02,bebidas,smooth,222.0,10.08,1,23.7
2023-02-04,SKU_02,bebidas,smooth,115.0,10.63,1,26.7
2023-02-05,SKU_02,bebidas,smooth,133.0,11.95,0,27.8
2023-02-06,SKU_02,bebidas,smooth,160.0,10.05,1,25.4
2023-02-07,SKU_02,bebidas,smooth,149.0,12.23,0,24.1
2023-02-08,SKU_02,bebidas,smooth,150.0,11.81,0,24.2
2023-02-09,SKU_02,bebidas,smooth,124.0,11.91,0,27.2
2023-02-10,SKU_02,bebidas,smooth,87.0,12.25,0,27.5
2023-02-11,SKU_02,bebidas,smooth,55.0,12.01,0,27.2
2023-02-12,SKU_02,bebidas,smooth,184.0,11.69,0,24.9
2023-02-13,SKU_02,bebidas,smooth,126.0,12.11,0,26.8
2023-02-14,SKU_02,bebidas,smooth,151.0,11.92,0,26.6
2023-02-15,SKU_02,bebidas,smooth,107.0,12.31,0,26.9
2023-02-16,SKU_02,bebidas,smooth,136.0,11.88,0,28.3
2023-02-17,SKU_02,bebidas,smooth,85.0,12.21,0,27.1
2023-02-18,SKU_02,bebidas,smooth,92.0,12.36,0,28.1
2023-02-19,SKU_02,bebidas,smooth,173.0,11.83,0,27.0
2023-02-20,SKU_02,bebidas,smooth,322.0,10.16,1,27.5
2023-02-21,SKU_02,bebidas,smooth,276.0,10.28,1,28.3
2023-02-22,SKU_02,bebidas,smooth,186.0,11.83,0,24.2
2023-02-23,SKU_02,bebidas,smooth,220.0,12.05,0,26.6
2023-02-24,SKU_02,bebidas,smooth,105.0,11.96,0,26.4
2023-02-25,SKU_02,bebidas,smooth,90.0,11.95,0,26.1
2023-02-26,SKU_02,bebidas,smooth,200.0,12.01,0,26.9
2023-02-27,SKU_02,bebidas,smooth,218.0,12.01,0,30.6
2023-02-28,SKU_02,bebidas,smooth,180.0,12.03,0,25.9
2023-03-01,SKU_02,bebidas,smooth,115.0,11.88,0,29.7
2023-03-02,SKU_02,bebidas,smooth,176.0,10.09,1,24.4
2023-03-03,SKU_02,bebidas,smooth,87.0,11.98,0,27.2
2023-03-04,SKU_02,bebidas,smooth,115.0,11.99,0,28.3
2023-03-05,SKU_02,bebidas,smooth,164.0,11.91,0,29.2
2023-03-06,SKU_02,bebidas,smooth,219.0,12.06,0,29.5
2023-03-07,SKU_02,bebidas,smooth,334.0,9.84,1,29.8
2023-03-08,SKU_02,bebidas,smooth,216.0,11.85,0,27.6
2023-03-09,SKU_02,bebidas,smooth,215.0,11.94,0,27.4
2023-03-10,SKU_02,bebidas,smooth,78.0,11.83,0,30.1
2023-03-11,SKU_02,bebidas,smooth,108.0,12.33,0,28.1
2023-03-12,SKU_02,bebidas,smooth,134.0,12.0,0,26.0
2023-03-13,SKU_02,bebidas,smooth,105.0,12.04,0,26.3
2023-03-14,SKU_02,bebidas,smooth,148.0,11.9,0,26.8
2023-03-15,SKU_02,bebidas,smooth,233.0,12.0,0,29.7
2023-03-16,SKU_02,bebidas,smooth,187.0,11.76,0,29.1
2023-03-17,SKU_02,bebidas,smooth,166.0,11.97,0,30.3
2023-03-18,SKU_02,bebidas,smooth,101.0,11.81,0,28.1
2023-03-19,SKU_02,bebidas,smooth,306.0,11.94,0,29.3
2023-03-20,SKU_02,bebidas,smooth,178.0,11.49,0,30.3
2023-03-21,SKU_02,bebidas,smooth,166.0,11.77,0,28.5
2023-03-22,SKU_02,bebidas,smooth,181.0,10.49,1,30.1
2023-03-23,SKU_02,bebidas,smooth,215.0,12.17,0,27.9
2023-03-24,SKU_02,bebidas,smooth,86.0,12.26,0,28.5
2023-03-25,SKU_02,bebidas,smooth,84.0,12.28,0,28.5
2023-03-26,SKU_02,bebidas,smooth,221.0,12.13,0,27.0
2023-03-27,SKU_02,bebidas,smooth,228.0,11.91,0,30.4
2023-03-28,SKU_02,bebidas,smooth,219.0,11.79,0,28.5
2023-03-29,SKU_02,bebidas,smooth,155.0,12.23,0,29.5
2023-03-30,SKU_02,bebidas,smooth,171.0,12.01,0,30.5
2023-03-31,SKU_02,bebidas,smooth,101.0,12.5,0,30.5
2023-04-01,SKU_02,bebidas,smooth,124.0,11.93,0,30.9
2023-04-02,SKU_02,bebidas,smooth,249.0,12.39,0,29.4
2023-04-03,SKU_02,bebidas,smooth,183.0,11.97,0,28.8
2023-04-04,SKU_02,bebidas,smooth,276.0,12.27,0,29.5
2023-04-05,SKU_02,bebidas,smooth,200.0,12.34,0,26.4
2023-04-06,SKU_02,bebidas,smooth,153.0,11.8,0,26.9
2023-04-07,SKU_02,bebidas,smooth,118.0,11.9,0,27.1
2023-04-08,SKU_02,bebidas,smooth,148.0,11.79,0,27.8
2023-04-09,SKU_02,bebidas,smooth,284.0,11.75,0,30.6
2023-04-10,SKU_02,bebidas,smooth,222.0,12.13,0,28.1
2023-04-11,SKU_02,bebidas,smooth,170.0,11.96,0,29.1
2023-04-12,SKU_02,bebidas,smooth,170.0,12.01,0,32.5
2023-04-13,SKU_02,bebidas,smooth,195.0,12.11,0,29.2
2023-04-14,SKU_02,bebidas,smooth,156.0,11.63,0,31.4
2023-04-15,SKU_02,bebidas,smooth,109.0,12.26,0,28.1
2023-04-16,SKU_02,bebidas,smooth,190.0,11.93,0,29.6
2023-04-17,SKU_02,bebidas,smooth,168.0,12.11,0,28.1
2023-04-18,SKU_02,bebidas,smooth,156.0,12.12,0,29.3
2023-04-19,SKU_02,bebidas,smooth,170.0,12.27,0,31.7
2023-04-20,SKU_02,bebidas,smooth,166.0,11.98,0,26.5
2023-04-21,SKU_02,bebidas,smooth,157.0,11.58,0,30.9
2023-04-22,SKU_02,bebidas,smooth,139.0,10.21,1,30.5
2023-04-23,SKU_02,bebidas,smooth,170.0,12.04,0,28.8
2023-04-24,SKU_02,bebidas,smooth,131.0,11.79,0,27.1
2023-04-25,SKU_02,bebidas,smooth,205.0,12.03,0,30.1
2023-04-26,SKU_02,bebidas,smooth,234.0,11.93,0,28.9
2023-04-27,SKU_02,bebidas,smooth,257.0,11.73,0,30.4
2023-04-28,SKU_02,bebidas,smooth,107.0,12.13,0,30.0
2023-04-29,SKU_02,bebidas,smooth,123.0,11.89,0,33.2
2023-04-30,SKU_02,bebidas,smooth,162.0,11.92,0,29.5
2023-05-01,SKU_02,bebidas,smooth,187.0,11.91,0,27.9
2023-05-02,SKU_02,bebidas,smooth,185.0,12.25,0,30.3
2023-05-03,SKU_02,bebidas,smooth,174.0,11.99,0,30.3
2023-05-04,SKU_02,bebidas,smooth,184.0,12.02,0,32.6
2023-05-05,SKU_02,bebidas,smooth,115.0,11.91,0,31.5
2023-05-06,SKU_02,bebidas,smooth,94.0,12.09,0,30.5
2023-05-07,SKU_02,bebidas,smooth,167.0,12.27,0,32.7
2023-05-08,SKU_02,bebidas,smooth,246.0,12.13,0,27.4
2023-05-09,SKU_02,bebidas,smooth,321.0,12.14,0,28.5
2023-05-10,SKU_02,bebidas,smooth,121.0,12.12,0,27.9
2023-05-11,SKU_02,bebidas,smooth,121.0,11.72,0,28.9
2023-05-12,SKU_02,bebidas,smooth,74.0,11.82,0,26.9
2023-05-13,SKU_02,bebidas,smooth,99.0,11.96,0,30.9
2023-05-14,SKU_02,bebidas,smooth,207.0,11.85,0,29.1
2023-05-15,SKU_02,bebidas,smooth,182.0,11.79,0,26.6
2023-05-16,SKU_02,bebidas,smooth,167.0,11.63,0,27.5
2023-05-17,SKU_02,bebidas,smooth,191.0,11.73,0,30.1
2023-05-18,SKU_02,bebidas,smooth,144.0,11.95,0,31.1
2023-05-19,SKU_02,bebidas,smooth,99.0,11.99,0,33.4
2023-05-20,SKU_02,bebidas,smooth,108.0,11.84,0,35.2
2023-05-21,SKU_02,bebidas,smooth,114.0,12.02,0,30.1
2023-05-22,SKU_02,bebidas,smooth,119.0,11.91,0,27.3
2023-05-23,SKU_02,bebidas,smooth,167.0,10.42,1,24.9
2023-05-24,SKU_02,bebidas,smooth,200.0,11.97,0,29.7
2023-05-25,SKU_02,bebidas,smooth,168.0,12.14,0,27.4
2023-05-26,SKU_02,bebidas,smooth,110.0,12.04,0,28.2
2023-05-27,SKU_02,bebidas,smooth,0.0,11.72,0,27.7
2023-05-28,SKU_02,bebidas,smooth,112.0,11.98,0,28.6
2023-05-29,SKU_02,bebidas,smooth,197.0,11.75,0,31.0
2023-05-30,SKU_02,bebidas,smooth,0.0,11.98,0,29.1
2023-05-31,SKU_02,bebidas,smooth,216.0,11.85,0,28.4
2023-06-01,SKU_02,bebidas,smooth,98.0,12.08,0,26.6
2023-06-02,SKU_02,bebidas,smooth,109.0,11.73,0,25.2
2023-06-03,SKU_02,bebidas,smooth,74.0,12.0,0,27.5
2023-06-04,SKU_02,bebidas,smooth,205.0,12.11,0,28.3
2023-06-05,SKU_02,bebidas,smooth,371.0,12.18,0,31.9
2023-06-06,SKU_02,bebidas,smooth,132.0,10.05,1,28.6
2023-06-07,SKU_02,bebidas,smooth,194.0,12.0,0,30.2
2023-06-08,SKU_02,bebidas,smooth,0.0,12.04,0,27.2
2023-06-09,SKU_02,bebidas,smooth,98.0,12.31,0,25.7
2023-06-10,SKU_02,bebidas,smooth,85.0,11.7,0,26.1
2023-06-11,SKU_02,bebidas,smooth,156.0,11.82,0,26.5
2023-06-12,SKU_02,bebidas,smooth,134.0,12.56,0,32.1
2023-06-13,SKU_02,bebidas,smooth,181.0,11.95,0,26.1
2023-06-14,SKU_02,bebidas,smooth,111.0,11.62,0,29.4
2023-06-15,SKU_02,bebidas,smooth,201.0,11.88,0,25.8
2023-06-16,SKU_02,bebidas,smooth,84.0,11.45,0,29.4
2023-06-17,SKU_02,bebidas,smooth,64.0,12.05,0,28.2
2023-06-18,SKU_02,bebidas,smooth,223.0,12.16,0,27.0
2023-06-19,SKU_02,bebidas,smooth,148.0,11.82,0,27.2
2023-06-20,SKU_02,bebidas,smooth,235.0,11.91,0,25.9
2023-06-21,SKU_02,bebidas,smooth,206.0,12.18,0,28.0
2023-06-22,SKU_02,bebidas,smooth,120.0,11.65,0,26.1
2023-06-23,SKU_02,bebidas,smooth,82.0,11.74,0,24.5
2023-06-24,SKU_02,bebidas,smooth,86.0,11.95,0,24.3
2023-06-25,SKU_02,bebidas,smooth,216.0,11.85,0,27.1
2023-06-26,SKU_02,bebidas,smooth,173.0,11.94,0,29.8
2023-06-27,SKU_02,bebidas,smooth,154.0,11.75,0,26.9
2023-06-28,SKU_02,bebidas,smooth,138.0,12.04,0,26.2
2023-06-29,SKU_02,bebidas,smooth,145.0,11.97,0,26.9
2023-06-30,SKU_02,bebidas,smooth,124.0,12.11,0,28.9
2023-07-01,SKU_02,bebidas,smooth,86.0,12.04,0,26.6
2023-07-02,SKU_02,bebidas,smooth,128.0,12.04,0,25.3
2023-07-03,SKU_02,bebidas,smooth,129.0,11.71,0,28.2
2023-07-04,SKU_02,bebidas,smooth,126.0,12.1,0,26.7
2023-07-05,SKU_02,bebidas,smooth,107.0,11.93,0,28.9
2023-07-06,SKU_02,bebidas,smooth,118.0,11.97,0,26.0
2023-07-07,SKU_02,bebidas,smooth,114.0,12.21,0,23.1
2023-07-08,SKU_02,bebidas,smooth,74.0,11.86,0,22.7
2023-07-09,SKU_02,bebidas,smooth,176.0,12.27,0,28.7
2023-07-10,SKU_02,bebidas,smooth,80.0,12.29,0,28.7
2023-07-11,SKU_02,bebidas,smooth,158.0,12.15,0,24.8
2023-07-12,SKU_02,bebidas,smooth,130.0,11.8,0,24.3
2023-07-13,SKU_02,bebidas,smooth,129.0,11.56,0,27.9
2023-07-14,SKU_02,bebidas,smooth,81.0,12.22,0,22.7
2023-07-15,SKU_02,bebidas,smooth,69.0,12.02,0,23.0
2023-07-16,SKU_02,bebidas,smooth,82.0,11.85,0,26.0
2023-07-17,SKU_02,bebidas,smooth,167.0,12.23,0,23.8
2023-07-18,SKU_02,bebidas,smooth,143.0,11.83,0,24.5
2023-07-19,SKU_02,bebidas,smooth,123.0,11.92,0,24.0
2023-07-20,SKU_02,bebidas,smooth,106.0,12.1,0,24.9
2023-07-21,SKU_02,bebidas,smooth,57.0,11.78,0,27.0
2023-07-22,SKU_02,bebidas,smooth,83.0,11.98,0,24.2
2023-07-23,SKU_02,bebidas,smooth,200.0,12.22,0,25.2
2023-07-24,SKU_02,bebidas,smooth,127.0,12.04,0,19.7
2023-07-25,SKU_02,bebidas,smooth,93.0,12.25,0,23.6
2023-07-26,SKU_02,bebidas,smooth,133.0,12.23,0,22.0
2023-07-27,SKU_02,bebidas,smooth,121.0,12.0,0,21.1
2023-07-28,SKU_02,bebidas,smooth,91.0,11.53,0,21.7
2023-07-29,SKU_02,bebidas,smooth,87.0,11.78,0,22.7
2023-07-30,SKU_02,bebidas,smooth,63.0,12.15,0,25.1
2023-07-31,SKU_02,bebidas,smooth,200.0,9.89,1,20.5
2023-08-01,SKU_02,bebidas,smooth,99.0,11.93,0,23.1
2023-08-02,SKU_02,bebidas,smooth,87.0,12.07,0,22.0
2023-08-03,SKU_02,bebidas,smooth,118.0,12.29,0,22.2
2023-08-04,SKU_02,bebidas,smooth,85.0,11.88,0,24.7
2023-08-05,SKU_02,bebidas,smooth,0.0,11.87,0,23.7
2023-08-06,SKU_02,bebidas,smooth,156.0,11.99,0,25.2
2023-08-07,SKU_02,bebidas,smooth,148.0,12.07,0,22.1
2023-08-08,SKU_02,bebidas,smooth,120.0,11.97,0,20.9
2023-08-09,SKU_02,bebidas,smooth,98.0,12.21,0,21.8
2023-08-10,SKU_02,bebidas,smooth,96.0,11.84,0,22.6
2023-08-11,SKU_02,bebidas,smooth,93.0,12.02,0,22.4
2023-08-12,SKU_02,bebidas,smooth,47.0,12.09,0,19.8
2023-08-13,SKU_02,bebidas,smooth,158.0,11.92,0,22.0
2023-08-14,SKU_02,bebidas,smooth,117.0,12.17,0,22.2
2023-08-15,SKU_02,bebidas,smooth,129.0,12.03,0,26.7
2023-08-16,SKU_02,bebidas,smooth,122.0,10.36,1,25.3
2023-08-17,SKU_02,bebidas,smooth,111.0,12.04,0,19.7
2023-08-18,SKU_02,bebidas,smooth,81.0,12.08,0,20.8
2023-08-19,SKU_02,bebidas,smooth,47.0,11.87,0,18.3
2023-08-20,SKU_02,bebidas,smooth,130.0,11.87,0,20.0
2023-08-21,SKU_02,bebidas,smooth,121.0,12.24,0,21.7
2023-08-22,SKU_02,bebidas,smooth,105.0,12.13,0,23.4
2023-08-23,SKU_02,bebidas,smooth,139.0,11.8,0,19.4
2023-08-24,SKU_02,bebidas,smooth,66.0,12.04,0,19.5
2023-08-25,SKU_02,bebidas,smooth,67.0,11.53,0,16.4
2023-08-26,SKU_02,bebidas,smooth,147.0,10.09,1,20.3
2023-08-27,SKU_02,bebidas,smooth,156.0,12.19,0,18.4
2023-08-28,SKU_02,bebidas,smooth,123.0,11.97,0,19.4
2023-08-29,SKU_02,bebidas,smooth,148.0,10.22,1,18.6
2023-08-30,SKU_02,bebidas,smooth,97.0,11.4,0,20.1
2023-08-31,SKU_02,bebidas,smooth,98.0,11.92,0,16.7
2023-09-01,SKU_02,bebidas,smooth,72.0,12.07,0,17.2
2023-09-02,SKU_02,bebidas,smooth,59.0,12.09,0,24.3
2023-09-03,SKU_02,bebidas,smooth,128.0,12.19,0,17.4
2023-09-04,SKU_02,bebidas,smooth,181.0,11.96,0,17.7
2023-09-05,SKU_02,bebidas,smooth,119.0,11.97,0,23.5
2023-09-06,SKU_02,bebidas,smooth,90.0,11.73,0,25.6
2023-09-07,SKU_02,bebidas,smooth,76.0,11.96,0,17.4
2023-09-08,SKU_02,bebidas,smooth,78.0,11.75,0,18.9
2023-09-09,SKU_02,bebidas,smooth,66.0,11.63,0,20.2
2023-09-10,SKU_02,bebidas,smooth,148.0,11.78,0,22.9
2023-09-11,SKU_02,bebidas,smooth,92.0,12.3,0,17.4
2023-09-12,SKU_02,bebidas,smooth,134.0,11.95,0,18.9
2023-09-13,SKU_02,bebidas,smooth,109.0,12.04,0,20.8
2023-09-14,SKU_02,bebidas,smooth,93.0,11.9,0,20.1
2023-09-15,SKU_02,bebidas,smooth,58.0,11.64,0,18.4
2023-09-16,SKU_02,bebidas,smooth,69.0,10.39,1,18.8
2023-09-17,SKU_02,bebidas,smooth,167.0,11.57,0,16.3
2023-09-18,SKU_02,bebidas,smooth,105.0,11.89,0,18.5
2023-09-19,SKU_02,bebidas,smooth,125.0,11.99,0,18.4
2023-09-20,SKU_02,bebidas,smooth,96.0,12.05,0,19.3
2023-09-21,SKU_02,bebidas,smooth,81.0,11.85,0,17.7
2023-09-22,SKU_02,bebidas,smooth,61.0,11.63,0,19.7
2023-09-23,SKU_02,bebidas,smooth,87.0,11.84,0,20.7
2023-09-24,SKU_02,bebidas,smooth,96.0,11.85,0,19.0
2023-09-25,SKU_02,bebidas,smooth,88.0,11.85,0,19.3
2023-09-26,SKU_02,bebidas,smooth,112.0,12.19,0,18.7
2023-09-27,SKU_02,bebidas,smooth,121.0,11.76,0,18.5
2023-09-28,SKU_02,bebidas,smooth,156.0,12.06,0,17.1
2023-09-29,SKU_02,bebidas,smooth,70.0,12.03,0,19.1
2023-09-30,SKU_02,bebidas,smooth,74.0,12.19,0,18.2
2023-10-01,SKU_02,bebidas,smooth,140.0,11.97,0,22.6
2023-10-02,SKU_02,bebidas,smooth,87.0,12.16,0,21.5
2023-10-03,SKU_02,bebidas,smooth,86.0,11.97,0,19.1
2023-10-04,SKU_02,bebidas,smooth,80.0,12.09,0,16.8
2023-10-05,SKU_02,bebidas,smooth,73.0,11.7,0,16.0
2023-10-06,SKU_02,bebidas,smooth,81.0,11.47,0,20.6
2023-10-07,SKU_02,bebidas,smooth,69.0,12.08,0,18.7
2023-10-08,SKU_02,bebidas,smooth,112.0,12.09,0,19.1
2023-10-09,SKU_02,bebidas,smooth,52.0,12.1,0,14.7
2023-10-10,SKU_02,bebidas,smooth,185.0,11.9,0,20.0
2023-10-11,SKU_02,bebidas,smooth,88.0,12.3,0,19.0
2023-10-12,SKU_02,bebidas,smooth,245.0,10.11,1,15.9
2023-10-13,SKU_02,bebidas,smooth,43.0,12.08,0,17.1
2023-10-14,SKU_02,bebidas,smooth,53.0,12.12,0,18.6
2023-10-15,SKU_02,bebidas,smooth,63.0,12.34,0,18.1
2023-10-16,SKU_02,bebidas,smooth,116.0,11.94,0,17.4
2023-10-17,SKU_02,bebidas,smooth,82.0,11.87,0,17.8
2023-10-18,SKU_02,bebidas,smooth,82.0,11.7,0,17.5
2023-10-19,SKU_02,bebidas,smooth,77.0,12.31,0,18.3
2023-10-20,SKU_02,bebidas,smooth,83.0,12.08,0,20.9
2023-10-21,SKU_02,bebidas,smooth,67.0,12.09,0,12.9
2023-10-22,SKU_02,bebidas,smooth,168.0,12.62,0,17.5
2023-10-23,SKU_02,bebidas,smooth,92.0,12.07,0,18.4
2023-10-24,SKU_02,bebidas,smooth,116.0,11.74,0,18.6
2023-10-25,SKU_02,bebidas,smooth,78.0,11.96,0,17.3
2023-10-26,SKU_02,bebidas,smooth,93.0,11.81,0,14.5
2023-10-27,SKU_02,bebidas,smooth,57.0,11.92,0,18.7
2023-10-28,SKU_02,bebidas,smooth,78.0,11.92,0,21.5
2023-10-29,SKU_02,bebidas,smooth,131.0,11.88,0,15.0
2023-10-30,SKU_02,bebidas,smooth,146.0,11.72,0,19.8
2023-10-31,SKU_02,bebidas,smooth,88.0,12.32,0,17.4
2023-11-01,SKU_02,bebidas,smooth,141.0,12.06,0,18.0
2023-11-02,SKU_02,bebidas,smooth,104.0,11.95,0,16.0
2023-11-03,SKU_02,bebidas,smooth,59.0,12.15,0,17.5
2023-11-04,SKU_02,bebidas,smooth,58.0,12.09,0,20.8
2023-11-05,SKU_02,bebidas,smooth,145.0,10.26,1,19.3
2023-11-06,SKU_02,bebidas,smooth,185.0,12.14,0,21.7
2023-11-07,SKU_02,bebidas,smooth,127.0,12.03,0,20.6
2023-11-08,SKU_02,bebidas,smooth,119.0,12.13,0,19.1
2023-11-09,SKU_02,bebidas,smooth,114.0,12.15,0,21.8
2023-11-10,SKU_02,bebidas,smooth,124.0,12.03,0,19.2
2023-11-11,SKU_02,bebidas,smooth,96.0,11.96,0,20.0
2023-11-12,SKU_02,bebidas,smooth,94.0,12.31,0,17.8
2023-11-13,SKU_02,bebidas,smooth,107.0,11.9,0,18.6
2023-11-14,SKU_02,bebidas,smooth,105.0,12.08,0,17.1
2023-11-15,SKU_02,bebidas,smooth,124.0,12.08,0,20.5
2023-11-16,SKU_02,bebidas,smooth,92.0,11.88,0,16.2
2023-11-17,SKU_02,bebidas,smooth,79.0,11.84,0,20.2
2023-11-18,SKU_02,bebidas,smooth,98.0,11.93,0,18.3
2023-11-19,SKU_02,bebidas,smooth,89.0,11.9,0,21.0
2023-11-20,SKU_02,bebidas,smooth,92.0,11.71,0,20.2
2023-11-21,SKU_02,bebidas,smooth,113.0,11.87,0,22.4
2023-11-22,SKU_02,bebidas,smooth,110.0,12.05,0,20.3
2023-11-23,SKU_02,bebidas,smooth,180.0,12.25,0,15.8
2023-11-24,SKU_02,bebidas,smooth,90.0,12.11,0,18.8
2023-11-25,SKU_02,bebidas,smooth,0.0,11.48,0,16.7
2023-11-26,SKU_02,bebidas,smooth,109.0,12.13,0,18.0
2023-11-27,SKU_02,bebidas,smooth,120.0,11.89,0,22.2
2023-11-28,SKU_02,bebidas,smooth,87.0,12.09,0,20.5
2023-11-29,SKU_02,bebidas,smooth,142.0,12.0,0,17.9
2023-11-30,SKU_02,bebidas,smooth,131.0,11.96,0,17.3
2023-12-01,SKU_02,bebidas,smooth,99.0,11.98,0,19.4
2023-12-02,SKU_02,bebidas,smooth,65.0,12.0,0,17.0
2023-12-03,SKU_02,bebidas,smooth,115.0,12.27,0,18.2
2023-12-04,SKU_02,bebidas,smooth,131.0,12.0,0,20.2
2023-12-05,SKU_02,bebidas,smooth,162.0,12.22,0,22.0
2023-12-06,SKU_02,bebidas,smooth,89.0,12.19,0,20.9
2023-12-07,SKU_02,bebidas,smooth,195.0,10.33,1,15.2
2023-12-08,SKU_02,bebidas,smooth,75.0,11.64,0,20.5
2023-12-09,SKU_02,bebidas,smooth,57.0,12.22,0,20.1
2023-12-10,SKU_02,bebidas,smooth,77.0,11.91,0,20.9
2023-12-11,SKU_02,bebidas,smooth,131.0,12.14,0,23.3
2023-12-12,SKU_02,bebidas,smooth,167.0,11.81,0,16.1
2023-12-13,SKU_02,bebidas,smooth,190.0,11.76,0,19.1
2023-12-14,SKU_02,bebidas,smooth,145.0,12.4,0,21.5
2023-12-15,SKU_02,bebidas,smooth,116.0,11.81,0,17.3
2023-12-16,SKU_02,bebidas,smooth,81.0,12.23,0,23.5
2023-12-17,SKU_02,bebidas,smooth,169.0,12.02,0,21.3
2023-12-18,SKU_02,bebidas,smooth,122.0,11.92,0,22.4
2023-12-19,SKU_02,bebidas,smooth,113.0,11.99,0,19.6
2023-12-20,SKU_02,bebidas,smooth,117.0,11.74,0,22.5
2023-12-21,SKU_02,bebidas,smooth,85.0,12.0,0,23.1
2023-12-22,SKU_02,bebidas,smooth,160.0,9.98,1,21.5
2023-12-23,SKU_02,bebidas,smooth,69.0,11.92,0,21.6
2023-12-24,SKU_02,bebidas,smooth,113.0,12.19,0,21.8
2023-12-25,SKU_02,bebidas,smooth,99.0,12.05,0,19.6
2023-12-26,SKU_02,bebidas,smooth,129.0,11.7,0,21.1
2023-12-27,SKU_02,bebidas,smooth,211.0,12.17,0,21.2
2023-12-28,SKU_02,bebidas,smooth,235.0,12.0,0,22.4
2023-12-29,SKU_02,bebidas,smooth,57.0,11.89,0,23.7
2023-12-30,SKU_02,bebidas,smooth,72.0,12.15,0,19.7
2023-12-31,SKU_02,bebidas,smooth,108.0,11.97,0,21.6
2024-01-01,SKU_02,bebidas,smooth,191.0,11.77,0,24.9
2024-01-02,SKU_02,bebidas,smooth,148.0,12.37,0,20.6
2024-01-03,SKU_02,bebidas,smooth,117.0,12.0,0,20.5
2024-01-04,SKU_02,bebidas,smooth,147.0,11.98,0,22.7
2024-01-05,SKU_02,bebidas,smooth,78.0,11.92,0,24.1
2024-01-06,SKU_02,bebidas,smooth,127.0,12.24,0,22.5
2024-01-07,SKU_02,bebidas,smooth,176.0,11.9,0,25.2
2024-01-08,SKU_02,bebidas,smooth,179.0,11.69,0,24.4
2024-01-09,SKU_02,bebidas,smooth,79.0,11.86,0,24.5
2024-01-10,SKU_02,bebidas,smooth,148.0,12.27,0,24.0
2024-01-11,SKU_02,bebidas,smooth,271.0,12.17,0,27.6
2024-01-12,SKU_02,bebidas,smooth,121.0,11.95,0,22.7
2024-01-13,SKU_02,bebidas,smooth,52.0,12.27,0,19.2
2024-01-14,SKU_02,bebidas,smooth,215.0,10.35,1,26.5
2024-01-15,SKU_02,bebidas,smooth,111.0,11.95,0,22.5
2024-01-16,SKU_02,bebidas,smooth,232.0,11.97,0,23.7
2024-01-17,SKU_02,bebidas,smooth,170.0,12.07,0,26.2
2024-01-18,SKU_02,bebidas,smooth,118.0,11.83,0,20.5
2024-01-19,SKU_02,bebidas,smooth,87.0,12.0,0,21.3
2024-01-20,SKU_02,bebidas,smooth,45.0,12.06,0,20.7
2024-01-21,SKU_02,bebidas,smooth,0.0,11.66,0,22.4
2024-01-22,SKU_02,bebidas,smooth,160.0,11.96,0,25.0
2024-01-23,SKU_02,bebidas,smooth,197.0,11.94,0,25.3
2024-01-24,SKU_02,bebidas,smooth,99.0,12.21,0,24.9
2024-01-25,SKU_02,bebidas,smooth,136.0,11.63,0,21.6
2024-01-26,SKU_02,bebidas,smooth,109.0,11.92,0,19.9
2024-01-27,SKU_02,bebidas,smooth,66.0,11.9,0,24.7
2024-01-28,SKU_02,bebidas,smooth,167.0,12.19,0,23.8
2024-01-29,SKU_02,bebidas,smooth,167.0,11.99,0,25.7
2024-01-30,SKU_02,bebidas,smooth,254.0,12.36,0,26.3
2024-01-31,SKU_02,bebidas,smooth,225.0,10.33,1,25.3
2024-02-01,SKU_02,bebidas,smooth,234.0,10.12,1,26.6
2024-02-02,SKU_02,bebidas,smooth,176.0,10.25,1,25.7
2024-02-03,SKU_02,bebidas,smooth,71.0,11.93,0,26.4
2024-02-04,SKU_02,bebidas,smooth,152.0,12.17,0,24.0
2024-02-05,SKU_02,bebidas,smooth,214.0,9.93,1,25.2
2024-02-06,SKU_02,bebidas,smooth,163.0,11.84,0,26.0
2024-02-07,SKU_02,bebidas,smooth,214.0,12.09,0,27.4
2024-02-08,SKU_02,bebidas,smooth,190.0,12.25,0,25.0
2024-02-09,SKU_02,bebidas,smooth,85.0,11.56,0,27.0
2024-02-10,SKU_02,bebidas,smooth,103.0,12.27,0,25.5
2024-02-11,SKU_02,bebidas,smooth,245.0,11.97,0,25.9
2024-02-12,SKU_02,bebidas,smooth,144.0,11.62,0,27.9
2024-02-13,SKU_02,bebidas,smooth,165.0,11.4,0,22.3
2024-02-14,SKU_02,bebidas,smooth,157.0,11.69,0,23.8
2024-02-15,SKU_02,bebidas,smooth,161.0,12.0,0,23.5
2024-02-16,SKU_02,bebidas,smooth,62.0,11.99,0,21.9
2024-02-17,SKU_02,bebidas,smooth,142.0,12.13,0,25.3
2024-02-18,SKU_02,bebidas,smooth,149.0,11.89,0,28.3
2024-02-19,SKU_02,bebidas,smooth,224.0,11.78,0,26.3
2024-02-20,SKU_02,bebidas,smooth,153.0,11.92,0,27.4
2024-02-21,SKU_02,bebidas,smooth,158.0,12.01,0,29.2
2024-02-22,SKU_02,bebidas,smooth,252.0,12.05,0,29.8
2024-02-23,SKU_02,bebidas,smooth,134.0,11.84,0,27.1
2024-02-24,SKU_02,bebidas,smooth,117.0,12.18,0,30.0
2024-02-25,SKU_02,bebidas,smooth,217.0,11.88,0,27.6
2024-02-26,SKU_02,bebidas,smooth,163.0,11.83,0,25.8
2024-02-27,SKU_02,bebidas,smooth,176.0,11.89,0,26.4
2024-02-28,SKU_02,bebidas,smooth,145.0,12.21,0,24.7
2024-02-29,SKU_02,bebidas,smooth,220.0,11.97,0,26.0
2024-03-01,SKU_02,bebidas,smooth,89.0,11.86,0,27.1
2024-03-02,SKU_02,bebidas,smooth,160.0,12.19,0,29.5
2024-03-03,SKU_02,bebidas,smooth,181.0,12.43,0,31.4
2024-03-04,SKU_02,bebidas,smooth,176.0,12.04,0,25.3
2024-03-05,SKU_02,bebidas,smooth,226.0,12.25,0,28.9
2024-03-06,SKU_02,bebidas,smooth,179.0,12.21,0,26.1
2024-03-07,SKU_02,bebidas,smooth,175.0,11.88,0,29.2
2024-03-08,SKU_02,bebidas,smooth,108.0,12.01,0,28.1
2024-03-09,SKU_02,bebidas,smooth,0.0,11.74,0,24.8
2024-03-10,SKU_02,bebidas,smooth,164.0,11.96,0,30.3
2024-03-11,SKU_02,bebidas,smooth,177.0,11.87,0,27.3
2024-03-12,SKU_02,bebidas,smooth,185.0,11.92,0,27.5
2024-03-13,SKU_02,bebidas,smooth,224.0,11.85,0,26.5
2024-03-14,SKU_02,bebidas,smooth,180.0,11.94,0,27.4
2024-03-15,SKU_02,bebidas,smooth,177.0,12.11,0,29.7
2024-03-16,SKU_02,bebidas,smooth,107.0,11.98,0,28.5
2024-03-17,SKU_02,bebidas,smooth,182.0,11.63,0,29.6
2024-03-18,SKU_02,bebidas,smooth,185.0,11.85,0,29.7
2024-03-19,SKU_02,bebidas,smooth,144.0,11.7,0,31.7
2024-03-20,SKU_02,bebidas,smooth,212.0,10.25,1,28.4
2024-03-21,SKU_02,bebidas,smooth,231.0,10.3,1,26.2
2024-03-22,SKU_02,bebidas,smooth,155.0,12.05,0,31.3
2024-03-23,SKU_02,bebidas,smooth,112.0,11.84,0,28.6
2024-03-24,SKU_02,bebidas,smooth,177.0,12.05,0,31.5
2024-03-25,SKU_02,bebidas,smooth,264.0,11.91,0,30.1
2024-03-26,SKU_02,bebidas,smooth,281.0,11.77,0,29.1
2024-03-27,SKU_02,bebidas,smooth,267.0,12.15,0,30.1
2024-03-28,SKU_02,bebidas,smooth,168.0,12.16,0,33.4
2024-03-29,SKU_02,bebidas,smooth,109.0,12.19,0,33.7
2024-03-30,SKU_02,bebidas,smooth,180.0,11.88,0,29.7
2024-03-31,SKU_02,bebidas,smooth,207.0,12.24,0,29.9
2024-04-01,SKU_02,bebidas,smooth,189.0,11.9,0,31.8
2024-04-02,SKU_02,bebidas,smooth,225.0,12.13,0,28.0
2024-04-03,SKU_02,bebidas,smooth,252.0,11.9,0,30.4
2024-04-04,SKU_02,bebidas,smooth,244.0,10.16,1,29.7
2024-04-05,SKU_02,bebidas,smooth,0.0,9.72,1,30.4
2024-04-06,SKU_02,bebidas,smooth,140.0,11.94,0,28.1
2024-04-07,SKU_02,bebidas,smooth,138.0,12.02,0,26.6
2024-04-08,SKU_02,bebidas,smooth,181.0,11.92,0,25.7
2024-04-09,SKU_02,bebidas,smooth,143.0,12.35,0,27.6
2024-04-10,SKU_02,bebidas,smooth,151.0,11.77,0,29.0
2024-04-11,SKU_02,bebidas,smooth,168.0,11.89,0,29.3
2024-04-12,SKU_02,bebidas,smooth,139.0,11.82,0,33.8
2024-04-13,SKU_02,bebidas,smooth,111.0,11.89,0,32.2
2024-04-14,SKU_02,bebidas,smooth,234.0,10.41,1,28.0
2024-04-15,SKU_02,bebidas,smooth,201.0,12.3,0,30.7
2024-04-16,SKU_02,bebidas,smooth,145.0,11.86,0,29.2
2024-04-17,SKU_02,bebidas,smooth,215.0,11.86,0,29.4
2024-04-18,SKU_02,bebidas,smooth,260.0,11.77,0,30.4
2024-04-19,SKU_02,bebidas,smooth,116.0,12.26,0,31.2
2024-04-20,SKU_02,bebidas,smooth,109.0,12.22,0,29.3
2024-04-21,SKU_02,bebidas,smooth,222.0,11.98,0,32.1
2024-04-22,SKU_02,bebidas,smooth,114.0,11.72,0,27.7
2024-04-23,SKU_02,bebidas,smooth,222.0,11.74,0,30.0
2024-04-24,SKU_02,bebidas,smooth,457.0,12.03,0,35.2
2024-04-25,SKU_02,bebidas,smooth,190.0,12.11,0,30.4
2024-04-26,SKU_02,bebidas,smooth,118.0,11.59,0,32.8
2024-04-27,SKU_02,bebidas,smooth,138.0,11.94,0,30.2
2024-04-28,SKU_02,bebidas,smooth,431.0,10.52,1,31.1
2024-04-29,SKU_02,bebidas,smooth,246.0,11.96,0,29.8
2024-04-30,SKU_02,bebidas,smooth,114.0,12.3,0,29.6
2024-05-01,SKU_02,bebidas,smooth,217.0,12.13,0,28.4
2024-05-02,SKU_02,bebidas,smooth,371.0,11.78,0,30.8
2024-05-03,SKU_02,bebidas,smooth,129.0,11.94,0,28.2
2024-05-04,SKU_02,bebidas,smooth,88.0,11.97,0,31.2
2024-05-05,SKU_02,bebidas,smooth,215.0,11.81,0,32.0
2024-05-06,SKU_02,bebidas,smooth,143.0,11.81,0,30.5
2024-05-07,SKU_02,bebidas,smooth,258.0,12.3,0,29.2
2024-05-08,SKU_02,bebidas,smooth,154.0,11.8,0,30.7
2024-05-09,SKU_02,bebidas,smooth,193.0,12.22,0,29.1
2024-05-10,SKU_02,bebidas,smooth,95.0,11.91,0,31.6
2024-05-11,SKU_02,bebidas,smooth,92.0,11.99,0,26.0
2024-05-12,SKU_02,bebidas,smooth,272.0,12.11,0,29.0
2024-05-13,SKU_02,bebidas,smooth,181.0,11.88,0,25.6
2024-05-14,SKU_02,bebidas,smooth,157.0,12.11,0,26.6
2024-05-15,SKU_02,bebidas,smooth,218.0,9.79,1,32.2
2024-05-16,SKU_02,bebidas,smooth,123.0,12.09,0,31.3
2024-05-17,SKU_02,bebidas,smooth,80.0,11.51,0,28.0
2024-05-18,SKU_02,bebidas,smooth,108.0,11.95,0,26.4
2024-05-19,SKU_02,bebidas,smooth,214.0,12.17,0,23.4
2024-05-20,SKU_02,bebidas,smooth,161.0,12.12,0,28.2
2024-05-21,SKU_02,bebidas,smooth,300.0,11.74,0,34.1
2024-05-22,SKU_02,bebidas,smooth,159.0,11.77,0,30.0
2024-05-23,SKU_02,bebidas,smooth,172.0,11.86,0,28.0
2024-05-24,SKU_02,bebidas,smooth,85.0,12.04,0,30.0
2024-05-25,SKU_02,bebidas,smooth,132.0,11.59,0,25.9
2024-05-26,SKU_02,bebidas,smooth,0.0,12.0,0,28.4
2024-05-27,SKU_02,bebidas,smooth,120.0,12.06,0,29.1
2024-05-28,SKU_02,bebidas,smooth,169.0,11.94,0,28.7
2024-05-29,SKU_02,bebidas,smooth,257.0,12.11,0,30.4
2024-05-30,SKU_02,bebidas,smooth,130.0,12.04,0,29.4
2024-05-31,SKU_02,bebidas,smooth,127.0,11.89,0,30.0
2024-06-01,SKU_02,bebidas,smooth,142.0,11.61,0,27.2
2024-06-02,SKU_02,bebidas,smooth,191.0,12.03,0,30.3
2024-06-03,SKU_02,bebidas,smooth,220.0,11.81,0,31.7
2024-06-04,SKU_02,bebidas,smooth,268.0,11.88,0,26.4
2024-06-05,SKU_02,bebidas,smooth,281.0,12.1,0,26.5
2024-06-06,SKU_02,bebidas,smooth,185.0,12.28,0,30.9
2024-06-07,SKU_02,bebidas,smooth,92.0,11.99,0,27.8
2024-06-08,SKU_02,bebidas,smooth,88.0,12.11,0,30.9
2024-06-09,SKU_02,bebidas,smooth,221.0,11.71,0,27.1
2024-06-10,SKU_02,bebidas,smooth,133.0,12.05,0,30.8
2024-06-11,SKU_02,bebidas,smooth,166.0,11.99,0,28.1
2024-06-12,SKU_02,bebidas,smooth,182.0,12.25,0,28.3
2024-06-13,SKU_02,bebidas,smooth,164.0,11.89,0,30.8
2024-06-14,SKU_02,bebidas,smooth,109.0,11.95,0,26.9
2024-06-15,SKU_02,bebidas,smooth,186.0,12.21,0,25.6
2024-06-16,SKU_02,bebidas,smooth,165.0,11.98,0,26.5
2024-06-17,SKU_02,bebidas,smooth,158.0,11.78,0,28.3
2024-06-18,SKU_02,bebidas,smooth,207.0,12.51,0,24.1
2024-06-19,SKU_02,bebidas,smooth,185.0,11.78,0,28.5
2024-06-20,SKU_02,bebidas,smooth,238.0,11.99,0,26.0
2024-06-21,SKU_02,bebidas,smooth,0.0,12.07,0,29.3
2024-06-22,SKU_02,bebidas,smooth,86.0,12.05,0,22.1
2024-06-23,SKU_02,bebidas,smooth,106.0,11.96,0,25.3
2024-06-24,SKU_02,bebidas,smooth,106.0,11.96,0,23.4
2024-06-25,SKU_02,bebidas,smooth,103.0,11.95,0,25.0
2024-06-26,SKU_02,bebidas,smooth,185.0,11.78,0,27.0
2024-06-27,SKU_02,bebidas,smooth,118.0,12.43,0,26.1
2024-06-28,SKU_02,bebidas,smooth,132.0,11.96,0,25.9
2024-06-29,SKU_02,bebidas,smooth,97.0,12.12,0,25.9
2024-06-30,SKU_02,bebidas,smooth,155.0,11.93,0,26.6
2024-07-01,SKU_02,bebidas,smooth,127.0,11.93,0,24.1
2024-07-02,SKU_02,bebidas,smooth,282.0,10.11,1,27.4
2024-07-03,SKU_02,bebidas,smooth,136.0,11.69,0,27.2
2024-07-04,SKU_02,bebidas,smooth,128.0,11.97,0,26.6
2024-07-05,SKU_02,bebidas,smooth,130.0,11.92,0,26.8
2024-07-06,SKU_02,bebidas,smooth,105.0,12.23,0,26.2
2024-07-07,SKU_02,bebidas,smooth,0.0,9.96,1,29.6
2024-07-08,SKU_02,bebidas,smooth,268.0,10.08,1,25.2
2024-07-09,SKU_02,bebidas,smooth,156.0,11.82,0,24.7
2024-07-10,SKU_02,bebidas,smooth,167.0,12.29,0,23.7
2024-07-11,SKU_02,bebidas,smooth,178.0,10.03,1,23.0
2024-07-12,SKU_02,bebidas,smooth,146.0,12.11,0,22.5
2024-07-13,SKU_02,bebidas,smooth,77.0,12.19,0,23.1
2024-07-14,SKU_02,bebidas,smooth,226.0,11.97,0,24.6
2024-07-15,SKU_02,bebidas,smooth,149.0,11.72,0,25.3
2024-07-16,SKU_02,bebidas,smooth,271.0,9.93,1,24.7
2024-07-17,SKU_02,bebidas,smooth,177.0,12.17,0,22.9
2024-07-18,SKU_02,bebidas,smooth,208.0,11.75,0,26.2
2024-07-19,SKU_02,bebidas,smooth,75.0,12.08,0,25.7
2024-07-20,SKU_02,bebidas,smooth,115.0,12.02,0,23.8
2024-07-21,SKU_02,bebidas,smooth,230.0,12.08,0,22.7
2024-07-22,SKU_02,bebidas,smooth,143.0,12.09,0,25.0
2024-07-23,SKU_02,bebidas,smooth,151.0,11.81,0,24.2
2024-07-24,SKU_02,bebidas,smooth,122.0,11.8,0,20.8
2024-07-25,SKU_02,bebidas,smooth,135.0,12.14,0,23.5
2024-07-26,SKU_02,bebidas,smooth,133.0,11.87,0,24.1
2024-07-27,SKU_02,bebidas,smooth,65.0,11.45,0,21.6
2024-07-28,SKU_02,bebidas,smooth,117.0,12.13,0,23.7
2024-07-29,SKU_02,bebidas,smooth,202.0,11.79,0,20.3
2024-07-30,SKU_02,bebidas,smooth,177.0,12.09,0,25.8
2024-07-31,SKU_02,bebidas,smooth,254.0,12.28,0,25.5
2024-08-01,SKU_02,bebidas,smooth,127.0,12.0,0,22.4
2024-08-02,SKU_02,bebidas,smooth,88.0,12.2,0,23.5
2024-08-03,SKU_02,bebidas,smooth,64.0,12.03,0,17.9
2024-08-04,SKU_02,bebidas,smooth,139.0,12.32,0,20.3
2024-08-05,SKU_02,bebidas,smooth,89.0,11.79,0,21.9
2024-08-06,SKU_02,bebidas,smooth,159.0,12.0,0,20.3
2024-08-07,SKU_02,bebidas,smooth,156.0,12.13,0,23.7
2024-08-08,SKU_02,bebidas,smooth,149.0,11.96,0,26.2
2024-08-09,SKU_02,bebidas,smooth,71.0,12.23,0,19.8
2024-08-10,SKU_02,bebidas,smooth,63.0,11.91,0,20.3
2024-08-11,SKU_02,bebidas,smooth,166.0,12.41,0,22.4
2024-08-12,SKU_02,bebidas,smooth,109.0,12.42,0,25.1
2024-08-13,SKU_02,bebidas,smooth,147.0,12.06,0,19.3
2024-08-14,SKU_02,bebidas,smooth,229.0,12.11,0,22.1
2024-08-15,SKU_02,bebidas,smooth,210.0,12.24,0,25.2
2024-08-16,SKU_02,bebidas,smooth,51.0,11.76,0,18.1
2024-08-17,SKU_02,bebidas,smooth,66.0,11.74,0,18.8
2024-08-18,SKU_02,bebidas,smooth,212.0,10.45,1,20.4
2024-08-19,SKU_02,bebidas,smooth,129.0,12.05,0,20.1
2024-08-20,SKU_02,bebidas,smooth,98.0,11.95,0,22.7
2024-08-21,SKU_02,bebidas,smooth,147.0,12.0,0,21.5
2024-08-22,SKU_02,bebidas,smooth,122.0,11.52,0,17.4
2024-08-23,SKU_02,bebidas,smooth,128.0,11.96,0,21.8
2024-08-24,SKU_02,bebidas,smooth,71.0,11.85,0,19.6
2024-08-25,SKU_02,bebidas,smooth,183.0,12.18,0,23.2
2024-08-26,SKU_02,bebidas,smooth,0.0,10.4,1,19.3
2024-08-27,SKU_02,bebidas,smooth,98.0,12.12,0,19.2
2024-08-28,SKU_02,bebidas,smooth,158.0,12.08,0,21.5
2024-08-29,SKU_02,bebidas,smooth,174.0,11.7,0,21.8
2024-08-30,SKU_02,bebidas,smooth,61.0,12.12,0,21.1
2024-08-31,SKU_02,bebidas,smooth,70.0,12.13,0,16.8
2024-09-01,SKU_02,bebidas,smooth,94.0,12.25,0,21.1
2024-09-02,SKU_02,bebidas,smooth,116.0,12.42,0,17.9
2024-09-03,SKU_02,bebidas,smooth,158.0,11.66,0,20.4
2024-09-04,SKU_02,bebidas,smooth,107.0,11.92,0,17.0
2024-09-05,SKU_02,bebidas,smooth,122.0,11.85,0,20.7
2024-09-06,SKU_02,bebidas,smooth,55.0,12.03,0,18.1
2024-09-07,SKU_02,bebidas,smooth,60.0,12.0,0,17.1
2024-09-08,SKU_02,bebidas,smooth,200.0,11.95,0,21.0
2024-09-09,SKU_02,bebidas,smooth,129.0,12.21,0,20.0
2024-09-10,SKU_02,bebidas,smooth,95.0,11.78,0,18.2
2024-09-11,SKU_02,bebidas,smooth,123.0,11.79,0,22.3
2024-09-12,SKU_02,bebidas,smooth,83.0,11.8,0,18.4
2024-09-13,SKU_02,bebidas,smooth,83.0,10.13,1,19.3
2024-09-14,SKU_02,bebidas,smooth,103.0,11.75,0,19.7
2024-09-15,SKU_02,bebidas,smooth,116.0,11.99,0,17.9
2024-09-16,SKU_02,bebidas,smooth,201.0,11.97,0,20.0
2024-09-17,SKU_02,bebidas,smooth,171.0,10.04,1,17.9
2024-09-18,SKU_02,bebidas,smooth,119.0,12.17,0,18.1
2024-09-19,SKU_02,bebidas,smooth,153.0,11.99,0,21.6
2024-09-20,SKU_02,bebidas,smooth,36.0,12.21,0,16.7
2024-09-21,SKU_02,bebidas,smooth,99.0,10.16,1,13.9
2024-09-22,SKU_02,bebidas,smooth,130.0,12.0,0,21.9
2024-09-23,SKU_02,bebidas,smooth,196.0,11.89,0,23.8
2024-09-24,SKU_02,bebidas,smooth,152.0,12.0,0,17.8
2024-09-25,SKU_02,bebidas,smooth,122.0,10.34,1,14.7
2024-09-26,SKU_02,bebidas,smooth,163.0,11.92,0,17.9
2024-09-27,SKU_02,bebidas,smooth,67.0,12.1,0,17.9
2024-09-28,SKU_02,bebidas,smooth,57.0,11.84,0,18.1
2024-09-29,SKU_02,bebidas,smooth,121.0,12.15,0,16.2
2024-09-30,SKU_02,bebidas,smooth,119.0,11.88,0,19.5
2024-10-01,SKU_02,bebidas,smooth,182.0,12.17,0,19.4
2024-10-02,SKU_02,bebidas,smooth,123.0,12.01,0,15.3
2024-10-03,SKU_02,bebidas,smooth,191.0,10.5,1,19.7
2024-10-04,SKU_02,bebidas,smooth,98.0,11.77,0,22.4
2024-10-05,SKU_02,bebidas,smooth,95.0,11.7,0,18.6
2024-10-06,SKU_02,bebidas,smooth,145.0,11.88,0,17.5
2024-10-07,SKU_02,bebidas,smooth,171.0,11.72,0,17.9
2024-10-08,SKU_02,bebidas,smooth,145.0,11.72,0,19.4
2024-10-09,SKU_02,bebidas,smooth,117.0,12.12,0,14.7
2024-10-10,SKU_02,bebidas,smooth,166.0,12.0,0,18.4
2024-10-11,SKU_02,bebidas,smooth,69.0,11.9,0,17.3
2024-10-12,SKU_02,bebidas,smooth,78.0,11.92,0,21.8
2024-10-13,SKU_02,bebidas,smooth,184.0,11.88,0,17.7
2024-10-14,SKU_02,bebidas,smooth,196.0,12.33,0,21.4
2024-10-15,SKU_02,bebidas,smooth,116.0,11.85,0,15.8
2024-10-16,SKU_02,bebidas,smooth,112.0,11.74,0,19.2
2024-10-17,SKU_02,bebidas,smooth,177.0,12.16,0,18.7
2024-10-18,SKU_02,bebidas,smooth,85.0,11.96,0,16.3
2024-10-19,SKU_02,bebidas,smooth,79.0,12.41,0,18.4
2024-10-20,SKU_02,bebidas,smooth,119.0,11.89,0,20.4
2024-10-21,SKU_02,bebidas,smooth,131.0,12.17,0,17.4
2024-10-22,SKU_02,bebidas,smooth,112.0,12.22,0,14.6
2024-10-23,SKU_02,bebidas,smooth,104.0,11.9,0,18.0
2024-10-24,SKU_02,bebidas,smooth,122.0,11.85,0,16.2
2024-10-25,SKU_02,bebidas,smooth,76.0,12.15,0,17.3
2024-10-26,SKU_02,bebidas,smooth,66.0,12.11,0,17.9
2024-10-27,SKU_02,bebidas,smooth,143.0,11.72,0,14.6
2024-10-28,SKU_02,bebidas,smooth,158.0,11.77,0,14.8
2024-10-29,SKU_02,bebidas,smooth,234.0,9.69,1,19.0
2024-10-30,SKU_02,bebidas,smooth,114.0,12.12,0,17.0
2024-10-31,SKU_02,bebidas,smooth,133.0,11.95,0,13.0
2024-11-01,SKU_02,bebidas,smooth,78.0,11.97,0,19.7
2024-11-02,SKU_02,bebidas,smooth,56.0,11.66,0,18.7
2024-11-03,SKU_02,bebidas,smooth,209.0,9.98,1,16.7
2024-11-04,SKU_02,bebidas,smooth,122.0,11.9,0,15.5
2024-11-05,SKU_02,bebidas,smooth,248.0,11.87,0,19.9
2024-11-06,SKU_02,bebidas,smooth,184.0,12.02,0,18.9
2024-11-07,SKU_02,bebidas,smooth,168.0,12.12,0,23.0
2024-11-08,SKU_02,bebidas,smooth,81.0,12.45,0,19.1
2024-11-09,SKU_02,bebidas,smooth,80.0,12.0,0,19.1
2024-11-10,SKU_02,bebidas,smooth,100.0,12.22,0,18.0
2024-11-11,SKU_02,bebidas,smooth,87.0,11.83,0,20.0
2024-11-12,SKU_02,bebidas,smooth,155.0,9.87,1,19.7
2024-11-13,SKU_02,bebidas,smooth,135.0,11.93,0,21.0
2024-11-14,SKU_02,bebidas,smooth,110.0,9.88,1,17.5
2024-11-15,SKU_02,bebidas,smooth,66.0,12.0,0,17.7
2024-11-16,SKU_02,bebidas,smooth,71.0,11.84,0,17.6
2024-11-17,SKU_02,bebidas,smooth,129.0,11.61,0,20.2
2024-11-18,SKU_02,bebidas,smooth,119.0,12.35,0,21.7
2024-11-19,SKU_02,bebidas,smooth,119.0,11.89,0,17.8
2024-11-20,SKU_02,bebidas,smooth,198.0,11.67,0,17.9
2024-11-21,SKU_02,bebidas,smooth,159.0,12.18,0,19.5
2024-11-22,SKU_02,bebidas,smooth,68.0,11.85,0,18.4
2024-11-23,SKU_02,bebidas,smooth,81.0,12.22,0,20.9
2024-11-24,SKU_02,bebidas,smooth,120.0,11.85,0,14.5
2024-11-25,SKU_02,bebidas,smooth,108.0,11.89,0,17.4
2024-11-26,SKU_02,bebidas,smooth,108.0,12.07,0,17.6
2024-11-27,SKU_02,bebidas,smooth,157.0,12.12,0,14.6
2024-11-28,SKU_02,bebidas,smooth,118.0,12.15,0,17.3
2024-11-29,SKU_02,bebidas,smooth,59.0,11.98,0,17.5
2024-11-30,SKU_02,bebidas,smooth,79.0,12.11,0,19.0
2024-12-01,SKU_02,bebidas,smooth,149.0,12.15,0,21.7
2024-12-02,SKU_02,bebidas,smooth,85.0,12.04,0,19.0
2024-12-03,SKU_02,bebidas,smooth,132.0,11.97,0,17.5
2024-12-04,SKU_02,bebidas,smooth,173.0,11.71,0,19.5
2024-12-05,SKU_02,bebidas,smooth,164.0,12.12,0,21.8
2024-12-06,SKU_02,bebidas,smooth,138.0,12.01,0,17.9
2024-12-07,SKU_02,bebidas,smooth,0.0,11.92,0,18.1
2024-12-08,SKU_02,bebidas,smooth,208.0,12.26,0,21.1
2024-12-09,SKU_02,bebidas,smooth,282.0,11.71,0,19.6
2024-12-10,SKU_02,bebidas,smooth,179.0,12.33,0,21.4
2024-12-11,SKU_02,bebidas,smooth,150.0,12.0,0,20.2
2024-12-12,SKU_02,bebidas,smooth,190.0,12.06,0,21.7
2024-12-13,SKU_02,bebidas,smooth,72.0,11.92,0,18.3
2024-12-14,SKU_02,bebidas,smooth,89.0,11.67,0,20.4
2024-12-15,SKU_02,bebidas,smooth,125.0,11.97,0,20.1
2024-12-16,SKU_02,bebidas,smooth,155.0,12.07,0,18.2
2024-12-17,SKU_02,bebidas,smooth,118.0,12.14,0,17.6
2024-12-18,SKU_02,bebidas,smooth,130.0,11.96,0,22.1
2024-12-19,SKU_02,bebidas,smooth,164.0,11.56,0,20.2
2024-12-20,SKU_02,bebidas,smooth,83.0,11.69,0,18.9
2024-12-21,SKU_02,bebidas,smooth,55.0,12.41,0,20.8
2024-12-22,SKU_02,bebidas,smooth,162.0,9.98,1,23.4
2024-12-23,SKU_02,bebidas,smooth,104.0,12.29,0,16.7
2024-12-24,SKU_02,bebidas,smooth,115.0,11.81,0,18.3
2024-12-25,SKU_02,bebidas,smooth,164.0,11.96,0,19.6
2024-12-26,SKU_02,bebidas,smooth,252.0,10.33,1,24.4
2024-12-27,SKU_02,bebidas,smooth,122.0,11.84,0,22.2
2024-12-28,SKU_02,bebidas,smooth,115.0,12.32,0,23.2
2024-12-29,SKU_02,bebidas,smooth,195.0,12.02,0,19.5
2024-12-30,SKU_02,bebidas,smooth,176.0,12.09,0,19.6
2023-01-01,SKU_03,bebidas,smooth,117.0,13.93,0,22.6
2023-01-02,SKU_03,bebidas,smooth,139.0,13.95,0,20.0
2023-01-03,SKU_03,bebidas,smooth,274.0,12.05,1,23.7
2023-01-04,SKU_03,bebidas,smooth,126.0,13.77,0,24.2
2023-01-05,SKU_03,bebidas,smooth,176.0,14.4,0,18.5
2023-01-06,SKU_03,bebidas,smooth,88.0,11.75,1,19.9
2023-01-07,SKU_03,bebidas,smooth,91.0,14.0,0,22.8
2023-01-08,SKU_03,bebidas,smooth,205.0,11.67,1,22.0
2023-01-09,SKU_03,bebidas,smooth,99.0,13.74,0,22.7
2023-01-10,SKU_03,bebidas,smooth,131.0,13.83,0,21.2
2023-01-11,SKU_03,bebidas,smooth,134.0,13.81,0,24.7
2023-01-12,SKU_03,bebidas,smooth,109.0,13.92,0,24.6
2023-01-13,SKU_03,bebidas,smooth,85.0,13.8,0,23.3
2023-01-14,SKU_03,bebidas,smooth,84.0,14.14,0,25.5
2023-01-15,SKU_03,bebidas,smooth,192.0,11.74,1,24.3
2023-01-16,SKU_03,bebidas,smooth,126.0,13.82,0,21.8
2023-01-17,SKU_03,bebidas,smooth,132.0,13.92,0,24.3
2023-01-18,SKU_03,bebidas,smooth,118.0,14.2,0,21.8
2023-01-19,SKU_03,bebidas,smooth,145.0,14.04,0,25.6
2023-01-20,SKU_03,bebidas,smooth,68.0,13.98,0,23.8
2023-01-21,SKU_03,bebidas,smooth,153.0,13.71,0,23.6
2023-01-22,SKU_03,bebidas,smooth,94.0,13.77,0,22.7
2023-01-23,SKU_03,bebidas,smooth,124.0,13.74,0,26.7
2023-01-24,SKU_03,bebidas,smooth,121.0,14.26,0,24.0
2023-01-25,SKU_03,bebidas,smooth,225.0,14.11,0,23.6
2023-01-26,SKU_03,bebidas,smooth,99.0,13.83,0,23.8
2023-01-27,SKU_03,bebidas,smooth,93.0,13.89,0,25.7
2023-01-28,SKU_03,bebidas,smooth,90.0,13.83,0,25.5
2023-01-29,SKU_03,bebidas,smooth,155.0,13.82,0,25.6
2023-01-30,SKU_03,bebidas,smooth,195.0,14.09,0,25.8
2023-01-31,SKU_03,bebidas,smooth,208.0,13.94,0,29.3
2023-02-01,SKU_03,bebidas,smooth,126.0,14.42,0,24.3
2023-02-02,SKU_03,bebidas,smooth,148.0,14.25,0,24.2
2023-02-03,SKU_03,bebidas,smooth,75.0,12.16,1,23.7
2023-02-04,SKU_03,bebidas,smooth,130.0,12.03,1,26.7
2023-02-05,SKU_03,bebidas,smooth,125.0,13.92,0,27.8
2023-02-06,SKU_03,bebidas,smooth,202.0,12.02,1,25.4
2023-02-07,SKU_03,bebidas,smooth,93.0,13.93,0,24.1
2023-02-08,SKU_03,bebidas,smooth,158.0,14.33,0,24.2
2023-02-09,SKU_03,bebidas,smooth,100.0,14.08,0,27.2
2023-02-10,SKU_03,bebidas,smooth,93.0,14.05,0,27.5
2023-02-11,SKU_03,bebidas,smooth,66.0,14.03,0,27.2
2023-02-12,SKU_03,bebidas,smooth,118.0,14.35,0,24.9
2023-02-13,SKU_03,bebidas,smooth,202.0,13.71,0,26.8
2023-02-14,SKU_03,bebidas,smooth,175.0,14.37,0,26.6
2023-02-15,SKU_03,bebidas,smooth,203.0,13.96,0,26.9
2023-02-16,SKU_03,bebidas,smooth,231.0,13.72,0,28.3
2023-02-17,SKU_03,bebidas,smooth,76.0,13.85,0,27.1
2023-02-18,SKU_03,bebidas,smooth,134.0,13.67,0,28.1
2023-02-19,SKU_03,bebidas,smooth,107.0,14.13,0,27.0
2023-02-20,SKU_03,bebidas,smooth,272.0,11.69,1,27.5
2023-02-21,SKU_03,bebidas,smooth,204.0,11.93,1,28.3
2023-02-22,SKU_03,bebidas,smooth,117.0,14.23,0,24.2
2023-02-23,SKU_03,bebidas,smooth,179.0,13.87,0,26.6
2023-02-24,SKU_03,bebidas,smooth,114.0,13.95,0,26.4
2023-02-25,SKU_03,bebidas,smooth,114.0,13.74,0,26.1
2023-02-26,SKU_03,bebidas,smooth,164.0,13.92,0,26.9
2023-02-27,SKU_03,bebidas,smooth,172.0,14.51,0,30.6
2023-02-28,SKU_03,bebidas,smooth,175.0,14.16,0,25.9
2023-03-01,SKU_03,bebidas,smooth,177.0,13.95,0,29.7
2023-03-02,SKU_03,bebidas,smooth,248.0,11.78,1,24.4
2023-03-03,SKU_03,bebidas,smooth,98.0,13.99,0,27.2
2023-03-04,SKU_03,bebidas,smooth,117.0,14.03,0,28.3
2023-03-05,SKU_03,bebidas,smooth,111.0,13.92,0,29.2
2023-03-06,SKU_03,bebidas,smooth,160.0,14.11,0,29.5
2023-03-07,SKU_03,bebidas,smooth,172.0,11.71,1,29.8
2023-03-08,SKU_03,bebidas,smooth,172.0,13.81,0,27.6
2023-03-09,SKU_03,bebidas,smooth,240.0,14.07,0,27.4
2023-03-10,SKU_03,bebidas,smooth,89.0,13.77,0,30.1
2023-03-11,SKU_03,bebidas,smooth,99.0,14.15,0,28.1
2023-03-12,SKU_03,bebidas,smooth,189.0,14.0,0,26.0
2023-03-13,SKU_03,bebidas,smooth,94.0,13.63,0,26.3
2023-03-14,SKU_03,bebidas,smooth,140.0,14.02,0,26.8
2023-03-15,SKU_03,bebidas,smooth,184.0,13.66,0,29.7
2023-03-16,SKU_03,bebidas,smooth,82.0,14.14,0,29.1
2023-03-17,SKU_03,bebidas,smooth,79.0,13.95,0,30.3
2023-03-18,SKU_03,bebidas,smooth,127.0,14.37,0,28.1
2023-03-19,SKU_03,bebidas,smooth,215.0,14.21,0,29.3
2023-03-20,SKU_03,bebidas,smooth,187.0,13.79,0,30.3
2023-03-21,SKU_03,bebidas,smooth,205.0,13.6,0,28.5
2023-03-22,SKU_03,bebidas,smooth,261.0,11.75,1,30.1
2023-03-23,SKU_03,bebidas,smooth,188.0,13.76,0,27.9
2023-03-24,SKU_03,bebidas,smooth,91.0,14.37,0,28.5
2023-03-25,SKU_03,bebidas,smooth,101.0,14.0,0,28.5
2023-03-26,SKU_03,bebidas,smooth,138.0,14.19,0,27.0
2023-03-27,SKU_03,bebidas,smooth,235.0,13.94,0,30.4
2023-03-28,SKU_03,bebidas,smooth,241.0,13.96,0,28.5
2023-03-29,SKU_03,bebidas,smooth,238.0,13.99,0,29.5
2023-03-30,SKU_03,bebidas,smooth,156.0,14.22,0,30.5
2023-03-31,SKU_03,bebidas,smooth,80.0,14.06,0,30.5
2023-04-01,SKU_03,bebidas,smooth,140.0,13.79,0,30.9
2023-04-02,SKU_03,bebidas,smooth,193.0,14.32,0,29.4
2023-04-03,SKU_03,bebidas,smooth,182.0,13.94,0,28.8
2023-04-04,SKU_03,bebidas,smooth,146.0,13.91,0,29.5
2023-04-05,SKU_03,bebidas,smooth,178.0,13.43,0,26.4
2023-04-06,SKU_03,bebidas,smooth,124.0,14.13,0,26.9
2023-04-07,SKU_03,bebidas,smooth,113.0,14.02,0,27.1
2023-04-08,SKU_03,bebidas,smooth,137.0,14.02,0,27.8
2023-04-09,SKU_03,bebidas,smooth,259.0,13.92,0,30.6
2023-04-10,SKU_03,bebidas,smooth,197.0,13.88,0,28.1
2023-04-11,SKU_03,bebidas,smooth,120.0,13.93,0,29.1
2023-04-12,SKU_03,bebidas,smooth,189.0,14.09,0,32.5
2023-04-13,SKU_03,bebidas,smooth,286.0,14.13,0,29.2
2023-04-14,SKU_03,bebidas,smooth,84.0,13.95,0,31.4
2023-04-15,SKU_03,bebidas,smooth,96.0,14.19,0,28.1
2023-04-16,SKU_03,bebidas,smooth,242.0,13.98,0,29.6
2023-04-17,SKU_03,bebidas,smooth,193.0,13.9,0,28.1
2023-04-18,SKU_03,bebidas,smooth,311.0,14.04,0,29.3
2023-04-19,SKU_03,bebidas,smooth,148.0,13.73,0,31.7
2023-04-20,SKU_03,bebidas,smooth,126.0,14.05,0,26.5
2023-04-21,SKU_03,bebidas,smooth,0.0,13.69,0,30.9
2023-04-22,SKU_03,bebidas,smooth,110.0,11.69,1,30.5
2023-04-23,SKU_03,bebidas,smooth,159.0,13.6,0,28.8
2023-04-24,SKU_03,bebidas,smooth,160.0,13.96,0,27.1
2023-04-25,SKU_03,bebidas,smooth,222.0,14.32,0,30.1
2023-04-26,SKU_03,bebidas,smooth,195.0,13.98,0,28.9
2023-04-27,SKU_03,bebidas,smooth,192.0,14.13,0,30.4
2023-04-28,SKU_03,bebidas,smooth,91.0,14.47,0,30.0
2023-04-29,SKU_03,bebidas,smooth,143.0,14.08,0,33.2
2023-04-30,SKU_03,bebidas,smooth,456.0,13.85,0,29.5
2023-05-01,SKU_03,bebidas,smooth,194.0,13.87,0,27.9
2023-05-02,SKU_03,bebidas,smooth,176.0,14.0,0,30.3
2023-05-03,SKU_03,bebidas,smooth,124.0,13.87,0,30.3
2023-05-04,SKU_03,bebidas,smooth,153.0,13.89,0,32.6
2023-05-05,SKU_03,bebidas,smooth,98.0,14.2,0,31.5
2023-05-06,SKU_03,bebidas,smooth,88.0,14.21,0,30.5
2023-05-07,SKU_03,bebidas,smooth,178.0,13.67,0,32.7
2023-05-08,SKU_03,bebidas,smooth,250.0,13.84,0,27.4
2023-05-09,SKU_03,bebidas,smooth,224.0,13.91,0,28.5
2023-05-10,SKU_03,bebidas,smooth,156.0,14.12,0,27.9
2023-05-11,SKU_03,bebidas,smooth,123.0,14.23,0,28.9
2023-05-12,SKU_03,bebidas,smooth,131.0,14.54,0,26.9
2023-05-13,SKU_03,bebidas,smooth,100.0,13.91,0,30.9
2023-05-14,SKU_03,bebidas,smooth,108.0,13.92,0,29.1
2023-05-15,SKU_03,bebidas,smooth,189.0,14.12,0,26.6
2023-05-16,SKU_03,bebidas,smooth,207.0,13.86,0,27.5
2023-05-17,SKU_03,bebidas,smooth,92.0,13.97,0,30.1
2023-05-18,SKU_03,bebidas,smooth,0.0,13.92,0,31.1
2023-05-19,SKU_03,bebidas,smooth,102.0,13.48,0,33.4
2023-05-20,SKU_03,bebidas,smooth,129.0,14.02,0,35.2
2023-05-21,SKU_03,bebidas,smooth,147.0,13.96,0,30.1
2023-05-22,SKU_03,bebidas,smooth,129.0,14.25,0,27.3
2023-05-23,SKU_03,bebidas,smooth,262.0,11.9,1,24.9
2023-05-24,SKU_03,bebidas,smooth,147.0,13.75,0,29.7
2023-05-25,SKU_03,bebidas,smooth,181.0,13.95,0,27.4
2023-05-26,SKU_03,bebidas,smooth,72.0,13.58,0,28.2
2023-05-27,SKU_03,bebidas,smooth,0.0,13.76,0,27.7
2023-05-28,SKU_03,bebidas,smooth,194.0,14.13,0,28.6
2023-05-29,SKU_03,bebidas,smooth,178.0,13.95,0,31.0
2023-05-30,SKU_03,bebidas,smooth,203.0,14.18,0,29.1
2023-05-31,SKU_03,bebidas,smooth,141.0,13.61,0,28.4
2023-06-01,SKU_03,bebidas,smooth,126.0,13.95,0,26.6
2023-06-02,SKU_03,bebidas,smooth,124.0,13.9,0,25.2
2023-06-03,SKU_03,bebidas,smooth,63.0,14.19,0,27.5
2023-06-04,SKU_03,bebidas,smooth,216.0,14.13,0,28.3
2023-06-05,SKU_03,bebidas,smooth,233.0,14.13,0,31.9
2023-06-06,SKU_03,bebidas,smooth,284.0,12.21,1,28.6
2023-06-07,SKU_03,bebidas,smooth,137.0,13.93,0,30.2
2023-06-08,SKU_03,bebidas,smooth,126.0,14.27,0,27.2
2023-06-09,SKU_03,bebidas,smooth,84.0,13.79,0,25.7
2023-06-10,SKU_03,bebidas,smooth,65.0,13.78,0,26.1
2023-06-11,SKU_03,bebidas,smooth,119.0,14.15,0,26.5
2023-06-12,SKU_03,bebidas,smooth,196.0,13.7,0,32.1
2023-06-13,SKU_03,bebidas,smooth,175.0,14.11,0,26.1
2023-06-14,SKU_03,bebidas,smooth,122.0,14.02,0,29.4
2023-06-15,SKU_03,bebidas,smooth,174.0,14.21,0,25.8
2023-06-16,SKU_03,bebidas,smooth,104.0,13.99,0,29.4
2023-06-17,SKU_03,bebidas,smooth,133.0,14.01,0,28.2
2023-06-18,SKU_03,bebidas,smooth,173.0,14.1,0,27.0
2023-06-19,SKU_03,bebidas,smooth,196.0,13.87,0,27.2
2023-06-20,SKU_03,bebidas,smooth,165.0,13.86,0,25.9
2023-06-21,SKU_03,bebidas,smooth,194.0,14.09,0,28.0
2023-06-22,SKU_03,bebidas,smooth,106.0,13.99,0,26.1
2023-06-23,SKU_03,bebidas,smooth,81.0,13.92,0,24.5
2023-06-24,SKU_03,bebidas,smooth,83.0,13.98,0,24.3
2023-06-25,SKU_03,bebidas,smooth,140.0,14.32,0,27.1
2023-06-26,SKU_03,bebidas,smooth,173.0,13.91,0,29.8
2023-06-27,SKU_03,bebidas,smooth,173.0,13.91,0,26.9
2023-06-28,SKU_03,bebidas,smooth,160.0,13.66,0,26.2
2023-06-29,SKU_03,bebidas,smooth,141.0,13.99,0,26.9
2023-06-30,SKU_03,bebidas,smooth,75.0,14.13,0,28.9
2023-07-01,SKU_03,bebidas,smooth,113.0,14.17,0,26.6
2023-07-02,SKU_03,bebidas,smooth,154.0,14.02,0,25.3
2023-07-03,SKU_03,bebidas,smooth,116.0,14.19,0,28.2
2023-07-04,SKU_03,bebidas,smooth,138.0,14.15,0,26.7
2023-07-05,SKU_03,bebidas,smooth,98.0,14.22,0,28.9
2023-07-06,SKU_03,bebidas,smooth,144.0,14.2,0,26.0
2023-07-07,SKU_03,bebidas,smooth,76.0,14.31,0,23.1
2023-07-08,SKU_03,bebidas,smooth,68.0,13.97,0,22.7
2023-07-09,SKU_03,bebidas,smooth,219.0,13.73,0,28.7
2023-07-10,SKU_03,bebidas,smooth,112.0,14.13,0,28.7
2023-07-11,SKU_03,bebidas,smooth,163.0,14.16,0,24.8
2023-07-12,SKU_03,bebidas,smooth,232.0,14.31,0,24.3
2023-07-13,SKU_03,bebidas,smooth,189.0,14.26,0,27.9
2023-07-14,SKU_03,bebidas,smooth,77.0,14.39,0,22.7
2023-07-15,SKU_03,bebidas,smooth,59.0,14.12,0,23.0
2023-07-16,SKU_03,bebidas,smooth,99.0,14.05,0,26.0
2023-07-17,SKU_03,bebidas,smooth,120.0,13.72,0,23.8
2023-07-18,SKU_03,bebidas,smooth,113.0,14.06,0,24.5
2023-07-19,SKU_03,bebidas,smooth,0.0,13.89,0,24.0
2023-07-20,SKU_03,bebidas,smooth,125.0,14.04,0,24.9
2023-07-21,SKU_03,bebidas,smooth,81.0,14.01,0,27.0
2023-07-22,SKU_03,bebidas,smooth,89.0,14.09,0,24.2
2023-07-23,SKU_03,bebidas,smooth,100.0,13.98,0,25.2
2023-07-24,SKU_03,bebidas,smooth,102.0,14.19,0,19.7
2023-07-25,SKU_03,bebidas,smooth,125.0,13.46,0,23.6
2023-07-26,SKU_03,bebidas,smooth,119.0,14.04,0,22.0
2023-07-27,SKU_03,bebidas,smooth,193.0,14.24,0,21.1
2023-07-28,SKU_03,bebidas,smooth,77.0,14.37,0,21.7
2023-07-29,SKU_03,bebidas,smooth,50.0,14.15,0,22.7
2023-07-30,SKU_03,bebidas,smooth,146.0,14.34,0,25.1
2023-07-31,SKU_03,bebidas,smooth,200.0,11.93,1,20.5
2023-08-01,SKU_03,bebidas,smooth,123.0,14.0,0,23.1
2023-08-02,SKU_03,bebidas,smooth,91.0,14.11,0,22.0
2023-08-03,SKU_03,bebidas,smooth,191.0,14.0,0,22.2
2023-08-04,SKU_03,bebidas,smooth,59.0,13.84,0,24.7
2023-08-05,SKU_03,bebidas,smooth,89.0,13.9,0,23.7
2023-08-06,SKU_03,bebidas,smooth,137.0,13.78,0,25.2
2023-08-07,SKU_03,bebidas,smooth,143.0,14.11,0,22.1
2023-08-08,SKU_03,bebidas,smooth,182.0,14.0,0,20.9
2023-08-09,SKU_03,bebidas,smooth,140.0,13.93,0,21.8
2023-08-10,SKU_03,bebidas,smooth,107.0,13.89,0,22.6
2023-08-11,SKU_03,bebidas,smooth,95.0,14.1,0,22.4
2023-08-12,SKU_03,bebidas,smooth,59.0,14.16,0,19.8
2023-08-13,SKU_03,bebidas,smooth,126.0,13.77,0,22.0
2023-08-14,SKU_03,bebidas,smooth,88.0,13.74,0,22.2
2023-08-15,SKU_03,bebidas,smooth,102.0,14.19,0,26.7
2023-08-16,SKU_03,bebidas,smooth,189.0,11.62,1,25.3
2023-08-17,SKU_03,bebidas,smooth,126.0,14.11,0,19.7
2023-08-18,SKU_03,bebidas,smooth,45.0,14.32,0,20.8
2023-08-19,SKU_03,bebidas,smooth,74.0,14.32,0,18.3
2023-08-20,SKU_03,bebidas,smooth,94.0,14.15,0,20.0
2023-08-21,SKU_03,bebidas,smooth,163.0,14.14,0,21.7
2023-08-22,SKU_03,bebidas,smooth,113.0,14.45,0,23.4
2023-08-23,SKU_03,bebidas,smooth,86.0,13.53,0,19.4
2023-08-24,SKU_03,bebidas,smooth,115.0,13.91,0,19.5
2023-08-25,SKU_03,bebidas,smooth,49.0,14.17,0,16.4
2023-08-26,SKU_03,bebidas,smooth,135.0,11.83,1,20.3
2023-08-27,SKU_03,bebidas,smooth,110.0,14.25,0,18.4
2023-08-28,SKU_03,bebidas,smooth,107.0,13.99,0,19.4
2023-08-29,SKU_03,bebidas,smooth,184.0,11.93,1,18.6
2023-08-30,SKU_03,bebidas,smooth,89.0,13.95,0,20.1
2023-08-31,SKU_03,bebidas,smooth,76.0,13.9,0,16.7
2023-09-01,SKU_03,bebidas,smooth,69.0,13.89,0,17.2
2023-09-02,SKU_03,bebidas,smooth,55.0,14.05,0,24.3
2023-09-03,SKU_03,bebidas,smooth,81.0,13.85,0,17.4
2023-09-04,SKU_03,bebidas,smooth,131.0,14.19,0,17.7
2023-09-05,SKU_03,bebidas,smooth,138.0,14.13,0,23.5
2023-09-06,SKU_03,bebidas,smooth,92.0,14.22,0,25.6
2023-09-07,SKU_03,bebidas,smooth,90.0,13.77,0,17.4
2023-09-08,SKU_03,bebidas,smooth,51.0,13.66,0,18.9
2023-09-09,SKU_03,bebidas,smooth,103.0,14.0,0,20.2
2023-09-10,SKU_03,bebidas,smooth,149.0,14.58,0,22.9
2023-09-11,SKU_03,bebidas,smooth,95.0,14.25,0,17.4
2023-09-12,SKU_03,bebidas,smooth,126.0,13.89,0,18.9
2023-09-13,SKU_03,bebidas,smooth,82.0,14.08,0,20.8
2023-09-14,SKU_03,bebidas,smooth,95.0,14.15,0,20.1
2023-09-15,SKU_03,bebidas,smooth,65.0,13.73,0,18.4
2023-09-16,SKU_03,bebidas,smooth,104.0,12.17,1,18.8
2023-09-17,SKU_03,bebidas,smooth,100.0,13.97,0,16.3
2023-09-18,SKU_03,bebidas,smooth,114.0,13.98,0,18.5
2023-09-19,SKU_03,bebidas,smooth,109.0,14.0,0,18.4
2023-09-20,SKU_03,bebidas,smooth,105.0,14.23,0,19.3
2023-09-21,SKU_03,bebidas,smooth,98.0,13.85,0,17.7
2023-09-22,SKU_03,bebidas,smooth,0.0,13.66,0,19.7
2023-09-23,SKU_03,bebidas,smooth,70.0,14.06,0,20.7
2023-09-24,SKU_03,bebidas,smooth,120.0,13.59,0,19.0
2023-09-25,SKU_03,bebidas,smooth,115.0,13.94,0,19.3
2023-09-26,SKU_03,bebidas,smooth,81.0,14.24,0,18.7
2023-09-27,SKU_03,bebidas,smooth,84.0,14.12,0,18.5
2023-09-28,SKU_03,bebidas,smooth,115.0,14.21,0,17.1
2023-09-29,SKU_03,bebidas,smooth,92.0,14.12,0,19.1
2023-09-30,SKU_03,bebidas,smooth,0.0,14.48,0,18.2
2023-10-01,SKU_03,bebidas,smooth,106.0,13.88,0,22.6
2023-10-02,SKU_03,bebidas,smooth,0.0,14.08,0,21.5
2023-10-03,SKU_03,bebidas,smooth,82.0,13.91,0,19.1
2023-10-04,SKU_03,bebidas,smooth,143.0,14.19,0,16.8
2023-10-05,SKU_03,bebidas,smooth,107.0,13.99,0,16.0
2023-10-06,SKU_03,bebidas,smooth,57.0,14.34,0,20.6
2023-10-07,SKU_03,bebidas,smooth,62.0,13.89,0,18.7
2023-10-08,SKU_03,bebidas,smooth,96.0,14.28,0,19.1
2023-10-09,SKU_03,bebidas,smooth,136.0,14.12,0,14.7
2023-10-10,SKU_03,bebidas,smooth,106.0,13.99,0,20.0
2023-10-11,SKU_03,bebidas,smooth,114.0,14.11,0,19.0
2023-10-12,SKU_03,bebidas,smooth,170.0,11.95,1,15.9
2023-10-13,SKU_03,bebidas,smooth,52.0,14.07,0,17.1
2023-10-14,SKU_03,bebidas,smooth,67.0,13.96,0,18.6
2023-10-15,SKU_03,bebidas,smooth,115.0,13.86,0,18.1
2023-10-16,SKU_03,bebidas,smooth,72.0,13.93,0,17.4
2023-10-17,SKU_03,bebidas,smooth,114.0,13.66,0,17.8
2023-10-18,SKU_03,bebidas,smooth,106.0,14.17,0,17.5
2023-10-19,SKU_03,bebidas,smooth,112.0,13.75,0,18.3
2023-10-20,SKU_03,bebidas,smooth,69.0,13.96,0,20.9
2023-10-21,SKU_03,bebidas,smooth,60.0,14.13,0,12.9
2023-10-22,SKU_03,bebidas,smooth,149.0,14.17,0,17.5
2023-10-23,SKU_03,bebidas,smooth,82.0,13.65,0,18.4
2023-10-24,SKU_03,bebidas,smooth,101.0,13.98,0,18.6
2023-10-25,SKU_03,bebidas,smooth,127.0,14.09,0,17.3
2023-10-26,SKU_03,bebidas,smooth,113.0,14.01,0,14.5
2023-10-27,SKU_03,bebidas,smooth,73.0,14.27,0,18.7
2023-10-28,SKU_03,bebidas,smooth,137.0,13.84,0,21.5
2023-10-29,SKU_03,bebidas,smooth,119.0,13.59,0,15.0
2023-10-30,SKU_03,bebidas,smooth,150.0,14.16,0,19.8
2023-10-31,SKU_03,bebidas,smooth,101.0,13.89,0,17.4
2023-11-01,SKU_03,bebidas,smooth,86.0,13.65,0,18.0
2023-11-02,SKU_03,bebidas,smooth,0.0,13.97,0,16.0
2023-11-03,SKU_03,bebidas,smooth,0.0,14.25,0,17.5
2023-11-04,SKU_03,bebidas,smooth,77.0,13.75,0,20.8
2023-11-05,SKU_03,bebidas,smooth,183.0,12.37,1,19.3
2023-11-06,SKU_03,bebidas,smooth,115.0,13.83,0,21.7
2023-11-07,SKU_03,bebidas,smooth,107.0,14.02,0,20.6
2023-11-08,SKU_03,bebidas,smooth,109.0,13.76,0,19.1
2023-11-09,SKU_03,bebidas,smooth,146.0,14.01,0,21.8
2023-11-10,SKU_03,bebidas,smooth,83.0,13.97,0,19.2
2023-11-11,SKU_03,bebidas,smooth,54.0,13.7,0,20.0
2023-11-12,SKU_03,bebidas,smooth,0.0,14.57,0,17.8
2023-11-13,SKU_03,bebidas,smooth,97.0,13.9,0,18.6
2023-11-14,SKU_03,bebidas,smooth,124.0,13.9,0,17.1
2023-11-15,SKU_03,bebidas,smooth,115.0,14.19,0,20.5
2023-11-16,SKU_03,bebidas,smooth,161.0,14.36,0,16.2
2023-11-17,SKU_03,bebidas,smooth,64.0,14.23,0,20.2
2023-11-18,SKU_03,bebidas,smooth,71.0,13.76,0,18.3
2023-11-19,SKU_03,bebidas,smooth,142.0,14.04,0,21.0
2023-11-20,SKU_03,bebidas,smooth,97.0,13.62,0,20.2
2023-11-21,SKU_03,bebidas,smooth,124.0,14.18,0,22.4
2023-11-22,SKU_03,bebidas,smooth,114.0,13.67,0,20.3
2023-11-23,SKU_03,bebidas,smooth,97.0,13.84,0,15.8
2023-11-24,SKU_03,bebidas,smooth,63.0,14.0,0,18.8
2023-11-25,SKU_03,bebidas,smooth,88.0,14.09,0,16.7
2023-11-26,SKU_03,bebidas,smooth,101.0,13.95,0,18.0
2023-11-27,SKU_03,bebidas,smooth,147.0,14.3,0,22.2
2023-11-28,SKU_03,bebidas,smooth,134.0,14.14,0,20.5
2023-11-29,SKU_03,bebidas,smooth,84.0,14.13,0,17.9
2023-11-30,SKU_03,bebidas,smooth,132.0,13.75,0,17.3
2023-12-01,SKU_03,bebidas,smooth,51.0,14.34,0,19.4
2023-12-02,SKU_03,bebidas,smooth,80.0,13.84,0,17.0
2023-12-03,SKU_03,bebidas,smooth,105.0,14.35,0,18.2
2023-12-04,SKU_03,bebidas,smooth,125.0,14.4,0,20.2
2023-12-05,SKU_03,bebidas,smooth,95.0,14.1,0,22.0
2023-12-06,SKU_03,bebidas,smooth,132.0,14.21,0,20.9
2023-12-07,SKU_03,bebidas,smooth,205.0,11.28,1,15.2
2023-12-08,SKU_03,bebidas,smooth,61.0,13.96,0,20.5
2023-12-09,SKU_03,bebidas,smooth,65.0,14.22,0,20.1
2023-12-10,SKU_03,bebidas,smooth,145.0,14.18,0,20.9
2023-12-11,SKU_03,bebidas,smooth,153.0,13.76,0,23.3
2023-12-12,SKU_03,bebidas,smooth,64.0,13.94,0,16.1
2023-12-13,SKU_03,bebidas,smooth,206.0,13.49,0,19.1
2023-12-14,SKU_03,bebidas,smooth,151.0,14.08,0,21.5
2023-12-15,SKU_03,bebidas,smooth,85.0,13.62,0,17.3
2023-12-16,SKU_03,bebidas,smooth,0.0,14.23,0,23.5
2023-12-17,SKU_03,bebidas,smooth,84.0,14.24,0,21.3
2023-12-18,SKU_03,bebidas,smooth,161.0,13.91,0,22.4
2023-12-19,SKU_03,bebidas,smooth,112.0,14.1,0,19.6
2023-12-20,SKU_03,bebidas,smooth,157.0,13.96,0,22.5
2023-12-21,SKU_03,bebidas,smooth,133.0,14.05,0,23.1
2023-12-22,SKU_03,bebidas,smooth,123.0,11.67,1,21.5
2023-12-23,SKU_03,bebidas,smooth,67.0,14.12,0,21.6
2023-12-24,SKU_03,bebidas,smooth,169.0,13.67,0,21.8
2023-12-25,SKU_03,bebidas,smooth,98.0,13.63,0,19.6
2023-12-26,SKU_03,bebidas,smooth,237.0,13.98,0,21.1
2023-12-27,SKU_03,bebidas,smooth,237.0,13.96,0,21.2
2023-12-28,SKU_03,bebidas,smooth,210.0,14.05,0,22.4
2023-12-29,SKU_03,bebidas,smooth,117.0,13.87,0,23.7
2023-12-30,SKU_03,bebidas,smooth,77.0,14.38,0,19.7
2023-12-31,SKU_03,bebidas,smooth,186.0,14.03,0,21.6
2024-01-01,SKU_03,bebidas,smooth,146.0,14.05,0,24.9
2024-01-02,SKU_03,bebidas,smooth,93.0,14.04,0,20.6
2024-01-03,SKU_03,bebidas,smooth,200.0,14.2,0,20.5
2024-01-04,SKU_03,bebidas,smooth,190.0,14.12,0,22.7
2024-01-05,SKU_03,bebidas,smooth,87.0,14.09,0,24.1
2024-01-06,SKU_03,bebidas,smooth,0.0,14.15,0,22.5
2024-01-07,SKU_03,bebidas,smooth,132.0,13.64,0,25.2
2024-01-08,SKU_03,bebidas,smooth,97.0,13.64,0,24.4
2024-01-09,SKU_03,bebidas,smooth,192.0,13.98,0,24.5
2024-01-10,SKU_03,bebidas,smooth,101.0,13.96,0,24.0
2024-01-11,SKU_03,bebidas,smooth,174.0,14.12,0,27.6
2024-01-12,SKU_03,bebidas,smooth,71.0,14.0,0,22.7
2024-01-13,SKU_03,bebidas,smooth,57.0,14.12,0,19.2
2024-01-14,SKU_03,bebidas,smooth,247.0,11.65,1,26.5
2024-01-15,SKU_03,bebidas,smooth,137.0,14.0,0,22.5
2024-01-16,SKU_03,bebidas,smooth,187.0,13.73,0,23.7
2024-01-17,SKU_03,bebidas,smooth,117.0,14.08,0,26.2
2024-01-18,SKU_03,bebidas,smooth,119.0,13.62,0,20.5
2024-01-19,SKU_03,bebidas,smooth,48.0,14.07,0,21.3
2024-01-20,SKU_03,bebidas,smooth,50.0,13.71,0,20.7
2024-01-21,SKU_03,bebidas,smooth,235.0,13.92,0,22.4
2024-01-22,SKU_03,bebidas,smooth,266.0,14.18,0,25.0
2024-01-23,SKU_03,bebidas,smooth,164.0,14.05,0,25.3
2024-01-24,SKU_03,bebidas,smooth,130.0,13.67,0,24.9
2024-01-25,SKU_03,bebidas,smooth,139.0,13.87,0,21.6
2024-01-26,SKU_03,bebidas,smooth,106.0,13.7,0,19.9
2024-01-27,SKU_03,bebidas,smooth,83.0,13.66,0,24.7
2024-01-28,SKU_03,bebidas,smooth,168.0,14.02,0,23.8
2024-01-29,SKU_03,bebidas,smooth,164.0,14.11,0,25.7
2024-01-30,SKU_03,bebidas,smooth,145.0,14.09,0,26.3
2024-01-31,SKU_03,bebidas,smooth,209.0,12.02,1,25.3
2024-02-01,SKU_03,bebidas,smooth,263.0,11.9,1,26.6
2024-02-02,SKU_03,bebidas,smooth,111.0,11.85,1,25.7
2024-02-03,SKU_03,bebidas,smooth,111.0,13.79,0,26.4
2024-02-04,SKU_03,bebidas,smooth,143.0,13.91,0,24.0
2024-02-05,SKU_03,bebidas,smooth,247.0,11.64,1,25.2
2024-02-06,SKU_03,bebidas,smooth,237.0,13.83,0,26.0
2024-02-07,SKU_03,bebidas,smooth,166.0,14.02,0,27.4
2024-02-08,SKU_03,bebidas,smooth,209.0,13.98,0,25.0
2024-02-09,SKU_03,bebidas,smooth,66.0,14.61,0,27.0
2024-02-10,SKU_03,bebidas,smooth,89.0,13.73,0,25.5
2024-02-11,SKU_03,bebidas,smooth,170.0,13.97,0,25.9
2024-02-12,SKU_03,bebidas,smooth,284.0,13.72,0,27.9
2024-02-13,SKU_03,bebidas,smooth,98.0,13.92,0,22.3
2024-02-14,SKU_03,bebidas,smooth,161.0,13.93,0,23.8
2024-02-15,SKU_03,bebidas,smooth,234.0,14.17,0,23.5
2024-02-16,SKU_03,bebidas,smooth,77.0,13.91,0,21.9
2024-02-17,SKU_03,bebidas,smooth,96.0,13.96,0,25.3
2024-02-18,SKU_03,bebidas,smooth,196.0,13.91,0,28.3
2024-02-19,SKU_03,bebidas,smooth,182.0,13.72,0,26.3
2024-02-20,SKU_03,bebidas,smooth,262.0,13.87,0,27.4
2024-02-21,SKU_03,bebidas,smooth,206.0,13.92,0,29.2
2024-02-22,SKU_03,bebidas,smooth,258.0,14.01,0,29.8
2024-02-23,SKU_03,bebidas,smooth,96.0,14.11,0,27.1
2024-02-24,SKU_03,bebidas,smooth,92.0,13.95,0,30.0
2024-02-25,SKU_03,bebidas,smooth,171.0,13.95,0,27.6
2024-02-26,SKU_03,bebidas,smooth,131.0,13.66,0,25.8
2024-02-27,SKU_03,bebidas,smooth,199.0,14.11,0,26.4
2024-02-28,SKU_03,bebidas,smooth,155.0,13.86,0,24.7
2024-02-29,SKU_03,bebidas,smooth,149.0,14.15,0,26.0
2024-03-01,SKU_03,bebidas,smooth,120.0,14.26,0,27.1
2024-03-02,SKU_03,bebidas,smooth,85.0,13.96,0,29.5
2024-03-03,SKU_03,bebidas,smooth,236.0,13.8,0,31.4
2024-03-04,SKU_03,bebidas,smooth,155.0,14.0,0,25.3
2024-03-05,SKU_03,bebidas,smooth,249.0,14.07,0,28.9
2024-03-06,SKU_03,bebidas,smooth,162.0,13.94,0,26.1
2024-03-07,SKU_03,bebidas,smooth,220.0,13.89,0,29.2
2024-03-08,SKU_03,bebidas,smooth,114.0,14.11,0,28.1
2024-03-09,SKU_03,bebidas,smooth,123.0,14.1,0,24.8
2024-03-10,SKU_03,bebidas,smooth,199.0,13.93,0,30.3
2024-03-11,SKU_03,bebidas,smooth,122.0,13.67,0,27.3
2024-03-12,SKU_03,bebidas,smooth,236.0,14.09,0,27.5
2024-03-13,SKU_03,bebidas,smooth,177.0,13.85,0,26.5
2024-03-14,SKU_03,bebidas,smooth,224.0,14.04,0,27.4
2024-03-15,SKU_03,bebidas,smooth,135.0,14.03,0,29.7
2024-03-16,SKU_03,bebidas,smooth,92.0,13.62,0,28.5
2024-03-17,SKU_03,bebidas,smooth,154.0,14.02,0,29.6
2024-03-18,SKU_03,bebidas,smooth,227.0,14.1,0,29.7
2024-03-19,SKU_03,bebidas,smooth,185.0,14.13,0,31.7
2024-03-20,SKU_03,bebidas,smooth,345.0,11.92,1,28.4
2024-03-21,SKU_03,bebidas,smooth,0.0,11.5,1,26.2
2024-03-22,SKU_03,bebidas,smooth,152.0,14.26,0,31.3
2024-03-23,SKU_03,bebidas,smooth,125.0,14.08,0,28.6
2024-03-24,SKU_03,bebidas,smooth,214.0,13.76,0,31.5
2024-03-25,SKU_03,bebidas,smooth,178.0,13.84,0,30.1
2024-03-26,SKU_03,bebidas,smooth,203.0,14.05,0,29.1
2024-03-27,SKU_03,bebidas,smooth,262.0,14.14,0,30.1
2024-03-28,SKU_03,bebidas,smooth,205.0,13.9,0,33.4
2024-03-29,SKU_03,bebidas,smooth,140.0,14.17,0,33.7
2024-03-30,SKU_03,bebidas,smooth,116.0,13.64,0,29.7
2024-03-31,SKU_03,bebidas,smooth,201.0,13.79,0,29.9
2024-04-01,SKU_03,bebidas,smooth,308.0,13.59,0,31.8
2024-04-02,SKU_03,bebidas,smooth,253.0,13.82,0,28.0
2024-04-03,SKU_03,bebidas,smooth,201.0,14.3,0,30.4
2024-04-04,SKU_03,bebidas,smooth,298.0,12.31,1,29.7
2024-04-05,SKU_03,bebidas,smooth,143.0,11.95,1,30.4
2024-04-06,SKU_03,bebidas,smooth,107.0,13.87,0,28.1
2024-04-07,SKU_03,bebidas,smooth,198.0,13.96,0,26.6
2024-04-08,SKU_03,bebidas,smooth,223.0,14.09,0,25.7
2024-04-09,SKU_03,bebidas,smooth,226.0,13.69,0,27.6
2024-04-10,SKU_03,bebidas,smooth,0.0,13.89,0,29.0
2024-04-11,SKU_03,bebidas,smooth,246.0,14.29,0,29.3
2024-04-12,SKU_03,bebidas,smooth,121.0,13.79,0,33.8
2024-04-13,SKU_03,bebidas,smooth,94.0,13.85,0,32.2
2024-04-14,SKU_03,bebidas,smooth,380.0,11.9,1,28.0
2024-04-15,SKU_03,bebidas,smooth,284.0,14.06,0,30.7
2024-04-16,SKU_03,bebidas,smooth,206.0,13.87,0,29.2
2024-04-17,SKU_03,bebidas,smooth,230.0,14.02,0,29.4
2024-04-18,SKU_03,bebidas,smooth,237.0,14.12,0,30.4
2024-04-19,SKU_03,bebidas,smooth,166.0,14.39,0,31.2
2024-04-20,SKU_03,bebidas,smooth,136.0,13.97,0,29.3
2024-04-21,SKU_03,bebidas,smooth,146.0,13.99,0,32.1
2024-04-22,SKU_03,bebidas,smooth,307.0,14.31,0,27.7
2024-04-23,SKU_03,bebidas,smooth,254.0,13.89,0,30.0
2024-04-24,SKU_03,bebidas,smooth,188.0,13.74,0,35.2
2024-04-25,SKU_03,bebidas,smooth,153.0,14.05,0,30.4
2024-04-26,SKU_03,bebidas,smooth,137.0,14.22,0,32.8
2024-04-27,SKU_03,bebidas,smooth,108.0,14.07,0,30.2
2024-04-28,SKU_03,bebidas,smooth,312.0,11.88,1,31.1
2024-04-29,SKU_03,bebidas,smooth,233.0,13.71,0,29.8
2024-04-30,SKU_03,bebidas,smooth,168.0,13.99,0,29.6
2024-05-01,SKU_03,bebidas,smooth,143.0,14.25,0,28.4
2024-05-02,SKU_03,bebidas,smooth,216.0,13.75,0,30.8
2024-05-03,SKU_03,bebidas,smooth,97.0,13.95,0,28.2
2024-05-04,SKU_03,bebidas,smooth,121.0,13.92,0,31.2
2024-05-05,SKU_03,bebidas,smooth,144.0,13.86,0,32.0
2024-05-06,SKU_03,bebidas,smooth,183.0,14.05,0,30.5
2024-05-07,SKU_03,bebidas,smooth,227.0,14.09,0,29.2
2024-05-08,SKU_03,bebidas,smooth,227.0,14.09,0,30.7
2024-05-09,SKU_03,bebidas,smooth,156.0,13.8,0,29.1
2024-05-10,SKU_03,bebidas,smooth,88.0,13.67,0,31.6
2024-05-11,SKU_03,bebidas,smooth,106.0,14.05,0,26.0
2024-05-12,SKU_03,bebidas,smooth,216.0,13.9,0,29.0
2024-05-13,SKU_03,bebidas,smooth,195.0,14.37,0,25.6
2024-05-14,SKU_03,bebidas,smooth,158.0,14.38,0,26.6
2024-05-15,SKU_03,bebidas,smooth,310.0,12.3,1,32.2
2024-05-16,SKU_03,bebidas,smooth,282.0,13.81,0,31.3
2024-05-17,SKU_03,bebidas,smooth,115.0,14.11,0,28.0
2024-05-18,SKU_03,bebidas,smooth,70.0,14.17,0,26.4
2024-05-19,SKU_03,bebidas,smooth,176.0,14.15,0,23.4
2024-05-20,SKU_03,bebidas,smooth,304.0,13.93,0,28.2
2024-05-21,SKU_03,bebidas,smooth,148.0,14.26,0,34.1
2024-05-22,SKU_03,bebidas,smooth,191.0,14.0,0,30.0
2024-05-23,SKU_03,bebidas,smooth,172.0,14.03,0,28.0
2024-05-24,SKU_03,bebidas,smooth,114.0,13.69,0,30.0
2024-05-25,SKU_03,bebidas,smooth,108.0,14.13,0,25.9
2024-05-26,SKU_03,bebidas,smooth,242.0,13.95,0,28.4
2024-05-27,SKU_03,bebidas,smooth,189.0,14.09,0,29.1
2024-05-28,SKU_03,bebidas,smooth,251.0,14.05,0,28.7
2024-05-29,SKU_03,bebidas,smooth,183.0,14.04,0,30.4
2024-05-30,SKU_03,bebidas,smooth,170.0,13.99,0,29.4
2024-05-31,SKU_03,bebidas,smooth,93.0,14.16,0,30.0
2024-06-01,SKU_03,bebidas,smooth,67.0,13.96,0,27.2
2024-06-02,SKU_03,bebidas,smooth,201.0,13.71,0,30.3
2024-06-03,SKU_03,bebidas,smooth,318.0,14.11,0,31.7
2024-06-04,SKU_03,bebidas,smooth,194.0,13.84,0,26.4
2024-06-05,SKU_03,bebidas,smooth,205.0,13.74,0,26.5
2024-06-06,SKU_03,bebidas,smooth,170.0,13.8,0,30.9
2024-06-07,SKU_03,bebidas,smooth,98.0,14.06,0,27.8
2024-06-08,SKU_03,bebidas,smooth,141.0,13.98,0,30.9
2024-06-09,SKU_03,bebidas,smooth,285.0,13.57,0,27.1
2024-06-10,SKU_03,bebidas,smooth,269.0,13.92,0,30.8
2024-06-11,SKU_03,bebidas,smooth,216.0,14.23,0,28.1
2024-06-12,SKU_03,bebidas,smooth,178.0,13.91,0,28.3
2024-06-13,SKU_03,bebidas,smooth,195.0,13.97,0,30.8
2024-06-14,SKU_03,bebidas,smooth,85.0,14.21,0,26.9
2024-06-15,SKU_03,bebidas,smooth,69.0,14.16,0,25.6
2024-06-16,SKU_03,bebidas,smooth,128.0,14.2,0,26.5
2024-06-17,SKU_03,bebidas,smooth,177.0,13.45,0,28.3
2024-06-18,SKU_03,bebidas,smooth,151.0,14.35,0,24.1
2024-06-19,SKU_03,bebidas,smooth,122.0,14.13,0,28.5
2024-06-20,SKU_03,bebidas,smooth,166.0,14.49,0,26.0
2024-06-21,SKU_03,bebidas,smooth,96.0,13.84,0,29.3
2024-06-22,SKU_03,bebidas,smooth,68.0,13.65,0,22.1
2024-06-23,SKU_03,bebidas,smooth,149.0,14.0,0,25.3
2024-06-24,SKU_03,bebidas,smooth,145.0,13.94,0,23.4
2024-06-25,SKU_03,bebidas,smooth,139.0,14.13,0,25.0
2024-06-26,SKU_03,bebidas,smooth,211.0,14.21,0,27.0
2024-06-27,SKU_03,bebidas,smooth,103.0,13.98,0,26.1
2024-06-28,SKU_03,bebidas,smooth,59.0,13.95,0,25.9
2024-06-29,SKU_03,bebidas,smooth,97.0,14.1,0,25.9
2024-06-30,SKU_03,bebidas,smooth,169.0,13.95,0,26.6
2024-07-01,SKU_03,bebidas,smooth,174.0,13.93,0,24.1
2024-07-02,SKU_03,bebidas,smooth,212.0,12.11,1,27.4
2024-07-03,SKU_03,bebidas,smooth,132.0,14.25,0,27.2
2024-07-04,SKU_03,bebidas,smooth,163.0,14.22,0,26.6
2024-07-05,SKU_03,bebidas,smooth,87.0,13.97,0,26.8
2024-07-06,SKU_03,bebidas,smooth,140.0,13.57,0,26.2
2024-07-07,SKU_03,bebidas,smooth,229.0,11.87,1,29.6
2024-07-08,SKU_03,bebidas,smooth,226.0,11.75,1,25.2
2024-07-09,SKU_03,bebidas,smooth,286.0,13.97,0,24.7
2024-07-10,SKU_03,bebidas,smooth,145.0,13.87,0,23.7
2024-07-11,SKU_03,bebidas,smooth,249.0,11.9,1,23.0
2024-07-12,SKU_03,bebidas,smooth,103.0,13.79,0,22.5
2024-07-13,SKU_03,bebidas,smooth,106.0,13.74,0,23.1
2024-07-14,SKU_03,bebidas,smooth,165.0,14.24,0,24.6
2024-07-15,SKU_03,bebidas,smooth,164.0,13.81,0,25.3
2024-07-16,SKU_03,bebidas,smooth,228.0,11.9,1,24.7
2024-07-17,SKU_03,bebidas,smooth,128.0,14.19,0,22.9
2024-07-18,SKU_03,bebidas,smooth,170.0,14.18,0,26.2
2024-07-19,SKU_03,bebidas,smooth,151.0,14.16,0,25.7
2024-07-20,SKU_03,bebidas,smooth,119.0,14.06,0,23.8
2024-07-21,SKU_03,bebidas,smooth,157.0,14.14,0,22.7
2024-07-22,SKU_03,bebidas,smooth,188.0,14.27,0,25.0
2024-07-23,SKU_03,bebidas,smooth,121.0,14.09,0,24.2
2024-07-24,SKU_03,bebidas,smooth,130.0,13.63,0,20.8
2024-07-25,SKU_03,bebidas,smooth,0.0,13.89,0,23.5
2024-07-26,SKU_03,bebidas,smooth,126.0,14.14,0,24.1
2024-07-27,SKU_03,bebidas,smooth,69.0,13.87,0,21.6
2024-07-28,SKU_03,bebidas,smooth,130.0,14.32,0,23.7
2024-07-29,SKU_03,bebidas,smooth,233.0,13.99,0,20.3
2024-07-30,SKU_03,bebidas,smooth,156.0,14.02,0,25.8
2024-07-31,SKU_03,bebidas,smooth,236.0,14.22,0,25.5
2024-08-01,SKU_03,bebidas,smooth,148.0,13.96,0,22.4
2024-08-02,SKU_03,bebidas,smooth,90.0,14.04,0,23.5
2024-08-03,SKU_03,bebidas,smooth,70.0,14.18,0,17.9
2024-08-04,SKU_03,bebidas,smooth,170.0,13.71,0,20.3
2024-08-05,SKU_03,bebidas,smooth,194.0,13.94,0,21.9
2024-08-06,SKU_03,bebidas,smooth,104.0,14.17,0,20.3
2024-08-07,SKU_03,bebidas,smooth,132.0,14.01,0,23.7
2024-08-08,SKU_03,bebidas,smooth,188.0,14.29,0,26.2
2024-08-09,SKU_03,bebidas,smooth,75.0,13.68,0,19.8
2024-08-10,SKU_03,bebidas,smooth,70.0,13.66,0,20.3
2024-08-11,SKU_03,bebidas,smooth,177.0,14.15,0,22.4
2024-08-12,SKU_03,bebidas,smooth,191.0,14.17,0,25.1
2024-08-13,SKU_03,bebidas,smooth,115.0,13.96,0,19.3
2024-08-14,SKU_03,bebidas,smooth,145.0,14.08,0,22.1
2024-08-15,SKU_03,bebidas,smooth,108.0,14.15,0,25.2
2024-08-16,SKU_03,bebidas,smooth,59.0,13.84,0,18.1
2024-08-17,SKU_03,bebidas,smooth,77.0,13.86,0,18.8
2024-08-18,SKU_03,bebidas,smooth,192.0,11.94,1,20.4
2024-08-19,SKU_03,bebidas,smooth,103.0,14.18,0,20.1
2024-08-20,SKU_03,bebidas,smooth,115.0,13.77,0,22.7
2024-08-21,SKU_03,bebidas,smooth,103.0,13.96,0,21.5
2024-08-22,SKU_03,bebidas,smooth,136.0,13.95,0,17.4
2024-08-23,SKU_03,bebidas,smooth,49.0,14.08,0,21.8
2024-08-24,SKU_03,bebidas,smooth,58.0,14.0,0,19.6
2024-08-25,SKU_03,bebidas,smooth,87.0,13.89,0,23.2
2024-08-26,SKU_03,bebidas,smooth,204.0,12.15,1,19.3
2024-08-27,SKU_03,bebidas,smooth,81.0,13.89,0,19.2
2024-08-28,SKU_03,bebidas,smooth,133.0,13.94,0,21.5
2024-08-29,SKU_03,bebidas,smooth,199.0,13.68,0,21.8
2024-08-30,SKU_03,bebidas,smooth,117.0,13.86,0,21.1
2024-08-31,SKU_03,bebidas,smooth,45.0,14.1,0,16.8
2024-09-01,SKU_03,bebidas,smooth,141.0,14.06,0,21.1
2024-09-02,SKU_03,bebidas,smooth,95.0,14.12,0,17.9
2024-09-03,SKU_03,bebidas,smooth,96.0,14.11,0,20.4
2024-09-04,SKU_03,bebidas,smooth,115.0,14.42,0,17.0
2024-09-05,SKU_03,bebidas,smooth,175.0,13.85,0,20.7
2024-09-06,SKU_03,bebidas,smooth,83.0,13.68,0,18.1
2024-09-07,SKU_03,bebidas,smooth,59.0,13.79,0,17.1
2024-09-08,SKU_03,bebidas,smooth,154.0,13.86,0,21.0
2024-09-09,SKU_03,bebidas,smooth,73.0,13.81,0,20.0
2024-09-10,SKU_03,bebidas,smooth,101.0,14.02,0,18.2
2024-09-11,SKU_03,bebidas,smooth,108.0,14.25,0,22.3
2024-09-12,SKU_03,bebidas,smooth,125.0,14.31,0,18.4
2024-09-13,SKU_03,bebidas,smooth,101.0,12.0,1,19.3
2024-09-14,SKU_03,bebidas,smooth,71.0,14.43,0,19.7
2024-09-15,SKU_03,bebidas,smooth,115.0,13.93,0,17.9
2024-09-16,SKU_03,bebidas,smooth,127.0,13.67,0,20.0
2024-09-17,SKU_03,bebidas,smooth,199.0,12.11,1,17.9
2024-09-18,SKU_03,bebidas,smooth,126.0,13.63,0,18.1
2024-09-19,SKU_03,bebidas,smooth,121.0,13.85,0,21.6
2024-09-20,SKU_03,bebidas,smooth,76.0,14.1,0,16.7
2024-09-21,SKU_03,bebidas,smooth,0.0,11.88,1,13.9
2024-09-22,SKU_03,bebidas,smooth,114.0,13.96,0,21.9
2024-09-23,SKU_03,bebidas,smooth,135.0,13.76,0,23.8
2024-09-24,SKU_03,bebidas,smooth,160.0,14.0,0,17.8
2024-09-25,SKU_03,bebidas,smooth,123.0,12.1,1,14.7
2024-09-26,SKU_03,bebidas,smooth,187.0,14.0,0,17.9
2024-09-27,SKU_03,bebidas,smooth,51.0,13.83,0,17.9
2024-09-28,SKU_03,bebidas,smooth,65.0,13.75,0,18.1
2024-09-29,SKU_03,bebidas,smooth,91.0,13.84,0,16.2
2024-09-30,SKU_03,bebidas,smooth,214.0,14.08,0,19.5
2024-10-01,SKU_03,bebidas,smooth,110.0,14.07,0,19.4
2024-10-02,SKU_03,bebidas,smooth,100.0,13.84,0,15.3
2024-10-03,SKU_03,bebidas,smooth,166.0,11.46,1,19.7
2024-10-04,SKU_03,bebidas,smooth,80.0,14.08,0,22.4
2024-10-05,SKU_03,bebidas,smooth,67.0,13.82,0,18.6
2024-10-06,SKU_03,bebidas,smooth,116.0,14.14,0,17.5
2024-10-07,SKU_03,bebidas,smooth,50.0,13.85,0,17.9
2024-10-08,SKU_03,bebidas,smooth,126.0,13.8,0,19.4
2024-10-09,SKU_03,bebidas,smooth,112.0,14.03,0,14.7
2024-10-10,SKU_03,bebidas,smooth,158.0,14.47,0,18.4
2024-10-11,SKU_03,bebidas,smooth,97.0,14.15,0,17.3
2024-10-12,SKU_03,bebidas,smooth,75.0,14.03,0,21.8
2024-10-13,SKU_03,bebidas,smooth,147.0,14.07,0,17.7
2024-10-14,SKU_03,bebidas,smooth,100.0,13.65,0,21.4
2024-10-15,SKU_03,bebidas,smooth,140.0,13.78,0,15.8
2024-10-16,SKU_03,bebidas,smooth,109.0,13.5,0,19.2
2024-10-17,SKU_03,bebidas,smooth,92.0,14.35,0,18.7
2024-10-18,SKU_03,bebidas,smooth,66.0,14.31,0,16.3
2024-10-19,SKU_03,bebidas,smooth,103.0,14.08,0,18.4
2024-10-20,SKU_03,bebidas,smooth,135.0,14.03,0,20.4
2024-10-21,SKU_03,bebidas,smooth,175.0,13.69,0,17.4
2024-10-22,SKU_03,bebidas,smooth,94.0,13.96,0,14.6
2024-10-23,SKU_03,bebidas,smooth,159.0,14.36,0,18.0
2024-10-24,SKU_03,bebidas,smooth,101.0,14.03,0,16.2
2024-10-25,SKU_03,bebidas,smooth,76.0,13.89,0,17.3
2024-10-26,SKU_03,bebidas,smooth,76.0,13.65,0,17.9
2024-10-27,SKU_03,bebidas,smooth,134.0,14.28,0,14.6
2024-10-28,SKU_03,bebidas,smooth,122.0,13.99,0,14.8
2024-10-29,SKU_03,bebidas,smooth,153.0,11.55,1,19.0
2024-10-30,SKU_03,bebidas,smooth,151.0,13.82,0,17.0
2024-10-31,SKU_03,bebidas,smooth,169.0,13.74,0,13.0
2024-11-01,SKU_03,bebidas,smooth,66.0,13.97,0,19.7
2024-11-02,SKU_03,bebidas,smooth,47.0,14.04,0,18.7
2024-11-03,SKU_03,bebidas,smooth,200.0,11.8,1,16.7
2024-11-04,SKU_03,bebidas,smooth,109.0,14.16,0,15.5
2024-11-05,SKU_03,bebidas,smooth,127.0,14.02,0,19.9
2024-11-06,SKU_03,bebidas,smooth,148.0,14.21,0,18.9
2024-11-07,SKU_03,bebidas,smooth,126.0,13.93,0,23.0
2024-11-08,SKU_03,bebidas,smooth,71.0,14.61,0,19.1
2024-11-09,SKU_03,bebidas,smooth,75.0,13.89,0,19.1
2024-11-10,SKU_03,bebidas,smooth,183.0,13.82,0,18.0
2024-11-11,SKU_03,bebidas,smooth,134.0,13.79,0,20.0
2024-11-12,SKU_03,bebidas,smooth,142.0,11.86,1,19.7
2024-11-13,SKU_03,bebidas,smooth,102.0,13.66,0,21.0
2024-11-14,SKU_03,bebidas,smooth,190.0,11.96,1,17.5
2024-11-15,SKU_03,bebidas,smooth,57.0,13.62,0,17.7
2024-11-16,SKU_03,bebidas,smooth,52.0,14.03,0,17.6
2024-11-17,SKU_03,bebidas,smooth,158.0,13.73,0,20.2
2024-11-18,SKU_03,bebidas,smooth,166.0,13.92,0,21.7
2024-11-19,SKU_03,bebidas,smooth,118.0,14.12,0,17.8
2024-11-20,SKU_03,bebidas,smooth,140.0,14.46,0,17.9
2024-11-21,SKU_03,bebidas,smooth,141.0,13.78,0,19.5
2024-11-22,SKU_03,bebidas,smooth,91.0,13.97,0,18.4
2024-11-23,SKU_03,bebidas,smooth,96.0,13.86,0,20.9
2024-11-24,SKU_03,bebidas,smooth,63.0,13.83,0,14.5
2024-11-25,SKU_03,bebidas,smooth,123.0,13.86,0,17.4
2024-11-26,SKU_03,bebidas,smooth,148.0,14.16,0,17.6
2024-11-27,SKU_03,bebidas,smooth,111.0,13.9,0,14.6
2024-11-28,SKU_03,bebidas,smooth,0.0,14.45,0,17.3
2024-11-29,SKU_03,bebidas,smooth,93.0,14.08,0,17.5
2024-11-30,SKU_03,bebidas,smooth,82.0,13.8,0,19.0
2024-12-01,SKU_03,bebidas,smooth,210.0,13.93,0,21.7
2024-12-02,SKU_03,bebidas,smooth,181.0,13.84,0,19.0
2024-12-03,SKU_03,bebidas,smooth,129.0,14.16,0,17.5
2024-12-04,SKU_03,bebidas,smooth,133.0,13.67,0,19.5
2024-12-05,SKU_03,bebidas,smooth,73.0,13.73,0,21.8
2024-12-06,SKU_03,bebidas,smooth,74.0,13.88,0,17.9
2024-12-07,SKU_03,bebidas,smooth,57.0,14.14,0,18.1
2024-12-08,SKU_03,bebidas,smooth,154.0,14.25,0,21.1
2024-12-09,SKU_03,bebidas,smooth,147.0,14.28,0,19.6
2024-12-10,SKU_03,bebidas,smooth,176.0,14.11,0,21.4
2024-12-11,SKU_03,bebidas,smooth,204.0,13.98,0,20.2
2024-12-12,SKU_03,bebidas,smooth,149.0,14.16,0,21.7
2024-12-13,SKU_03,bebidas,smooth,145.0,13.77,0,18.3
2024-12-14,SKU_03,bebidas,smooth,92.0,13.63,0,20.4
2024-12-15,SKU_03,bebidas,smooth,105.0,14.09,0,20.1
2024-12-16,SKU_03,bebidas,smooth,122.0,13.8,0,18.2
2024-12-17,SKU_03,bebidas,smooth,127.0,13.99,0,17.6
2024-12-18,SKU_03,bebidas,smooth,178.0,14.02,0,22.1
2024-12-19,SKU_03,bebidas,smooth,117.0,14.05,0,20.2
2024-12-20,SKU_03,bebidas,smooth,79.0,14.19,0,18.9
2024-12-21,SKU_03,bebidas,smooth,85.0,14.17,0,20.8
2024-12-22,SKU_03,bebidas,smooth,207.0,11.94,1,23.4
2024-12-23,SKU_03,bebidas,smooth,168.0,13.91,0,16.7
2024-12-24,SKU_03,bebidas,smooth,169.0,14.02,0,18.3
2024-12-25,SKU_03,bebidas,smooth,198.0,13.88,0,19.6
2024-12-26,SKU_03,bebidas,smooth,220.0,11.86,1,24.4
2024-12-27,SKU_03,bebidas,smooth,125.0,14.52,0,22.2
2024-12-28,SKU_03,bebidas,smooth,68.0,14.04,0,23.2
2024-12-29,SKU_03,bebidas,smooth,107.0,14.09,0,19.5
2024-12-30,SKU_03,bebidas,smooth,112.0,13.86,0,19.6
2023-01-01,SKU_04,bebidas,smooth,161.0,15.76,0,22.6
2023-01-02,SKU_04,bebidas,smooth,143.0,15.75,0,20.0
2023-01-03,SKU_04,bebidas,smooth,225.0,13.8,1,23.7
2023-01-04,SKU_04,bebidas,smooth,137.0,15.99,0,24.2
2023-01-05,SKU_04,bebidas,smooth,149.0,16.02,0,18.5
2023-01-06,SKU_04,bebidas,smooth,140.0,13.6,1,19.9
2023-01-07,SKU_04,bebidas,smooth,81.0,15.77,0,22.8
2023-01-08,SKU_04,bebidas,smooth,177.0,13.47,1,22.0
2023-01-09,SKU_04,bebidas,smooth,159.0,15.88,0,22.7
2023-01-10,SKU_04,bebidas,smooth,99.0,15.72,0,21.2
2023-01-11,SKU_04,bebidas,smooth,113.0,15.9,0,24.7
2023-01-12,SKU_04,bebidas,smooth,133.0,15.78,0,24.6
2023-01-13,SKU_04,bebidas,smooth,50.0,16.12,0,23.3
2023-01-14,SKU_04,bebidas,smooth,99.0,16.13,0,25.5
2023-01-15,SKU_04,bebidas,smooth,154.0,13.34,1,24.3
2023-01-16,SKU_04,bebidas,smooth,114.0,15.94,0,21.8
2023-01-17,SKU_04,bebidas,smooth,128.0,16.37,0,24.3
2023-01-18,SKU_04,bebidas,smooth,130.0,15.8,0,21.8
2023-01-19,SKU_04,bebidas,smooth,128.0,16.09,0,25.6
2023-01-20,SKU_04,bebidas,smooth,79.0,16.02,0,23.8
2023-01-21,SKU_04,bebidas,smooth,79.0,16.22,0,23.6
2023-01-22,SKU_04,bebidas,smooth,119.0,16.06,0,22.7
2023-01-23,SKU_04,bebidas,smooth,119.0,15.91,0,26.7
2023-01-24,SKU_04,bebidas,smooth,178.0,16.01,0,24.0
2023-01-25,SKU_04,bebidas,smooth,81.0,16.02,0,23.6
2023-01-26,SKU_04,bebidas,smooth,131.0,15.98,0,23.8
2023-01-27,SKU_04,bebidas,smooth,76.0,15.74,0,25.7
2023-01-28,SKU_04,bebidas,smooth,93.0,16.25,0,25.5
2023-01-29,SKU_04,bebidas,smooth,100.0,16.21,0,25.6
2023-01-30,SKU_04,bebidas,smooth,128.0,15.79,0,25.8
2023-01-31,SKU_04,bebidas,smooth,151.0,15.94,0,29.3
2023-02-01,SKU_04,bebidas,smooth,183.0,15.95,0,24.3
2023-02-02,SKU_04,bebidas,smooth,153.0,15.77,0,24.2
2023-02-03,SKU_04,bebidas,smooth,90.0,13.23,1,23.7
2023-02-04,SKU_04,bebidas,smooth,113.0,13.47,1,26.7
2023-02-05,SKU_04,bebidas,smooth,189.0,15.93,0,27.8
2023-02-06,SKU_04,bebidas,smooth,157.0,13.31,1,25.4
2023-02-07,SKU_04,bebidas,smooth,139.0,16.04,0,24.1
2023-02-08,SKU_04,bebidas,smooth,143.0,16.23,0,24.2
2023-02-09,SKU_04,bebidas,smooth,138.0,16.17,0,27.2
2023-02-10,SKU_04,bebidas,smooth,176.0,15.97,0,27.5
2023-02-11,SKU_04,bebidas,smooth,81.0,15.63,0,27.2
2023-02-12,SKU_04,bebidas,smooth,163.0,16.14,0,24.9
2023-02-13,SKU_04,bebidas,smooth,126.0,16.03,0,26.8
2023-02-14,SKU_04,bebidas,smooth,173.0,16.08,0,26.6
2023-02-15,SKU_04,bebidas,smooth,189.0,16.39,0,26.9
2023-02-16,SKU_04,bebidas,smooth,136.0,15.84,0,28.3
2023-02-17,SKU_04,bebidas,smooth,89.0,15.43,0,27.1
2023-02-18,SKU_04,bebidas,smooth,75.0,15.79,0,28.1
2023-02-19,SKU_04,bebidas,smooth,117.0,16.1,0,27.0
2023-02-20,SKU_04,bebidas,smooth,292.0,13.61,1,27.5
2023-02-21,SKU_04,bebidas,smooth,200.0,13.36,1,28.3
2023-02-22,SKU_04,bebidas,smooth,82.0,15.72,0,24.2
2023-02-23,SKU_04,bebidas,smooth,238.0,15.93,0,26.6
2023-02-24,SKU_04,bebidas,smooth,75.0,15.75,0,26.4
2023-02-25,SKU_04,bebidas,smooth,86.0,16.1,0,26.1
2023-02-26,SKU_04,bebidas,smooth,233.0,15.92,0,26.9
2023-02-27,SKU_04,bebidas,smooth,161.0,15.87,0,30.6
2023-02-28,SKU_04,bebidas,smooth,148.0,15.85,0,25.9
2023-03-01,SKU_04,bebidas,smooth,122.0,16.05,0,29.7
2023-03-02,SKU_04,bebidas,smooth,145.0,13.61,1,24.4
2023-03-03,SKU_04,bebidas,smooth,90.0,16.04,0,27.2
2023-03-04,SKU_04,bebidas,smooth,104.0,16.04,0,28.3
2023-03-05,SKU_04,bebidas,smooth,177.0,15.99,0,29.2
2023-03-06,SKU_04,bebidas,smooth,147.0,15.79,0,29.5
2023-03-07,SKU_04,bebidas,smooth,243.0,13.45,1,29.8
2023-03-08,SKU_04,bebidas,smooth,102.0,15.92,0,27.6
2023-03-09,SKU_04,bebidas,smooth,179.0,16.41,0,27.4
2023-03-10,SKU_04,bebidas,smooth,103.0,15.73,0,30.1
2023-03-11,SKU_04,bebidas,smooth,156.0,15.92,0,28.1
2023-03-12,SKU_04,bebidas,smooth,156.0,16.02,0,26.0
2023-03-13,SKU_04,bebidas,smooth,125.0,15.94,0,26.3
2023-03-14,SKU_04,bebidas,smooth,158.0,16.21,0,26.8
2023-03-15,SKU_04,bebidas,smooth,155.0,15.94,0,29.7
2023-03-16,SKU_04,bebidas,smooth,185.0,15.95,0,29.1
2023-03-17,SKU_04,bebidas,smooth,101.0,16.16,0,30.3
2023-03-18,SKU_04,bebidas,smooth,70.0,16.36,0,28.1
2023-03-19,SKU_04,bebidas,smooth,112.0,16.28,0,29.3
2023-03-20,SKU_04,bebidas,smooth,182.0,15.97,0,30.3
2023-03-21,SKU_04,bebidas,smooth,232.0,15.99,0,28.5
2023-03-22,SKU_04,bebidas,smooth,252.0,13.61,1,30.1
2023-03-23,SKU_04,bebidas,smooth,200.0,16.03,0,27.9
2023-03-24,SKU_04,bebidas,smooth,126.0,15.83,0,28.5
2023-03-25,SKU_04,bebidas,smooth,105.0,16.19,0,28.5
2023-03-26,SKU_04,bebidas,smooth,132.0,16.04,0,27.0
2023-03-27,SKU_04,bebidas,smooth,181.0,15.99,0,30.4
2023-03-28,SKU_04,bebidas,smooth,224.0,15.75,0,28.5
2023-03-29,SKU_04,bebidas,smooth,194.0,16.01,0,29.5
2023-03-30,SKU_04,bebidas,smooth,207.0,15.62,0,30.5
2023-03-31,SKU_04,bebidas,smooth,90.0,15.88,0,30.5
2023-04-01,SKU_04,bebidas,smooth,98.0,15.89,0,30.9
2023-04-02,SKU_04,bebidas,smooth,0.0,16.06,0,29.4
2023-04-03,SKU_04,bebidas,smooth,166.0,16.38,0,28.8
2023-04-04,SKU_04,bebidas,smooth,227.0,16.11,0,29.5
2023-04-05,SKU_04,bebidas,smooth,90.0,16.29,0,26.4
2023-04-06,SKU_04,bebidas,smooth,163.0,16.13,0,26.9
2023-04-07,SKU_04,bebidas,smooth,95.0,16.23,0,27.1
2023-04-08,SKU_04,bebidas,smooth,69.0,16.37,0,27.8
2023-04-09,SKU_04,bebidas,smooth,204.0,15.85,0,30.6
2023-04-10,SKU_04,bebidas,smooth,139.0,15.84,0,28.1
2023-04-11,SKU_04,bebidas,smooth,155.0,16.13,0,29.1
2023-04-12,SKU_04,bebidas,smooth,282.0,16.0,0,32.5
2023-04-13,SKU_04,bebidas,smooth,217.0,16.04,0,29.2
2023-04-14,SKU_04,bebidas,smooth,120.0,15.95,0,31.4
2023-04-15,SKU_04,bebidas,smooth,107.0,15.88,0,28.1
2023-04-16,SKU_04,bebidas,smooth,164.0,16.32,0,29.6
2023-04-17,SKU_04,bebidas,smooth,271.0,15.78,0,28.1
2023-04-18,SKU_04,bebidas,smooth,206.0,16.14,0,29.3
2023-04-19,SKU_04,bebidas,smooth,147.0,16.1,0,31.7
2023-04-20,SKU_04,bebidas,smooth,114.0,15.68,0,26.5
2023-04-21,SKU_04,bebidas,smooth,118.0,15.83,0,30.9
2023-04-22,SKU_04,bebidas,smooth,146.0,13.47,1,30.5
2023-04-23,SKU_04,bebidas,smooth,117.0,16.11,0,28.8
2023-04-24,SKU_04,bebidas,smooth,181.0,15.93,0,27.1
2023-04-25,SKU_04,bebidas,smooth,161.0,15.98,0,30.1
2023-04-26,SKU_04,bebidas,smooth,191.0,15.71,0,28.9
2023-04-27,SKU_04,bebidas,smooth,192.0,16.47,0,30.4
2023-04-28,SKU_04,bebidas,smooth,86.0,16.01,0,30.0
2023-04-29,SKU_04,bebidas,smooth,124.0,16.1,0,33.2
2023-04-30,SKU_04,bebidas,smooth,149.0,15.89,0,29.5
2023-05-01,SKU_04,bebidas,smooth,148.0,15.87,0,27.9
2023-05-02,SKU_04,bebidas,smooth,150.0,16.38,0,30.3
2023-05-03,SKU_04,bebidas,smooth,226.0,15.62,0,30.3
2023-05-04,SKU_04,bebidas,smooth,166.0,16.06,0,32.6
2023-05-05,SKU_04,bebidas,smooth,144.0,15.76,0,31.5
2023-05-06,SKU_04,bebidas,smooth,157.0,15.92,0,30.5
2023-05-07,SKU_04,bebidas,smooth,148.0,15.87,0,32.7
2023-05-08,SKU_04,bebidas,smooth,79.0,15.8,0,27.4
2023-05-09,SKU_04,bebidas,smooth,213.0,16.01,0,28.5
2023-05-10,SKU_04,bebidas,smooth,150.0,15.49,0,27.9
2023-05-11,SKU_04,bebidas,smooth,134.0,15.94,0,28.9
2023-05-12,SKU_04,bebidas,smooth,82.0,15.98,0,26.9
2023-05-13,SKU_04,bebidas,smooth,91.0,15.73,0,30.9
2023-05-14,SKU_04,bebidas,smooth,229.0,16.3,0,29.1
2023-05-15,SKU_04,bebidas,smooth,164.0,15.88,0,26.6
2023-05-16,SKU_04,bebidas,smooth,220.0,15.95,0,27.5
2023-05-17,SKU_04,bebidas,smooth,190.0,15.88,0,30.1
2023-05-18,SKU_04,bebidas,smooth,158.0,15.98,0,31.1
2023-05-19,SKU_04,bebidas,smooth,95.0,16.26,0,33.4
2023-05-20,SKU_04,bebidas,smooth,124.0,16.49,0,35.2
2023-05-21,SKU_04,bebidas,smooth,205.0,16.15,0,30.1
2023-05-22,SKU_04,bebidas,smooth,203.0,16.22,0,27.3
2023-05-23,SKU_04,bebidas,smooth,206.0,13.94,1,24.9
2023-05-24,SKU_04,bebidas,smooth,173.0,16.05,0,29.7
2023-05-25,SKU_04,bebidas,smooth,183.0,16.31,0,27.4
2023-05-26,SKU_04,bebidas,smooth,86.0,16.16,0,28.2
2023-05-27,SKU_04,bebidas,smooth,71.0,16.03,0,27.7
2023-05-28,SKU_04,bebidas,smooth,132.0,16.07,0,28.6
2023-05-29,SKU_04,bebidas,smooth,159.0,15.64,0,31.0
2023-05-30,SKU_04,bebidas,smooth,191.0,16.06,0,29.1
2023-05-31,SKU_04,bebidas,smooth,218.0,15.69,0,28.4
2023-06-01,SKU_04,bebidas,smooth,111.0,15.67,0,26.6
2023-06-02,SKU_04,bebidas,smooth,77.0,16.04,0,25.2
2023-06-03,SKU_04,bebidas,smooth,85.0,15.78,0,27.5
2023-06-04,SKU_04,bebidas,smooth,193.0,16.0,0,28.3
2023-06-05,SKU_04,bebidas,smooth,148.0,16.03,0,31.9
2023-06-06,SKU_04,bebidas,smooth,206.0,13.64,1,28.6
2023-06-07,SKU_04,bebidas,smooth,115.0,15.82,0,30.2
2023-06-08,SKU_04,bebidas,smooth,174.0,16.18,0,27.2
2023-06-09,SKU_04,bebidas,smooth,85.0,15.98,0,25.7
2023-06-10,SKU_04,bebidas,smooth,75.0,16.09,0,26.1
2023-06-11,SKU_04,bebidas,smooth,0.0,15.76,0,26.5
2023-06-12,SKU_04,bebidas,smooth,220.0,15.96,0,32.1
2023-06-13,SKU_04,bebidas,smooth,117.0,16.22,0,26.1
2023-06-14,SKU_04,bebidas,smooth,129.0,16.19,0,29.4
2023-06-15,SKU_04,bebidas,smooth,201.0,15.84,0,25.8
2023-06-16,SKU_04,bebidas,smooth,95.0,15.89,0,29.4
2023-06-17,SKU_04,bebidas,smooth,108.0,15.8,0,28.2
2023-06-18,SKU_04,bebidas,smooth,166.0,15.87,0,27.0
2023-06-19,SKU_04,bebidas,smooth,149.0,15.72,0,27.2
2023-06-20,SKU_04,bebidas,smooth,135.0,15.97,0,25.9
2023-06-21,SKU_04,bebidas,smooth,187.0,16.13,0,28.0
2023-06-22,SKU_04,bebidas,smooth,195.0,15.84,0,26.1
2023-06-23,SKU_04,bebidas,smooth,109.0,15.98,0,24.5
2023-06-24,SKU_04,bebidas,smooth,62.0,15.96,0,24.3
2023-06-25,SKU_04,bebidas,smooth,205.0,16.21,0,27.1
2023-06-26,SKU_04,bebidas,smooth,143.0,15.88,0,29.8
2023-06-27,SKU_04,bebidas,smooth,122.0,15.88,0,26.9
2023-06-28,SKU_04,bebidas,smooth,139.0,15.83,0,26.2
2023-06-29,SKU_04,bebidas,smooth,180.0,15.77,0,26.9
2023-06-30,SKU_04,bebidas,smooth,102.0,16.11,0,28.9
2023-07-01,SKU_04,bebidas,smooth,80.0,15.97,0,26.6
2023-07-02,SKU_04,bebidas,smooth,174.0,16.01,0,25.3
2023-07-03,SKU_04,bebidas,smooth,154.0,16.25,0,28.2
2023-07-04,SKU_04,bebidas,smooth,126.0,16.27,0,26.7
2023-07-05,SKU_04,bebidas,smooth,126.0,15.67,0,28.9
2023-07-06,SKU_04,bebidas,smooth,157.0,16.13,0,26.0
2023-07-07,SKU_04,bebidas,smooth,78.0,16.05,0,23.1
2023-07-08,SKU_04,bebidas,smooth,56.0,15.91,0,22.7
2023-07-09,SKU_04,bebidas,smooth,183.0,16.07,0,28.7
2023-07-10,SKU_04,bebidas,smooth,132.0,15.65,0,28.7
2023-07-11,SKU_04,bebidas,smooth,204.0,16.29,0,24.8
2023-07-12,SKU_04,bebidas,smooth,96.0,16.1,0,24.3
2023-07-13,SKU_04,bebidas,smooth,138.0,15.83,0,27.9
2023-07-14,SKU_04,bebidas,smooth,65.0,15.88,0,22.7
2023-07-15,SKU_04,bebidas,smooth,61.0,15.66,0,23.0
2023-07-16,SKU_04,bebidas,smooth,123.0,15.94,0,26.0
2023-07-17,SKU_04,bebidas,smooth,205.0,15.9,0,23.8
2023-07-18,SKU_04,bebidas,smooth,140.0,15.73,0,24.5
2023-07-19,SKU_04,bebidas,smooth,109.0,16.16,0,24.0
2023-07-20,SKU_04,bebidas,smooth,86.0,16.26,0,24.9
2023-07-21,SKU_04,bebidas,smooth,54.0,15.99,0,27.0
2023-07-22,SKU_04,bebidas,smooth,68.0,15.94,0,24.2
2023-07-23,SKU_04,bebidas,smooth,115.0,16.09,0,25.2
2023-07-24,SKU_04,bebidas,smooth,114.0,16.0,0,19.7
2023-07-25,SKU_04,bebidas,smooth,75.0,15.78,0,23.6
2023-07-26,SKU_04,bebidas,smooth,123.0,15.87,0,22.0
2023-07-27,SKU_04,bebidas,smooth,159.0,15.94,0,21.1
2023-07-28,SKU_04,bebidas,smooth,109.0,16.05,0,21.7
2023-07-29,SKU_04,bebidas,smooth,47.0,16.0,0,22.7
2023-07-30,SKU_04,bebidas,smooth,108.0,16.04,0,25.1
2023-07-31,SKU_04,bebidas,smooth,142.0,13.3,1,20.5
2023-08-01,SKU_04,bebidas,smooth,131.0,16.13,0,23.1
2023-08-02,SKU_04,bebidas,smooth,91.0,16.0,0,22.0
2023-08-03,SKU_04,bebidas,smooth,187.0,16.51,0,22.2
2023-08-04,SKU_04,bebidas,smooth,77.0,15.92,0,24.7
2023-08-05,SKU_04,bebidas,smooth,73.0,16.06,0,23.7
2023-08-06,SKU_04,bebidas,smooth,194.0,16.57,0,25.2
2023-08-07,SKU_04,bebidas,smooth,122.0,16.04,0,22.1
2023-08-08,SKU_04,bebidas,smooth,132.0,15.99,0,20.9
2023-08-09,SKU_04,bebidas,smooth,101.0,15.8,0,21.8
2023-08-10,SKU_04,bebidas,smooth,88.0,16.31,0,22.6
2023-08-11,SKU_04,bebidas,smooth,62.0,15.77,0,22.4
2023-08-12,SKU_04,bebidas,smooth,117.0,16.09,0,19.8
2023-08-13,SKU_04,bebidas,smooth,141.0,15.91,0,22.0
2023-08-14,SKU_04,bebidas,smooth,129.0,15.96,0,22.2
2023-08-15,SKU_04,bebidas,smooth,104.0,15.72,0,26.7
2023-08-16,SKU_04,bebidas,smooth,234.0,13.87,1,25.3
2023-08-17,SKU_04,bebidas,smooth,82.0,15.94,0,19.7
2023-08-18,SKU_04,bebidas,smooth,47.0,15.76,0,20.8
2023-08-19,SKU_04,bebidas,smooth,57.0,16.25,0,18.3
2023-08-20,SKU_04,bebidas,smooth,185.0,15.9,0,20.0
2023-08-21,SKU_04,bebidas,smooth,189.0,16.07,0,21.7
2023-08-22,SKU_04,bebidas,smooth,110.0,16.17,0,23.4
2023-08-23,SKU_04,bebidas,smooth,96.0,16.09,0,19.4
2023-08-24,SKU_04,bebidas,smooth,76.0,15.56,0,19.5
2023-08-25,SKU_04,bebidas,smooth,63.0,16.14,0,16.4
2023-08-26,SKU_04,bebidas,smooth,102.0,13.58,1,20.3
2023-08-27,SKU_04,bebidas,smooth,133.0,15.93,0,18.4
2023-08-28,SKU_04,bebidas,smooth,140.0,15.98,0,19.4
2023-08-29,SKU_04,bebidas,smooth,152.0,13.28,1,18.6
2023-08-30,SKU_04,bebidas,smooth,130.0,16.04,0,20.1
2023-08-31,SKU_04,bebidas,smooth,88.0,15.73,0,16.7
2023-09-01,SKU_04,bebidas,smooth,71.0,15.94,0,17.2
2023-09-02,SKU_04,bebidas,smooth,65.0,16.03,0,24.3
2023-09-03,SKU_04,bebidas,smooth,119.0,16.21,0,17.4
2023-09-04,SKU_04,bebidas,smooth,117.0,15.84,0,17.7
2023-09-05,SKU_04,bebidas,smooth,123.0,16.29,0,23.5
2023-09-06,SKU_04,bebidas,smooth,153.0,16.19,0,25.6
2023-09-07,SKU_04,bebidas,smooth,72.0,15.91,0,17.4
2023-09-08,SKU_04,bebidas,smooth,49.0,15.78,0,18.9
2023-09-09,SKU_04,bebidas,smooth,62.0,15.71,0,20.2
2023-09-10,SKU_04,bebidas,smooth,83.0,16.05,0,22.9
2023-09-11,SKU_04,bebidas,smooth,96.0,15.85,0,17.4
2023-09-12,SKU_04,bebidas,smooth,99.0,16.24,0,18.9
2023-09-13,SKU_04,bebidas,smooth,157.0,15.86,0,20.8
2023-09-14,SKU_04,bebidas,smooth,115.0,15.82,0,20.1
2023-09-15,SKU_04,bebidas,smooth,82.0,16.05,0,18.4
2023-09-16,SKU_04,bebidas,smooth,100.0,13.46,1,18.8
2023-09-17,SKU_04,bebidas,smooth,90.0,16.0,0,16.3
2023-09-18,SKU_04,bebidas,smooth,112.0,16.2,0,18.5
2023-09-19,SKU_04,bebidas,smooth,128.0,16.02,0,18.4
2023-09-20,SKU_04,bebidas,smooth,147.0,16.02,0,19.3
2023-09-21,SKU_04,bebidas,smooth,103.0,16.04,0,17.7
2023-09-22,SKU_04,bebidas,smooth,44.0,15.66,0,19.7
2023-09-23,SKU_04,bebidas,smooth,44.0,16.08,0,20.7
2023-09-24,SKU_04,bebidas,smooth,100.0,16.03,0,19.0
2023-09-25,SKU_04,bebidas,smooth,62.0,16.18,0,19.3
2023-09-26,SKU_04,bebidas,smooth,168.0,16.12,0,18.7
2023-09-27,SKU_04,bebidas,smooth,125.0,15.96,0,18.5
2023-09-28,SKU_04,bebidas,smooth,89.0,16.21,0,17.1
2023-09-29,SKU_04,bebidas,smooth,49.0,15.94,0,19.1
2023-09-30,SKU_04,bebidas,smooth,82.0,16.05,0,18.2
2023-10-01,SKU_04,bebidas,smooth,90.0,15.94,0,22.6
2023-10-02,SKU_04,bebidas,smooth,89.0,16.09,0,21.5
2023-10-03,SKU_04,bebidas,smooth,90.0,15.92,0,19.1
2023-10-04,SKU_04,bebidas,smooth,106.0,16.33,0,16.8
2023-10-05,SKU_04,bebidas,smooth,119.0,16.4,0,16.0
2023-10-06,SKU_04,bebidas,smooth,90.0,16.17,0,20.6
2023-10-07,SKU_04,bebidas,smooth,83.0,16.31,0,18.7
2023-10-08,SKU_04,bebidas,smooth,109.0,15.69,0,19.1
2023-10-09,SKU_04,bebidas,smooth,127.0,15.72,0,14.7
2023-10-10,SKU_04,bebidas,smooth,95.0,15.94,0,20.0
2023-10-11,SKU_04,bebidas,smooth,70.0,16.01,0,19.0
2023-10-12,SKU_04,bebidas,smooth,125.0,13.56,1,15.9
2023-10-13,SKU_04,bebidas,smooth,51.0,15.67,0,17.1
2023-10-14,SKU_04,bebidas,smooth,55.0,16.23,0,18.6
2023-10-15,SKU_04,bebidas,smooth,85.0,16.43,0,18.1
2023-10-16,SKU_04,bebidas,smooth,95.0,16.26,0,17.4
2023-10-17,SKU_04,bebidas,smooth,125.0,16.22,0,17.8
2023-10-18,SKU_04,bebidas,smooth,163.0,16.05,0,17.5
2023-10-19,SKU_04,bebidas,smooth,71.0,15.83,0,18.3
2023-10-20,SKU_04,bebidas,smooth,50.0,16.01,0,20.9
2023-10-21,SKU_04,bebidas,smooth,47.0,16.42,0,12.9
2023-10-22,SKU_04,bebidas,smooth,129.0,15.93,0,17.5
2023-10-23,SKU_04,bebidas,smooth,104.0,15.91,0,18.4
2023-10-24,SKU_04,bebidas,smooth,92.0,16.22,0,18.6
2023-10-25,SKU_04,bebidas,smooth,127.0,16.23,0,17.3
2023-10-26,SKU_04,bebidas,smooth,127.0,15.83,0,14.5
2023-10-27,SKU_04,bebidas,smooth,65.0,15.95,0,18.7
2023-10-28,SKU_04,bebidas,smooth,57.0,15.9,0,21.5
2023-10-29,SKU_04,bebidas,smooth,109.0,16.01,0,15.0
2023-10-30,SKU_04,bebidas,smooth,108.0,16.22,0,19.8
2023-10-31,SKU_04,bebidas,smooth,103.0,15.84,0,17.4
2023-11-01,SKU_04,bebidas,smooth,97.0,16.22,0,18.0
2023-11-02,SKU_04,bebidas,smooth,132.0,16.02,0,16.0
2023-11-03,SKU_04,bebidas,smooth,69.0,16.47,0,17.5
2023-11-04,SKU_04,bebidas,smooth,90.0,16.06,0,20.8
2023-11-05,SKU_04,bebidas,smooth,231.0,13.58,1,19.3
2023-11-06,SKU_04,bebidas,smooth,135.0,16.11,0,21.7
2023-11-07,SKU_04,bebidas,smooth,105.0,15.93,0,20.6
2023-11-08,SKU_04,bebidas,smooth,148.0,15.64,0,19.1
2023-11-09,SKU_04,bebidas,smooth,136.0,15.95,0,21.8
2023-11-10,SKU_04,bebidas,smooth,130.0,15.95,0,19.2
2023-11-11,SKU_04,bebidas,smooth,75.0,15.68,0,20.0
2023-11-12,SKU_04,bebidas,smooth,133.0,15.99,0,17.8
2023-11-13,SKU_04,bebidas,smooth,123.0,15.59,0,18.6
2023-11-14,SKU_04,bebidas,smooth,108.0,15.93,0,17.1
2023-11-15,SKU_04,bebidas,smooth,113.0,16.05,0,20.5
2023-11-16,SKU_04,bebidas,smooth,118.0,16.02,0,16.2
2023-11-17,SKU_04,bebidas,smooth,80.0,15.92,0,20.2
2023-11-18,SKU_04,bebidas,smooth,90.0,15.98,0,18.3
2023-11-19,SKU_04,bebidas,smooth,132.0,15.84,0,21.0
2023-11-20,SKU_04,bebidas,smooth,108.0,16.0,0,20.2
2023-11-21,SKU_04,bebidas,smooth,116.0,16.01,0,22.4
2023-11-22,SKU_04,bebidas,smooth,88.0,15.82,0,20.3
2023-11-23,SKU_04,bebidas,smooth,166.0,16.05,0,15.8
2023-11-24,SKU_04,bebidas,smooth,61.0,16.05,0,18.8
2023-11-25,SKU_04,bebidas,smooth,85.0,15.97,0,16.7
2023-11-26,SKU_04,bebidas,smooth,125.0,16.48,0,18.0
2023-11-27,SKU_04,bebidas,smooth,138.0,15.97,0,22.2
2023-11-28,SKU_04,bebidas,smooth,120.0,15.94,0,20.5
2023-11-29,SKU_04,bebidas,smooth,97.0,15.92,0,17.9
2023-11-30,SKU_04,bebidas,smooth,91.0,15.81,0,17.3
2023-12-01,SKU_04,bebidas,smooth,110.0,16.14,0,19.4
2023-12-02,SKU_04,bebidas,smooth,71.0,15.86,0,17.0
2023-12-03,SKU_04,bebidas,smooth,158.0,15.89,0,18.2
2023-12-04,SKU_04,bebidas,smooth,176.0,15.89,0,20.2
2023-12-05,SKU_04,bebidas,smooth,118.0,15.8,0,22.0
2023-12-06,SKU_04,bebidas,smooth,142.0,15.65,0,20.9
2023-12-07,SKU_04,bebidas,smooth,165.0,13.51,1,15.2
2023-12-08,SKU_04,bebidas,smooth,57.0,16.17,0,20.5
2023-12-09,SKU_04,bebidas,smooth,71.0,16.04,0,20.1
2023-12-10,SKU_04,bebidas,smooth,149.0,16.31,0,20.9
2023-12-11,SKU_04,bebidas,smooth,121.0,16.15,0,23.3
2023-12-12,SKU_04,bebidas,smooth,108.0,16.1,0,16.1
2023-12-13,SKU_04,bebidas,smooth,120.0,16.38,0,19.1
2023-12-14,SKU_04,bebidas,smooth,223.0,15.98,0,21.5
2023-12-15,SKU_04,bebidas,smooth,46.0,16.01,0,17.3
2023-12-16,SKU_04,bebidas,smooth,93.0,16.0,0,23.5
2023-12-17,SKU_04,bebidas,smooth,125.0,16.31,0,21.3
2023-12-18,SKU_04,bebidas,smooth,116.0,16.0,0,22.4
2023-12-19,SKU_04,bebidas,smooth,121.0,15.87,0,19.6
2023-12-20,SKU_04,bebidas,smooth,162.0,16.12,0,22.5
2023-12-21,SKU_04,bebidas,smooth,167.0,15.84,0,23.1
2023-12-22,SKU_04,bebidas,smooth,121.0,13.71,1,21.5
2023-12-23,SKU_04,bebidas,smooth,106.0,16.08,0,21.6
2023-12-24,SKU_04,bebidas,smooth,0.0,15.96,0,21.8
2023-12-25,SKU_04,bebidas,smooth,161.0,16.11,0,19.6
2023-12-26,SKU_04,bebidas,smooth,119.0,15.7,0,21.1
2023-12-27,SKU_04,bebidas,smooth,154.0,16.03,0,21.2
2023-12-28,SKU_04,bebidas,smooth,159.0,15.91,0,22.4
2023-12-29,SKU_04,bebidas,smooth,70.0,16.57,0,23.7
2023-12-30,SKU_04,bebidas,smooth,54.0,16.03,0,19.7
2023-12-31,SKU_04,bebidas,smooth,85.0,15.88,0,21.6
2024-01-01,SKU_04,bebidas,smooth,152.0,15.72,0,24.9
2024-01-02,SKU_04,bebidas,smooth,148.0,16.26,0,20.6
2024-01-03,SKU_04,bebidas,smooth,103.0,15.93,0,20.5
2024-01-04,SKU_04,bebidas,smooth,187.0,15.84,0,22.7
2024-01-05,SKU_04,bebidas,smooth,91.0,16.07,0,24.1
2024-01-06,SKU_04,bebidas,smooth,120.0,16.13,0,22.5
2024-01-07,SKU_04,bebidas,smooth,0.0,16.13,0,25.2
2024-01-08,SKU_04,bebidas,smooth,116.0,16.0,0,24.4
2024-01-09,SKU_04,bebidas,smooth,170.0,16.03,0,24.5
2024-01-10,SKU_04,bebidas,smooth,178.0,16.05,0,24.0
2024-01-11,SKU_04,bebidas,smooth,142.0,16.07,0,27.6
2024-01-12,SKU_04,bebidas,smooth,0.0,16.08,0,22.7
2024-01-13,SKU_04,bebidas,smooth,83.0,16.22,0,19.2
2024-01-14,SKU_04,bebidas,smooth,181.0,13.61,1,26.5
2024-01-15,SKU_04,bebidas,smooth,195.0,15.84,0,22.5
2024-01-16,SKU_04,bebidas,smooth,138.0,15.97,0,23.7
2024-01-17,SKU_04,bebidas,smooth,246.0,16.15,0,26.2
2024-01-18,SKU_04,bebidas,smooth,85.0,15.64,0,20.5
2024-01-19,SKU_04,bebidas,smooth,89.0,15.64,0,21.3
2024-01-20,SKU_04,bebidas,smooth,122.0,16.18,0,20.7
2024-01-21,SKU_04,bebidas,smooth,121.0,16.3,0,22.4
2024-01-22,SKU_04,bebidas,smooth,153.0,15.75,0,25.0
2024-01-23,SKU_04,bebidas,smooth,145.0,16.02,0,25.3
2024-01-24,SKU_04,bebidas,smooth,135.0,15.92,0,24.9
2024-01-25,SKU_04,bebidas,smooth,159.0,15.95,0,21.6
2024-01-26,SKU_04,bebidas,smooth,63.0,16.06,0,19.9
2024-01-27,SKU_04,bebidas,smooth,92.0,15.74,0,24.7
2024-01-28,SKU_04,bebidas,smooth,180.0,15.78,0,23.8
2024-01-29,SKU_04,bebidas,smooth,156.0,15.94,0,25.7
2024-01-30,SKU_04,bebidas,smooth,130.0,15.97,0,26.3
2024-01-31,SKU_04,bebidas,smooth,306.0,13.37,1,25.3
2024-02-01,SKU_04,bebidas,smooth,292.0,13.76,1,26.6
2024-02-02,SKU_04,bebidas,smooth,110.0,13.52,1,25.7
2024-02-03,SKU_04,bebidas,smooth,72.0,15.92,0,26.4
2024-02-04,SKU_04,bebidas,smooth,127.0,16.06,0,24.0
2024-02-05,SKU_04,bebidas,smooth,274.0,13.57,1,25.2
2024-02-06,SKU_04,bebidas,smooth,180.0,16.17,0,26.0
2024-02-07,SKU_04,bebidas,smooth,211.0,15.81,0,27.4
2024-02-08,SKU_04,bebidas,smooth,153.0,15.72,0,25.0
2024-02-09,SKU_04,bebidas,smooth,82.0,15.94,0,27.0
2024-02-10,SKU_04,bebidas,smooth,125.0,16.01,0,25.5
2024-02-11,SKU_04,bebidas,smooth,149.0,15.75,0,25.9
2024-02-12,SKU_04,bebidas,smooth,185.0,15.72,0,27.9
2024-02-13,SKU_04,bebidas,smooth,108.0,16.04,0,22.3
2024-02-14,SKU_04,bebidas,smooth,143.0,15.85,0,23.8
2024-02-15,SKU_04,bebidas,smooth,209.0,15.71,0,23.5
2024-02-16,SKU_04,bebidas,smooth,79.0,16.19,0,21.9
2024-02-17,SKU_04,bebidas,smooth,122.0,15.87,0,25.3
2024-02-18,SKU_04,bebidas,smooth,101.0,16.23,0,28.3
2024-02-19,SKU_04,bebidas,smooth,152.0,16.01,0,26.3
2024-02-20,SKU_04,bebidas,smooth,170.0,16.06,0,27.4
2024-02-21,SKU_04,bebidas,smooth,283.0,15.96,0,29.2
2024-02-22,SKU_04,bebidas,smooth,140.0,15.47,0,29.8
2024-02-23,SKU_04,bebidas,smooth,124.0,15.77,0,27.1
2024-02-24,SKU_04,bebidas,smooth,144.0,15.97,0,30.0
2024-02-25,SKU_04,bebidas,smooth,150.0,16.07,0,27.6
2024-02-26,SKU_04,bebidas,smooth,159.0,15.64,0,25.8
2024-02-27,SKU_04,bebidas,smooth,183.0,15.99,0,26.4
2024-02-28,SKU_04,bebidas,smooth,119.0,15.78,0,24.7
2024-02-29,SKU_04,bebidas,smooth,157.0,16.05,0,26.0
2024-03-01,SKU_04,bebidas,smooth,146.0,16.0,0,27.1
2024-03-02,SKU_04,bebidas,smooth,127.0,16.15,0,29.5
2024-03-03,SKU_04,bebidas,smooth,187.0,16.21,0,31.4
2024-03-04,SKU_04,bebidas,smooth,180.0,16.09,0,25.3
2024-03-05,SKU_04,bebidas,smooth,216.0,16.17,0,28.9
2024-03-06,SKU_04,bebidas,smooth,215.0,15.93,0,26.1
2024-03-07,SKU_04,bebidas,smooth,0.0,16.56,0,29.2
2024-03-08,SKU_04,bebidas,smooth,159.0,15.76,0,28.1
2024-03-09,SKU_04,bebidas,smooth,142.0,15.89,0,24.8
2024-03-10,SKU_04,bebidas,smooth,228.0,16.18,0,30.3
2024-03-11,SKU_04,bebidas,smooth,149.0,16.15,0,27.3
2024-03-12,SKU_04,bebidas,smooth,143.0,16.1,0,27.5
2024-03-13,SKU_04,bebidas,smooth,167.0,16.14,0,26.5
2024-03-14,SKU_04,bebidas,smooth,187.0,15.58,0,27.4
2024-03-15,SKU_04,bebidas,smooth,74.0,16.32,0,29.7
2024-03-16,SKU_04,bebidas,smooth,126.0,15.96,0,28.5
2024-03-17,SKU_04,bebidas,smooth,264.0,16.25,0,29.6
2024-03-18,SKU_04,bebidas,smooth,222.0,15.59,0,29.7
2024-03-19,SKU_04,bebidas,smooth,169.0,16.05,0,31.7
2024-03-20,SKU_04,bebidas,smooth,224.0,13.49,1,28.4
2024-03-21,SKU_04,bebidas,smooth,282.0,13.71,1,26.2
2024-03-22,SKU_04,bebidas,smooth,114.0,16.06,0,31.3
2024-03-23,SKU_04,bebidas,smooth,125.0,16.07,0,28.6
2024-03-24,SKU_04,bebidas,smooth,232.0,15.79,0,31.5
2024-03-25,SKU_04,bebidas,smooth,255.0,15.99,0,30.1
2024-03-26,SKU_04,bebidas,smooth,145.0,15.96,0,29.1
2024-03-27,SKU_04,bebidas,smooth,206.0,16.1,0,30.1
2024-03-28,SKU_04,bebidas,smooth,189.0,16.2,0,33.4
2024-03-29,SKU_04,bebidas,smooth,120.0,16.03,0,33.7
2024-03-30,SKU_04,bebidas,smooth,142.0,15.74,0,29.7
2024-03-31,SKU_04,bebidas,smooth,248.0,16.02,0,29.9
2024-04-01,SKU_04,bebidas,smooth,285.0,16.52,0,31.8
2024-04-02,SKU_04,bebidas,smooth,209.0,16.33,0,28.0
2024-04-03,SKU_04,bebidas,smooth,192.0,15.41,0,30.4
2024-04-04,SKU_04,bebidas,smooth,265.0,13.61,1,29.7
2024-04-05,SKU_04,bebidas,smooth,110.0,13.79,1,30.4
2024-04-06,SKU_04,bebidas,smooth,155.0,15.96,0,28.1
2024-04-07,SKU_04,bebidas,smooth,170.0,15.91,0,26.6
2024-04-08,SKU_04,bebidas,smooth,0.0,15.95,0,25.7
2024-04-09,SKU_04,bebidas,smooth,221.0,16.11,0,27.6
2024-04-10,SKU_04,bebidas,smooth,141.0,15.77,0,29.0
2024-04-11,SKU_04,bebidas,smooth,154.0,16.24,0,29.3
2024-04-12,SKU_04,bebidas,smooth,181.0,15.99,0,33.8
2024-04-13,SKU_04,bebidas,smooth,129.0,15.81,0,32.2
2024-04-14,SKU_04,bebidas,smooth,237.0,13.82,1,28.0
2024-04-15,SKU_04,bebidas,smooth,192.0,15.69,0,30.7
2024-04-16,SKU_04,bebidas,smooth,252.0,15.89,0,29.2
2024-04-17,SKU_04,bebidas,smooth,243.0,15.89,0,29.4
2024-04-18,SKU_04,bebidas,smooth,137.0,16.43,0,30.4
2024-04-19,SKU_04,bebidas,smooth,177.0,15.86,0,31.2
2024-04-20,SKU_04,bebidas,smooth,144.0,15.57,0,29.3
2024-04-21,SKU_04,bebidas,smooth,196.0,15.88,0,32.1
2024-04-22,SKU_04,bebidas,smooth,140.0,16.09,0,27.7
2024-04-23,SKU_04,bebidas,smooth,252.0,16.16,0,30.0
2024-04-24,SKU_04,bebidas,smooth,239.0,16.46,0,35.2
2024-04-25,SKU_04,bebidas,smooth,137.0,16.28,0,30.4
2024-04-26,SKU_04,bebidas,smooth,114.0,16.04,0,32.8
2024-04-27,SKU_04,bebidas,smooth,249.0,15.82,0,30.2
2024-04-28,SKU_04,bebidas,smooth,289.0,13.92,1,31.1
2024-04-29,SKU_04,bebidas,smooth,161.0,15.93,0,29.8
2024-04-30,SKU_04,bebidas,smooth,150.0,15.87,0,29.6
2024-05-01,SKU_04,bebidas,smooth,292.0,15.92,0,28.4
2024-05-02,SKU_04,bebidas,smooth,242.0,15.75,0,30.8
2024-05-03,SKU_04,bebidas,smooth,156.0,15.91,0,28.2
2024-05-04,SKU_04,bebidas,smooth,124.0,15.95,0,31.2
2024-05-05,SKU_04,bebidas,smooth,273.0,16.15,0,32.0
2024-05-06,SKU_04,bebidas,smooth,159.0,15.92,0,30.5
2024-05-07,SKU_04,bebidas,smooth,198.0,15.75,0,29.2
2024-05-08,SKU_04,bebidas,smooth,209.0,15.68,0,30.7
2024-05-09,SKU_04,bebidas,smooth,266.0,16.04,0,29.1
2024-05-10,SKU_04,bebidas,smooth,127.0,16.01,0,31.6
2024-05-11,SKU_04,bebidas,smooth,91.0,15.89,0,26.0
2024-05-12,SKU_04,bebidas,smooth,192.0,15.91,0,29.0
2024-05-13,SKU_04,bebidas,smooth,117.0,16.08,0,25.6
2024-05-14,SKU_04,bebidas,smooth,101.0,16.28,0,26.6
2024-05-15,SKU_04,bebidas,smooth,354.0,13.44,1,32.2
2024-05-16,SKU_04,bebidas,smooth,178.0,16.02,0,31.3
2024-05-17,SKU_04,bebidas,smooth,102.0,16.19,0,28.0
2024-05-18,SKU_04,bebidas,smooth,129.0,15.84,0,26.4
2024-05-19,SKU_04,bebidas,smooth,237.0,16.0,0,23.4
2024-05-20,SKU_04,bebidas,smooth,210.0,15.99,0,28.2
2024-05-21,SKU_04,bebidas,smooth,327.0,15.74,0,34.1
2024-05-22,SKU_04,bebidas,smooth,214.0,16.03,0,30.0
2024-05-23,SKU_04,bebidas,smooth,197.0,16.01,0,28.0
2024-05-24,SKU_04,bebidas,smooth,119.0,16.11,0,30.0
2024-05-25,SKU_04,bebidas,smooth,75.0,15.76,0,25.9
2024-05-26,SKU_04,bebidas,smooth,231.0,16.0,0,28.4
2024-05-27,SKU_04,bebidas,smooth,102.0,16.28,0,29.1
2024-05-28,SKU_04,bebidas,smooth,159.0,16.42,0,28.7
2024-05-29,SKU_04,bebidas,smooth,190.0,16.26,0,30.4
2024-05-30,SKU_04,bebidas,smooth,152.0,15.76,0,29.4
2024-05-31,SKU_04,bebidas,smooth,99.0,16.09,0,30.0
2024-06-01,SKU_04,bebidas,smooth,164.0,15.9,0,27.2
2024-06-02,SKU_04,bebidas,smooth,246.0,16.06,0,30.3
2024-06-03,SKU_04,bebidas,smooth,0.0,15.85,0,31.7
2024-06-04,SKU_04,bebidas,smooth,154.0,15.66,0,26.4
2024-06-05,SKU_04,bebidas,smooth,126.0,15.93,0,26.5
2024-06-06,SKU_04,bebidas,smooth,223.0,16.14,0,30.9
2024-06-07,SKU_04,bebidas,smooth,98.0,16.06,0,27.8
2024-06-08,SKU_04,bebidas,smooth,68.0,16.08,0,30.9
2024-06-09,SKU_04,bebidas,smooth,179.0,16.04,0,27.1
2024-06-10,SKU_04,bebidas,smooth,207.0,16.08,0,30.8
2024-06-11,SKU_04,bebidas,smooth,224.0,16.11,0,28.1
2024-06-12,SKU_04,bebidas,smooth,174.0,15.95,0,28.3
2024-06-13,SKU_04,bebidas,smooth,168.0,16.02,0,30.8
2024-06-14,SKU_04,bebidas,smooth,165.0,16.35,0,26.9
2024-06-15,SKU_04,bebidas,smooth,99.0,16.03,0,25.6
2024-06-16,SKU_04,bebidas,smooth,203.0,16.01,0,26.5
2024-06-17,SKU_04,bebidas,smooth,153.0,16.02,0,28.3
2024-06-18,SKU_04,bebidas,smooth,192.0,15.96,0,24.1
2024-06-19,SKU_04,bebidas,smooth,122.0,15.91,0,28.5
2024-06-20,SKU_04,bebidas,smooth,149.0,16.04,0,26.0
2024-06-21,SKU_04,bebidas,smooth,78.0,15.9,0,29.3
2024-06-22,SKU_04,bebidas,smooth,78.0,15.97,0,22.1
2024-06-23,SKU_04,bebidas,smooth,222.0,15.84,0,25.3
2024-06-24,SKU_04,bebidas,smooth,136.0,16.02,0,23.4
2024-06-25,SKU_04,bebidas,smooth,193.0,16.12,0,25.0
2024-06-26,SKU_04,bebidas,smooth,244.0,15.96,0,27.0
2024-06-27,SKU_04,bebidas,smooth,164.0,15.6,0,26.1
2024-06-28,SKU_04,bebidas,smooth,124.0,16.12,0,25.9
2024-06-29,SKU_04,bebidas,smooth,110.0,16.02,0,25.9
2024-06-30,SKU_04,bebidas,smooth,170.0,15.8,0,26.6
2024-07-01,SKU_04,bebidas,smooth,189.0,16.15,0,24.1
2024-07-02,SKU_04,bebidas,smooth,380.0,13.32,1,27.4
2024-07-03,SKU_04,bebidas,smooth,142.0,16.21,0,27.2
2024-07-04,SKU_04,bebidas,smooth,130.0,15.99,0,26.6
2024-07-05,SKU_04,bebidas,smooth,75.0,15.55,0,26.8
2024-07-06,SKU_04,bebidas,smooth,122.0,16.04,0,26.2
2024-07-07,SKU_04,bebidas,smooth,329.0,13.52,1,29.6
2024-07-08,SKU_04,bebidas,smooth,201.0,13.49,1,25.2
2024-07-09,SKU_04,bebidas,smooth,92.0,15.85,0,24.7
2024-07-10,SKU_04,bebidas,smooth,129.0,15.97,0,23.7
2024-07-11,SKU_04,bebidas,smooth,249.0,13.5,1,23.0
2024-07-12,SKU_04,bebidas,smooth,86.0,15.63,0,22.5
2024-07-13,SKU_04,bebidas,smooth,92.0,16.25,0,23.1
2024-07-14,SKU_04,bebidas,smooth,135.0,15.95,0,24.6
2024-07-15,SKU_04,bebidas,smooth,200.0,15.85,0,25.3
2024-07-16,SKU_04,bebidas,smooth,241.0,13.37,1,24.7
2024-07-17,SKU_04,bebidas,smooth,171.0,16.15,0,22.9
2024-07-18,SKU_04,bebidas,smooth,163.0,15.74,0,26.2
2024-07-19,SKU_04,bebidas,smooth,105.0,16.03,0,25.7
2024-07-20,SKU_04,bebidas,smooth,99.0,15.88,0,23.8
2024-07-21,SKU_04,bebidas,smooth,116.0,15.89,0,22.7
2024-07-22,SKU_04,bebidas,smooth,167.0,15.78,0,25.0
2024-07-23,SKU_04,bebidas,smooth,182.0,15.88,0,24.2
2024-07-24,SKU_04,bebidas,smooth,185.0,16.0,0,20.8
2024-07-25,SKU_04,bebidas,smooth,163.0,16.05,0,23.5
2024-07-26,SKU_04,bebidas,smooth,69.0,15.84,0,24.1
2024-07-27,SKU_04,bebidas,smooth,68.0,15.98,0,21.6
2024-07-28,SKU_04,bebidas,smooth,131.0,16.18,0,23.7
2024-07-29,SKU_04,bebidas,smooth,143.0,15.67,0,20.3
2024-07-30,SKU_04,bebidas,smooth,147.0,16.0,0,25.8
2024-07-31,SKU_04,bebidas,smooth,115.0,15.81,0,25.5
2024-08-01,SKU_04,bebidas,smooth,107.0,15.79,0,22.4
2024-08-02,SKU_04,bebidas,smooth,0.0,16.05,0,23.5
2024-08-03,SKU_04,bebidas,smooth,35.0,15.89,0,17.9
2024-08-04,SKU_04,bebidas,smooth,130.0,15.76,0,20.3
2024-08-05,SKU_04,bebidas,smooth,246.0,16.26,0,21.9
2024-08-06,SKU_04,bebidas,smooth,209.0,16.18,0,20.3
2024-08-07,SKU_04,bebidas,smooth,113.0,15.61,0,23.7
2024-08-08,SKU_04,bebidas,smooth,156.0,15.71,0,26.2
2024-08-09,SKU_04,bebidas,smooth,54.0,16.12,0,19.8
2024-08-10,SKU_04,bebidas,smooth,57.0,15.94,0,20.3
2024-08-11,SKU_04,bebidas,smooth,103.0,16.3,0,22.4
2024-08-12,SKU_04,bebidas,smooth,138.0,16.12,0,25.1
2024-08-13,SKU_04,bebidas,smooth,123.0,16.06,0,19.3
2024-08-14,SKU_04,bebidas,smooth,146.0,15.8,0,22.1
2024-08-15,SKU_04,bebidas,smooth,171.0,16.1,0,25.2
2024-08-16,SKU_04,bebidas,smooth,68.0,15.74,0,18.1
2024-08-17,SKU_04,bebidas,smooth,75.0,16.26,0,18.8
2024-08-18,SKU_04,bebidas,smooth,146.0,13.68,1,20.4
2024-08-19,SKU_04,bebidas,smooth,93.0,15.84,0,20.1
2024-08-20,SKU_04,bebidas,smooth,95.0,16.16,0,22.7
2024-08-21,SKU_04,bebidas,smooth,157.0,16.45,0,21.5
2024-08-22,SKU_04,bebidas,smooth,112.0,15.96,0,17.4
2024-08-23,SKU_04,bebidas,smooth,50.0,16.11,0,21.8
2024-08-24,SKU_04,bebidas,smooth,74.0,15.91,0,19.6
2024-08-25,SKU_04,bebidas,smooth,0.0,16.02,0,23.2
2024-08-26,SKU_04,bebidas,smooth,276.0,13.3,1,19.3
2024-08-27,SKU_04,bebidas,smooth,110.0,16.0,0,19.2
2024-08-28,SKU_04,bebidas,smooth,157.0,16.01,0,21.5
2024-08-29,SKU_04,bebidas,smooth,174.0,16.36,0,21.8
2024-08-30,SKU_04,bebidas,smooth,61.0,15.64,0,21.1
2024-08-31,SKU_04,bebidas,smooth,71.0,15.94,0,16.8
2024-09-01,SKU_04,bebidas,smooth,150.0,16.26,0,21.1
2024-09-02,SKU_04,bebidas,smooth,125.0,15.95,0,17.9
2024-09-03,SKU_04,bebidas,smooth,140.0,15.97,0,20.4
2024-09-04,SKU_04,bebidas,smooth,85.0,15.83,0,17.0
2024-09-05,SKU_04,bebidas,smooth,148.0,15.81,0,20.7
2024-09-06,SKU_04,bebidas,smooth,64.0,15.63,0,18.1
2024-09-07,SKU_04,bebidas,smooth,77.0,15.87,0,17.1
2024-09-08,SKU_04,bebidas,smooth,162.0,15.8,0,21.0
2024-09-09,SKU_04,bebidas,smooth,149.0,16.02,0,20.0
2024-09-10,SKU_04,bebidas,smooth,133.0,15.84,0,18.2
2024-09-11,SKU_04,bebidas,smooth,156.0,15.9,0,22.3
2024-09-12,SKU_04,bebidas,smooth,144.0,15.91,0,18.4
2024-09-13,SKU_04,bebidas,smooth,154.0,13.59,1,19.3
2024-09-14,SKU_04,bebidas,smooth,73.0,15.89,0,19.7
2024-09-15,SKU_04,bebidas,smooth,125.0,15.79,0,17.9
2024-09-16,SKU_04,bebidas,smooth,159.0,16.02,0,20.0
2024-09-17,SKU_04,bebidas,smooth,154.0,13.81,1,17.9
2024-09-18,SKU_04,bebidas,smooth,87.0,16.03,0,18.1
2024-09-19,SKU_04,bebidas,smooth,147.0,15.88,0,21.6
2024-09-20,SKU_04,bebidas,smooth,66.0,15.98,0,16.7
2024-09-21,SKU_04,bebidas,smooth,70.0,13.19,1,13.9
2024-09-22,SKU_04,bebidas,smooth,148.0,15.97,0,21.9
2024-09-23,SKU_04,bebidas,smooth,193.0,15.92,0,23.8
2024-09-24,SKU_04,bebidas,smooth,80.0,15.81,0,17.8
2024-09-25,SKU_04,bebidas,smooth,208.0,13.45,1,14.7
2024-09-26,SKU_04,bebidas,smooth,64.0,15.92,0,17.9
2024-09-27,SKU_04,bebidas,smooth,64.0,16.2,0,17.9
2024-09-28,SKU_04,bebidas,smooth,112.0,16.22,0,18.1
2024-09-29,SKU_04,bebidas,smooth,107.0,15.81,0,16.2
2024-09-30,SKU_04,bebidas,smooth,128.0,15.9,0,19.5
2024-10-01,SKU_04,bebidas,smooth,150.0,15.9,0,19.4
2024-10-02,SKU_04,bebidas,smooth,75.0,16.16,0,15.3
2024-10-03,SKU_04,bebidas,smooth,185.0,13.63,1,19.7
2024-10-04,SKU_04,bebidas,smooth,79.0,16.02,0,22.4
2024-10-05,SKU_04,bebidas,smooth,114.0,16.11,0,18.6
2024-10-06,SKU_04,bebidas,smooth,88.0,15.88,0,17.5
2024-10-07,SKU_04,bebidas,smooth,110.0,16.27,0,17.9
2024-10-08,SKU_04,bebidas,smooth,99.0,16.0,0,19.4
2024-10-09,SKU_04,bebidas,smooth,86.0,15.83,0,14.7
2024-10-10,SKU_04,bebidas,smooth,161.0,15.95,0,18.4
2024-10-11,SKU_04,bebidas,smooth,71.0,16.25,0,17.3
2024-10-12,SKU_04,bebidas,smooth,68.0,15.91,0,21.8
2024-10-13,SKU_04,bebidas,smooth,106.0,16.19,0,17.7
2024-10-14,SKU_04,bebidas,smooth,114.0,15.87,0,21.4
2024-10-15,SKU_04,bebidas,smooth,103.0,15.85,0,15.8
2024-10-16,SKU_04,bebidas,smooth,91.0,16.13,0,19.2
2024-10-17,SKU_04,bebidas,smooth,116.0,15.83,0,18.7
2024-10-18,SKU_04,bebidas,smooth,64.0,16.16,0,16.3
2024-10-19,SKU_04,bebidas,smooth,60.0,16.07,0,18.4
2024-10-20,SKU_04,bebidas,smooth,134.0,15.83,0,20.4
2024-10-21,SKU_04,bebidas,smooth,128.0,15.99,0,17.4
2024-10-22,SKU_04,bebidas,smooth,99.0,15.89,0,14.6
2024-10-23,SKU_04,bebidas,smooth,119.0,16.07,0,18.0
2024-10-24,SKU_04,bebidas,smooth,201.0,16.38,0,16.2
2024-10-25,SKU_04,bebidas,smooth,121.0,15.93,0,17.3
2024-10-26,SKU_04,bebidas,smooth,56.0,16.11,0,17.9
2024-10-27,SKU_04,bebidas,smooth,91.0,16.0,0,14.6
2024-10-28,SKU_04,bebidas,smooth,88.0,16.0,0,14.8
2024-10-29,SKU_04,bebidas,smooth,239.0,13.57,1,19.0
2024-10-30,SKU_04,bebidas,smooth,110.0,15.83,0,17.0
2024-10-31,SKU_04,bebidas,smooth,117.0,16.07,0,13.0
2024-11-01,SKU_04,bebidas,smooth,125.0,15.94,0,19.7
2024-11-02,SKU_04,bebidas,smooth,75.0,15.82,0,18.7
2024-11-03,SKU_04,bebidas,smooth,210.0,13.8,1,16.7
2024-11-04,SKU_04,bebidas,smooth,0.0,16.02,0,15.5
2024-11-05,SKU_04,bebidas,smooth,113.0,15.95,0,19.9
2024-11-06,SKU_04,bebidas,smooth,167.0,16.27,0,18.9
2024-11-07,SKU_04,bebidas,smooth,114.0,15.63,0,23.0
2024-11-08,SKU_04,bebidas,smooth,107.0,16.25,0,19.1
2024-11-09,SKU_04,bebidas,smooth,66.0,15.82,0,19.1
2024-11-10,SKU_04,bebidas,smooth,113.0,16.04,0,18.0
2024-11-11,SKU_04,bebidas,smooth,101.0,15.88,0,20.0
2024-11-12,SKU_04,bebidas,smooth,153.0,13.42,1,19.7
2024-11-13,SKU_04,bebidas,smooth,123.0,16.26,0,21.0
2024-11-14,SKU_04,bebidas,smooth,101.0,13.97,1,17.5
2024-11-15,SKU_04,bebidas,smooth,71.0,15.96,0,17.7
2024-11-16,SKU_04,bebidas,smooth,66.0,16.07,0,17.6
2024-11-17,SKU_04,bebidas,smooth,165.0,16.01,0,20.2
2024-11-18,SKU_04,bebidas,smooth,156.0,16.35,0,21.7
2024-11-19,SKU_04,bebidas,smooth,109.0,15.58,0,17.8
2024-11-20,SKU_04,bebidas,smooth,116.0,16.08,0,17.9
2024-11-21,SKU_04,bebidas,smooth,128.0,15.85,0,19.5
2024-11-22,SKU_04,bebidas,smooth,112.0,15.53,0,18.4
2024-11-23,SKU_04,bebidas,smooth,68.0,15.93,0,20.9
2024-11-24,SKU_04,bebidas,smooth,102.0,16.37,0,14.5
2024-11-25,SKU_04,bebidas,smooth,98.0,15.87,0,17.4
2024-11-26,SKU_04,bebidas,smooth,91.0,16.16,0,17.6
2024-11-27,SKU_04,bebidas,smooth,132.0,16.24,0,14.6
2024-11-28,SKU_04,bebidas,smooth,137.0,16.0,0,17.3
2024-11-29,SKU_04,bebidas,smooth,106.0,16.02,0,17.5
2024-11-30,SKU_04,bebidas,smooth,105.0,15.66,0,19.0
2024-12-01,SKU_04,bebidas,smooth,262.0,15.86,0,21.7
2024-12-02,SKU_04,bebidas,smooth,134.0,16.18,0,19.0
2024-12-03,SKU_04,bebidas,smooth,125.0,16.01,0,17.5
2024-12-04,SKU_04,bebidas,smooth,101.0,16.07,0,19.5
2024-12-05,SKU_04,bebidas,smooth,174.0,16.03,0,21.8
2024-12-06,SKU_04,bebidas,smooth,83.0,16.44,0,17.9
2024-12-07,SKU_04,bebidas,smooth,94.0,15.91,0,18.1
2024-12-08,SKU_04,bebidas,smooth,110.0,16.32,0,21.1
2024-12-09,SKU_04,bebidas,smooth,154.0,16.03,0,19.6
2024-12-10,SKU_04,bebidas,smooth,156.0,16.34,0,21.4
2024-12-11,SKU_04,bebidas,smooth,150.0,15.76,0,20.2
2024-12-12,SKU_04,bebidas,smooth,126.0,16.04,0,21.7
2024-12-13,SKU_04,bebidas,smooth,110.0,15.92,0,18.3
2024-12-14,SKU_04,bebidas,smooth,143.0,16.03,0,20.4
2024-12-15,SKU_04,bebidas,smooth,111.0,16.24,0,20.1
2024-12-16,SKU_04,bebidas,smooth,167.0,16.08,0,18.2
2024-12-17,SKU_04,bebidas,smooth,68.0,16.24,0,17.6
2024-12-18,SKU_04,bebidas,smooth,181.0,15.87,0,22.1
2024-12-19,SKU_04,bebidas,smooth,93.0,15.84,0,20.2
2024-12-20,SKU_04,bebidas,smooth,75.0,16.0,0,18.9
2024-12-21,SKU_04,bebidas,smooth,65.0,15.99,0,20.8
2024-12-22,SKU_04,bebidas,smooth,0.0,13.56,1,23.4
2024-12-23,SKU_04,bebidas,smooth,170.0,15.81,0,16.7
2024-12-24,SKU_04,bebidas,smooth,91.0,16.24,0,18.3
2024-12-25,SKU_04,bebidas,smooth,136.0,15.93,0,19.6
2024-12-26,SKU_04,bebidas,smooth,211.0,13.89,1,24.4
2024-12-27,SKU_04,bebidas,smooth,138.0,16.0,0,22.2
2024-12-28,SKU_04,bebidas,smooth,107.0,16.13,0,23.2
2024-12-29,SKU_04,bebidas,smooth,112.0,16.11,0,19.5
2024-12-30,SKU_04,bebidas,smooth,134.0,15.84,0,19.6
2023-01-01,SKU_05,bebidas,smooth,136.0,7.95,0,22.6
2023-01-02,SKU_05,bebidas,smooth,190.0,8.3,0,20.0
2023-01-03,SKU_05,bebidas,smooth,198.0,6.96,1,23.7
2023-01-04,SKU_05,bebidas,smooth,162.0,8.11,0,24.2
2023-01-05,SKU_05,bebidas,smooth,137.0,8.1,0,18.5
2023-01-06,SKU_05,bebidas,smooth,111.0,7.03,1,19.9
2023-01-07,SKU_05,bebidas,smooth,79.0,8.2,0,22.8
2023-01-08,SKU_05,bebidas,smooth,209.0,6.78,1,22.0
2023-01-09,SKU_05,bebidas,smooth,154.0,8.2,0,22.7
2023-01-10,SKU_05,bebidas,smooth,89.0,8.03,0,21.2
2023-01-11,SKU_05,bebidas,smooth,142.0,8.38,0,24.7
2023-01-12,SKU_05,bebidas,smooth,128.0,8.22,0,24.6
2023-01-13,SKU_05,bebidas,smooth,70.0,7.87,0,23.3
2023-01-14,SKU_05,bebidas,smooth,112.0,8.47,0,25.5
2023-01-15,SKU_05,bebidas,smooth,162.0,6.38,1,24.3
2023-01-16,SKU_05,bebidas,smooth,91.0,8.13,0,21.8
2023-01-17,SKU_05,bebidas,smooth,164.0,7.86,0,24.3
2023-01-18,SKU_05,bebidas,smooth,91.0,8.38,0,21.8
2023-01-19,SKU_05,bebidas,smooth,87.0,8.05,0,25.6
2023-01-20,SKU_05,bebidas,smooth,100.0,7.84,0,23.8
2023-01-21,SKU_05,bebidas,smooth,0.0,7.95,0,23.6
2023-01-22,SKU_05,bebidas,smooth,149.0,7.86,0,22.7
2023-01-23,SKU_05,bebidas,smooth,129.0,7.94,0,26.7
2023-01-24,SKU_05,bebidas,smooth,97.0,7.93,0,24.0
2023-01-25,SKU_05,bebidas,smooth,101.0,7.85,0,23.6
2023-01-26,SKU_05,bebidas,smooth,129.0,8.05,0,23.8
2023-01-27,SKU_05,bebidas,smooth,62.0,8.08,0,25.7
2023-01-28,SKU_05,bebidas,smooth,91.0,7.8,0,25.5
2023-01-29,SKU_05,bebidas,smooth,128.0,7.67,0,25.6
2023-01-30,SKU_05,bebidas,smooth,150.0,8.06,0,25.8
2023-01-31,SKU_05,bebidas,smooth,161.0,8.11,0,29.3
2023-02-01,SKU_05,bebidas,smooth,154.0,8.15,0,24.3
2023-02-02,SKU_05,bebidas,smooth,159.0,8.11,0,24.2
2023-02-03,SKU_05,bebidas,smooth,110.0,7.11,1,23.7
2023-02-04,SKU_05,bebidas,smooth,133.0,7.0,1,26.7
2023-02-05,SKU_05,bebidas,smooth,161.0,8.54,0,27.8
2023-02-06,SKU_05,bebidas,smooth,116.0,7.42,1,25.4
2023-02-07,SKU_05,bebidas,smooth,166.0,7.65,0,24.1
2023-02-08,SKU_05,bebidas,smooth,148.0,7.56,0,24.2
2023-02-09,SKU_05,bebidas,smooth,174.0,8.0,0,27.2
2023-02-10,SKU_05,bebidas,smooth,65.0,8.1,0,27.5
2023-02-11,SKU_05,bebidas,smooth,83.0,7.98,0,27.2
2023-02-12,SKU_05,bebidas,smooth,111.0,8.14,0,24.9
2023-02-13,SKU_05,bebidas,smooth,182.0,7.95,0,26.8
2023-02-14,SKU_05,bebidas,smooth,108.0,7.86,0,26.6
2023-02-15,SKU_05,bebidas,smooth,122.0,7.89,0,26.9
2023-02-16,SKU_05,bebidas,smooth,180.0,7.96,0,28.3
2023-02-17,SKU_05,bebidas,smooth,78.0,8.17,0,27.1
2023-02-18,SKU_05,bebidas,smooth,74.0,7.9,0,28.1
2023-02-19,SKU_05,bebidas,smooth,193.0,7.94,0,27.0
2023-02-20,SKU_05,bebidas,smooth,286.0,6.91,1,27.5
2023-02-21,SKU_05,bebidas,smooth,275.0,6.76,1,28.3
2023-02-22,SKU_05,bebidas,smooth,181.0,8.22,0,24.2
2023-02-23,SKU_05,bebidas,smooth,0.0,7.82,0,26.6
2023-02-24,SKU_05,bebidas,smooth,86.0,7.77,0,26.4
2023-02-25,SKU_05,bebidas,smooth,77.0,8.06,0,26.1
2023-02-26,SKU_05,bebidas,smooth,162.0,8.08,0,26.9
2023-02-27,SKU_05,bebidas,smooth,146.0,7.83,0,30.6
2023-02-28,SKU_05,bebidas,smooth,138.0,8.27,0,25.9
2023-03-01,SKU_05,bebidas,smooth,191.0,8.38,0,29.7
2023-03-02,SKU_05,bebidas,smooth,290.0,6.67,1,24.4
2023-03-03,SKU_05,bebidas,smooth,103.0,8.3,0,27.2
2023-03-04,SKU_05,bebidas,smooth,148.0,7.52,0,28.3
2023-03-05,SKU_05,bebidas,smooth,138.0,8.22,0,29.2
2023-03-06,SKU_05,bebidas,smooth,106.0,7.83,0,29.5
2023-03-07,SKU_05,bebidas,smooth,288.0,7.0,1,29.8
2023-03-08,SKU_05,bebidas,smooth,132.0,7.81,0,27.6
2023-03-09,SKU_05,bebidas,smooth,150.0,7.99,0,27.4
2023-03-10,SKU_05,bebidas,smooth,64.0,7.84,0,30.1
2023-03-11,SKU_05,bebidas,smooth,77.0,7.96,0,28.1
2023-03-12,SKU_05,bebidas,smooth,108.0,8.37,0,26.0
2023-03-13,SKU_05,bebidas,smooth,142.0,7.98,0,26.3
2023-03-14,SKU_05,bebidas,smooth,145.0,8.42,0,26.8
2023-03-15,SKU_05,bebidas,smooth,172.0,7.92,0,29.7
2023-03-16,SKU_05,bebidas,smooth,226.0,8.3,0,29.1
2023-03-17,SKU_05,bebidas,smooth,118.0,7.67,0,30.3
2023-03-18,SKU_05,bebidas,smooth,65.0,7.94,0,28.1
2023-03-19,SKU_05,bebidas,smooth,195.0,7.89,0,29.3
2023-03-20,SKU_05,bebidas,smooth,176.0,8.31,0,30.3
2023-03-21,SKU_05,bebidas,smooth,162.0,8.04,0,28.5
2023-03-22,SKU_05,bebidas,smooth,246.0,6.38,1,30.1
2023-03-23,SKU_05,bebidas,smooth,173.0,7.74,0,27.9
2023-03-24,SKU_05,bebidas,smooth,83.0,7.8,0,28.5
2023-03-25,SKU_05,bebidas,smooth,94.0,8.19,0,28.5
2023-03-26,SKU_05,bebidas,smooth,216.0,8.16,0,27.0
2023-03-27,SKU_05,bebidas,smooth,145.0,7.94,0,30.4
2023-03-28,SKU_05,bebidas,smooth,129.0,7.89,0,28.5
2023-03-29,SKU_05,bebidas,smooth,167.0,8.14,0,29.5
2023-03-30,SKU_05,bebidas,smooth,130.0,7.77,0,30.5
2023-03-31,SKU_05,bebidas,smooth,67.0,8.09,0,30.5
2023-04-01,SKU_05,bebidas,smooth,95.0,8.07,0,30.9
2023-04-02,SKU_05,bebidas,smooth,242.0,7.95,0,29.4
2023-04-03,SKU_05,bebidas,smooth,166.0,8.08,0,28.8
2023-04-04,SKU_05,bebidas,smooth,178.0,8.02,0,29.5
2023-04-05,SKU_05,bebidas,smooth,94.0,8.1,0,26.4
2023-04-06,SKU_05,bebidas,smooth,180.0,7.73,0,26.9
2023-04-07,SKU_05,bebidas,smooth,98.0,8.12,0,27.1
2023-04-08,SKU_05,bebidas,smooth,83.0,8.21,0,27.8
2023-04-09,SKU_05,bebidas,smooth,182.0,8.06,0,30.6
2023-04-10,SKU_05,bebidas,smooth,172.0,8.12,0,28.1
2023-04-11,SKU_05,bebidas,smooth,130.0,7.98,0,29.1
2023-04-12,SKU_05,bebidas,smooth,195.0,8.18,0,32.5
2023-04-13,SKU_05,bebidas,smooth,227.0,8.01,0,29.2
2023-04-14,SKU_05,bebidas,smooth,98.0,7.77,0,31.4
2023-04-15,SKU_05,bebidas,smooth,79.0,8.16,0,28.1
2023-04-16,SKU_05,bebidas,smooth,162.0,7.67,0,29.6
2023-04-17,SKU_05,bebidas,smooth,205.0,8.06,0,28.1
2023-04-18,SKU_05,bebidas,smooth,125.0,7.92,0,29.3
2023-04-19,SKU_05,bebidas,smooth,203.0,7.91,0,31.7
2023-04-20,SKU_05,bebidas,smooth,136.0,8.03,0,26.5
2023-04-21,SKU_05,bebidas,smooth,109.0,7.86,0,30.9
2023-04-22,SKU_05,bebidas,smooth,130.0,6.9,1,30.5
2023-04-23,SKU_05,bebidas,smooth,146.0,8.01,0,28.8
2023-04-24,SKU_05,bebidas,smooth,236.0,7.88,0,27.1
2023-04-25,SKU_05,bebidas,smooth,121.0,8.27,0,30.1
2023-04-26,SKU_05,bebidas,smooth,189.0,8.04,0,28.9
2023-04-27,SKU_05,bebidas,smooth,263.0,8.13,0,30.4
2023-04-28,SKU_05,bebidas,smooth,119.0,8.28,0,30.0
2023-04-29,SKU_05,bebidas,smooth,77.0,8.28,0,33.2
2023-04-30,SKU_05,bebidas,smooth,123.0,8.12,0,29.5
2023-05-01,SKU_05,bebidas,smooth,0.0,7.94,0,27.9
2023-05-02,SKU_05,bebidas,smooth,178.0,7.71,0,30.3
2023-05-03,SKU_05,bebidas,smooth,181.0,8.04,0,30.3
2023-05-04,SKU_05,bebidas,smooth,130.0,8.22,0,32.6
2023-05-05,SKU_05,bebidas,smooth,83.0,8.07,0,31.5
2023-05-06,SKU_05,bebidas,smooth,83.0,7.31,0,30.5
2023-05-07,SKU_05,bebidas,smooth,171.0,8.17,0,32.7
2023-05-08,SKU_05,bebidas,smooth,263.0,8.19,0,27.4
2023-05-09,SKU_05,bebidas,smooth,131.0,7.94,0,28.5
2023-05-10,SKU_05,bebidas,smooth,128.0,8.2,0,27.9
2023-05-11,SKU_05,bebidas,smooth,125.0,8.13,0,28.9
2023-05-12,SKU_05,bebidas,smooth,110.0,7.86,0,26.9
2023-05-13,SKU_05,bebidas,smooth,100.0,8.25,0,30.9
2023-05-14,SKU_05,bebidas,smooth,133.0,7.75,0,29.1
2023-05-15,SKU_05,bebidas,smooth,144.0,7.99,0,26.6
2023-05-16,SKU_05,bebidas,smooth,132.0,7.97,0,27.5
2023-05-17,SKU_05,bebidas,smooth,181.0,7.83,0,30.1
2023-05-18,SKU_05,bebidas,smooth,331.0,8.06,0,31.1
2023-05-19,SKU_05,bebidas,smooth,120.0,8.26,0,33.4
2023-05-20,SKU_05,bebidas,smooth,105.0,8.25,0,35.2
2023-05-21,SKU_05,bebidas,smooth,142.0,8.14,0,30.1
2023-05-22,SKU_05,bebidas,smooth,114.0,7.66,0,27.3
2023-05-23,SKU_05,bebidas,smooth,263.0,6.53,1,24.9
2023-05-24,SKU_05,bebidas,smooth,195.0,8.03,0,29.7
2023-05-25,SKU_05,bebidas,smooth,141.0,7.99,0,27.4
2023-05-26,SKU_05,bebidas,smooth,128.0,7.9,0,28.2
2023-05-27,SKU_05,bebidas,smooth,95.0,8.38,0,27.7
2023-05-28,SKU_05,bebidas,smooth,195.0,8.02,0,28.6
2023-05-29,SKU_05,bebidas,smooth,180.0,8.11,0,31.0
2023-05-30,SKU_05,bebidas,smooth,156.0,8.2,0,29.1
2023-05-31,SKU_05,bebidas,smooth,126.0,8.01,0,28.4
2023-06-01,SKU_05,bebidas,smooth,149.0,8.52,0,26.6
2023-06-02,SKU_05,bebidas,smooth,109.0,7.81,0,25.2
2023-06-03,SKU_05,bebidas,smooth,82.0,7.88,0,27.5
2023-06-04,SKU_05,bebidas,smooth,176.0,7.81,0,28.3
2023-06-05,SKU_05,bebidas,smooth,129.0,8.31,0,31.9
2023-06-06,SKU_05,bebidas,smooth,279.0,6.96,1,28.6
2023-06-07,SKU_05,bebidas,smooth,176.0,7.89,0,30.2
2023-06-08,SKU_05,bebidas,smooth,114.0,7.83,0,27.2
2023-06-09,SKU_05,bebidas,smooth,84.0,8.28,0,25.7
2023-06-10,SKU_05,bebidas,smooth,112.0,8.07,0,26.1
2023-06-11,SKU_05,bebidas,smooth,110.0,8.28,0,26.5
2023-06-12,SKU_05,bebidas,smooth,128.0,7.99,0,32.1
2023-06-13,SKU_05,bebidas,smooth,147.0,8.1,0,26.1
2023-06-14,SKU_05,bebidas,smooth,268.0,8.06,0,29.4
2023-06-15,SKU_05,bebidas,smooth,126.0,7.88,0,25.8
2023-06-16,SKU_05,bebidas,smooth,105.0,7.97,0,29.4
2023-06-17,SKU_05,bebidas,smooth,97.0,7.76,0,28.2
2023-06-18,SKU_05,bebidas,smooth,131.0,8.1,0,27.0
2023-06-19,SKU_05,bebidas,smooth,157.0,8.15,0,27.2
2023-06-20,SKU_05,bebidas,smooth,131.0,8.2,0,25.9
2023-06-21,SKU_05,bebidas,smooth,140.0,8.13,0,28.0
2023-06-22,SKU_05,bebidas,smooth,97.0,7.97,0,26.1
2023-06-23,SKU_05,bebidas,smooth,83.0,8.31,0,24.5
2023-06-24,SKU_05,bebidas,smooth,104.0,8.18,0,24.3
2023-06-25,SKU_05,bebidas,smooth,151.0,8.28,0,27.1
2023-06-26,SKU_05,bebidas,smooth,203.0,8.29,0,29.8
2023-06-27,SKU_05,bebidas,smooth,0.0,7.97,0,26.9
2023-06-28,SKU_05,bebidas,smooth,143.0,8.08,0,26.2
2023-06-29,SKU_05,bebidas,smooth,126.0,8.15,0,26.9
2023-06-30,SKU_05,bebidas,smooth,79.0,7.77,0,28.9
2023-07-01,SKU_05,bebidas,smooth,60.0,7.77,0,26.6
2023-07-02,SKU_05,bebidas,smooth,132.0,7.74,0,25.3
2023-07-03,SKU_05,bebidas,smooth,154.0,7.98,0,28.2
2023-07-04,SKU_05,bebidas,smooth,221.0,7.93,0,26.7
2023-07-05,SKU_05,bebidas,smooth,171.0,7.71,0,28.9
2023-07-06,SKU_05,bebidas,smooth,115.0,8.03,0,26.0
2023-07-07,SKU_05,bebidas,smooth,55.0,7.98,0,23.1
2023-07-08,SKU_05,bebidas,smooth,0.0,8.24,0,22.7
2023-07-09,SKU_05,bebidas,smooth,181.0,8.4,0,28.7
2023-07-10,SKU_05,bebidas,smooth,140.0,8.09,0,28.7
2023-07-11,SKU_05,bebidas,smooth,157.0,7.86,0,24.8
2023-07-12,SKU_05,bebidas,smooth,130.0,8.13,0,24.3
2023-07-13,SKU_05,bebidas,smooth,173.0,8.0,0,27.9
2023-07-14,SKU_05,bebidas,smooth,52.0,7.95,0,22.7
2023-07-15,SKU_05,bebidas,smooth,115.0,7.83,0,23.0
2023-07-16,SKU_05,bebidas,smooth,105.0,7.91,0,26.0
2023-07-17,SKU_05,bebidas,smooth,162.0,7.96,0,23.8
2023-07-18,SKU_05,bebidas,smooth,125.0,8.16,0,24.5
2023-07-19,SKU_05,bebidas,smooth,129.0,8.1,0,24.0
2023-07-20,SKU_05,bebidas,smooth,128.0,8.37,0,24.9
2023-07-21,SKU_05,bebidas,smooth,88.0,8.13,0,27.0
2023-07-22,SKU_05,bebidas,smooth,88.0,8.08,0,24.2
2023-07-23,SKU_05,bebidas,smooth,175.0,7.94,0,25.2
2023-07-24,SKU_05,bebidas,smooth,170.0,7.79,0,19.7
2023-07-25,SKU_05,bebidas,smooth,141.0,7.89,0,23.6
2023-07-26,SKU_05,bebidas,smooth,191.0,7.86,0,22.0
2023-07-27,SKU_05,bebidas,smooth,126.0,7.49,0,21.1
2023-07-28,SKU_05,bebidas,smooth,0.0,7.8,0,21.7
2023-07-29,SKU_05,bebidas,smooth,83.0,8.32,0,22.7
2023-07-30,SKU_05,bebidas,smooth,116.0,8.07,0,25.1
2023-07-31,SKU_05,bebidas,smooth,182.0,6.72,1,20.5
2023-08-01,SKU_05,bebidas,smooth,144.0,8.08,0,23.1
2023-08-02,SKU_05,bebidas,smooth,123.0,7.61,0,22.0
2023-08-03,SKU_05,bebidas,smooth,137.0,8.06,0,22.2
2023-08-04,SKU_05,bebidas,smooth,96.0,8.26,0,24.7
2023-08-05,SKU_05,bebidas,smooth,75.0,7.98,0,23.7
2023-08-06,SKU_05,bebidas,smooth,64.0,7.65,0,25.2
2023-08-07,SKU_05,bebidas,smooth,185.0,7.92,0,22.1
2023-08-08,SKU_05,bebidas,smooth,111.0,8.26,0,20.9
2023-08-09,SKU_05,bebidas,smooth,99.0,8.05,0,21.8
2023-08-10,SKU_05,bebidas,smooth,94.0,7.72,0,22.6
2023-08-11,SKU_05,bebidas,smooth,67.0,8.47,0,22.4
2023-08-12,SKU_05,bebidas,smooth,60.0,7.75,0,19.8
2023-08-13,SKU_05,bebidas,smooth,101.0,7.95,0,22.0
2023-08-14,SKU_05,bebidas,smooth,102.0,7.79,0,22.2
2023-08-15,SKU_05,bebidas,smooth,151.0,7.79,0,26.7
2023-08-16,SKU_05,bebidas,smooth,307.0,6.71,1,25.3
2023-08-17,SKU_05,bebidas,smooth,140.0,8.13,0,19.7
2023-08-18,SKU_05,bebidas,smooth,91.0,8.26,0,20.8
2023-08-19,SKU_05,bebidas,smooth,60.0,7.92,0,18.3
2023-08-20,SKU_05,bebidas,smooth,118.0,7.8,0,20.0
2023-08-21,SKU_05,bebidas,smooth,132.0,8.1,0,21.7
2023-08-22,SKU_05,bebidas,smooth,104.0,8.1,0,23.4
2023-08-23,SKU_05,bebidas,smooth,101.0,8.05,0,19.4
2023-08-24,SKU_05,bebidas,smooth,140.0,8.06,0,19.5
2023-08-25,SKU_05,bebidas,smooth,81.0,7.98,0,16.4
2023-08-26,SKU_05,bebidas,smooth,100.0,6.82,1,20.3
2023-08-27,SKU_05,bebidas,smooth,82.0,7.96,0,18.4
2023-08-28,SKU_05,bebidas,smooth,104.0,8.21,0,19.4
2023-08-29,SKU_05,bebidas,smooth,112.0,7.25,1,18.6
2023-08-30,SKU_05,bebidas,smooth,116.0,8.04,0,20.1
2023-08-31,SKU_05,bebidas,smooth,111.0,8.0,0,16.7
2023-09-01,SKU_05,bebidas,smooth,59.0,8.05,0,17.2
2023-09-02,SKU_05,bebidas,smooth,78.0,7.87,0,24.3
2023-09-03,SKU_05,bebidas,smooth,117.0,8.15,0,17.4
2023-09-04,SKU_05,bebidas,smooth,114.0,8.09,0,17.7
2023-09-05,SKU_05,bebidas,smooth,90.0,7.92,0,23.5
2023-09-06,SKU_05,bebidas,smooth,0.0,8.18,0,25.6
2023-09-07,SKU_05,bebidas,smooth,116.0,8.0,0,17.4
2023-09-08,SKU_05,bebidas,smooth,95.0,7.81,0,18.9
2023-09-09,SKU_05,bebidas,smooth,62.0,8.07,0,20.2
2023-09-10,SKU_05,bebidas,smooth,136.0,8.05,0,22.9
2023-09-11,SKU_05,bebidas,smooth,131.0,8.19,0,17.4
2023-09-12,SKU_05,bebidas,smooth,0.0,8.17,0,18.9
2023-09-13,SKU_05,bebidas,smooth,151.0,7.98,0,20.8
2023-09-14,SKU_05,bebidas,smooth,151.0,7.91,0,20.1
2023-09-15,SKU_05,bebidas,smooth,89.0,8.0,0,18.4
2023-09-16,SKU_05,bebidas,smooth,104.0,6.87,1,18.8
2023-09-17,SKU_05,bebidas,smooth,183.0,8.1,0,16.3
2023-09-18,SKU_05,bebidas,smooth,93.0,8.06,0,18.5
2023-09-19,SKU_05,bebidas,smooth,182.0,7.98,0,18.4
2023-09-20,SKU_05,bebidas,smooth,133.0,8.2,0,19.3
2023-09-21,SKU_05,bebidas,smooth,147.0,7.87,0,17.7
2023-09-22,SKU_05,bebidas,smooth,60.0,8.5,0,19.7
2023-09-23,SKU_05,bebidas,smooth,82.0,8.15,0,20.7
2023-09-24,SKU_05,bebidas,smooth,154.0,7.77,0,19.0
2023-09-25,SKU_05,bebidas,smooth,84.0,8.04,0,19.3
2023-09-26,SKU_05,bebidas,smooth,104.0,8.15,0,18.7
2023-09-27,SKU_05,bebidas,smooth,63.0,7.93,0,18.5
2023-09-28,SKU_05,bebidas,smooth,99.0,7.7,0,17.1
2023-09-29,SKU_05,bebidas,smooth,52.0,7.79,0,19.1
2023-09-30,SKU_05,bebidas,smooth,60.0,8.11,0,18.2
2023-10-01,SKU_05,bebidas,smooth,241.0,7.65,0,22.6
2023-10-02,SKU_05,bebidas,smooth,175.0,7.71,0,21.5
2023-10-03,SKU_05,bebidas,smooth,77.0,8.11,0,19.1
2023-10-04,SKU_05,bebidas,smooth,119.0,7.96,0,16.8
2023-10-05,SKU_05,bebidas,smooth,124.0,7.86,0,16.0
2023-10-06,SKU_05,bebidas,smooth,62.0,7.9,0,20.6
2023-10-07,SKU_05,bebidas,smooth,67.0,7.71,0,18.7
2023-10-08,SKU_05,bebidas,smooth,118.0,8.1,0,19.1
2023-10-09,SKU_05,bebidas,smooth,71.0,7.84,0,14.7
2023-10-10,SKU_05,bebidas,smooth,87.0,7.89,0,20.0
2023-10-11,SKU_05,bebidas,smooth,115.0,8.07,0,19.0
2023-10-12,SKU_05,bebidas,smooth,152.0,6.75,1,15.9
2023-10-13,SKU_05,bebidas,smooth,52.0,7.86,0,17.1
2023-10-14,SKU_05,bebidas,smooth,53.0,7.6,0,18.6
2023-10-15,SKU_05,bebidas,smooth,105.0,8.07,0,18.1
2023-10-16,SKU_05,bebidas,smooth,132.0,8.02,0,17.4
2023-10-17,SKU_05,bebidas,smooth,105.0,7.9,0,17.8
2023-10-18,SKU_05,bebidas,smooth,159.0,7.79,0,17.5
2023-10-19,SKU_05,bebidas,smooth,91.0,8.0,0,18.3
2023-10-20,SKU_05,bebidas,smooth,72.0,8.1,0,20.9
2023-10-21,SKU_05,bebidas,smooth,51.0,8.02,0,12.9
2023-10-22,SKU_05,bebidas,smooth,124.0,8.33,0,17.5
2023-10-23,SKU_05,bebidas,smooth,91.0,8.14,0,18.4
2023-10-24,SKU_05,bebidas,smooth,177.0,7.98,0,18.6
2023-10-25,SKU_05,bebidas,smooth,70.0,8.15,0,17.3
2023-10-26,SKU_05,bebidas,smooth,153.0,8.01,0,14.5
2023-10-27,SKU_05,bebidas,smooth,67.0,8.01,0,18.7
2023-10-28,SKU_05,bebidas,smooth,80.0,8.26,0,21.5
2023-10-29,SKU_05,bebidas,smooth,142.0,7.82,0,15.0
2023-10-30,SKU_05,bebidas,smooth,141.0,8.0,0,19.8
2023-10-31,SKU_05,bebidas,smooth,91.0,8.24,0,17.4
2023-11-01,SKU_05,bebidas,smooth,128.0,8.06,0,18.0
2023-11-02,SKU_05,bebidas,smooth,167.0,7.93,0,16.0
2023-11-03,SKU_05,bebidas,smooth,0.0,7.66,0,17.5
2023-11-04,SKU_05,bebidas,smooth,117.0,7.55,0,20.8
2023-11-05,SKU_05,bebidas,smooth,182.0,7.22,1,19.3
2023-11-06,SKU_05,bebidas,smooth,108.0,8.06,0,21.7
2023-11-07,SKU_05,bebidas,smooth,94.0,7.88,0,20.6
2023-11-08,SKU_05,bebidas,smooth,109.0,8.07,0,19.1
2023-11-09,SKU_05,bebidas,smooth,75.0,7.81,0,21.8
2023-11-10,SKU_05,bebidas,smooth,62.0,7.93,0,19.2
2023-11-11,SKU_05,bebidas,smooth,65.0,7.81,0,20.0
2023-11-12,SKU_05,bebidas,smooth,86.0,7.72,0,17.8
2023-11-13,SKU_05,bebidas,smooth,138.0,7.58,0,18.6
2023-11-14,SKU_05,bebidas,smooth,105.0,7.68,0,17.1
2023-11-15,SKU_05,bebidas,smooth,102.0,8.2,0,20.5
2023-11-16,SKU_05,bebidas,smooth,101.0,7.8,0,16.2
2023-11-17,SKU_05,bebidas,smooth,77.0,8.11,0,20.2
2023-11-18,SKU_05,bebidas,smooth,69.0,8.19,0,18.3
2023-11-19,SKU_05,bebidas,smooth,103.0,8.0,0,21.0
2023-11-20,SKU_05,bebidas,smooth,124.0,7.94,0,20.2
2023-11-21,SKU_05,bebidas,smooth,125.0,8.03,0,22.4
2023-11-22,SKU_05,bebidas,smooth,92.0,7.92,0,20.3
2023-11-23,SKU_05,bebidas,smooth,102.0,8.24,0,15.8
2023-11-24,SKU_05,bebidas,smooth,81.0,8.38,0,18.8
2023-11-25,SKU_05,bebidas,smooth,77.0,8.29,0,16.7
2023-11-26,SKU_05,bebidas,smooth,110.0,7.57,0,18.0
2023-11-27,SKU_05,bebidas,smooth,151.0,7.91,0,22.2
2023-11-28,SKU_05,bebidas,smooth,97.0,8.0,0,20.5
2023-11-29,SKU_05,bebidas,smooth,93.0,8.09,0,17.9
2023-11-30,SKU_05,bebidas,smooth,109.0,7.65,0,17.3
2023-12-01,SKU_05,bebidas,smooth,105.0,7.65,0,19.4
2023-12-02,SKU_05,bebidas,smooth,72.0,8.26,0,17.0
2023-12-03,SKU_05,bebidas,smooth,112.0,7.89,0,18.2
2023-12-04,SKU_05,bebidas,smooth,183.0,7.7,0,20.2
2023-12-05,SKU_05,bebidas,smooth,121.0,7.78,0,22.0
2023-12-06,SKU_05,bebidas,smooth,222.0,8.08,0,20.9
2023-12-07,SKU_05,bebidas,smooth,144.0,6.64,1,15.2
2023-12-08,SKU_05,bebidas,smooth,59.0,8.05,0,20.5
2023-12-09,SKU_05,bebidas,smooth,72.0,7.8,0,20.1
2023-12-10,SKU_05,bebidas,smooth,121.0,7.65,0,20.9
2023-12-11,SKU_05,bebidas,smooth,112.0,8.28,0,23.3
2023-12-12,SKU_05,bebidas,smooth,222.0,8.08,0,16.1
2023-12-13,SKU_05,bebidas,smooth,136.0,7.93,0,19.1
2023-12-14,SKU_05,bebidas,smooth,149.0,7.9,0,21.5
2023-12-15,SKU_05,bebidas,smooth,64.0,8.29,0,17.3
2023-12-16,SKU_05,bebidas,smooth,71.0,8.12,0,23.5
2023-12-17,SKU_05,bebidas,smooth,172.0,8.23,0,21.3
2023-12-18,SKU_05,bebidas,smooth,90.0,7.88,0,22.4
2023-12-19,SKU_05,bebidas,smooth,98.0,8.01,0,19.6
2023-12-20,SKU_05,bebidas,smooth,129.0,8.08,0,22.5
2023-12-21,SKU_05,bebidas,smooth,195.0,7.89,0,23.1
2023-12-22,SKU_05,bebidas,smooth,106.0,6.78,1,21.5
2023-12-23,SKU_05,bebidas,smooth,0.0,7.88,0,21.6
2023-12-24,SKU_05,bebidas,smooth,138.0,8.08,0,21.8
2023-12-25,SKU_05,bebidas,smooth,181.0,7.74,0,19.6
2023-12-26,SKU_05,bebidas,smooth,93.0,8.11,0,21.1
2023-12-27,SKU_05,bebidas,smooth,164.0,8.06,0,21.2
2023-12-28,SKU_05,bebidas,smooth,134.0,7.96,0,22.4
2023-12-29,SKU_05,bebidas,smooth,108.0,8.09,0,23.7
2023-12-30,SKU_05,bebidas,smooth,64.0,7.93,0,19.7
2023-12-31,SKU_05,bebidas,smooth,140.0,7.87,0,21.6
2024-01-01,SKU_05,bebidas,smooth,146.0,8.11,0,24.9
2024-01-02,SKU_05,bebidas,smooth,107.0,8.12,0,20.6
2024-01-03,SKU_05,bebidas,smooth,101.0,7.9,0,20.5
2024-01-04,SKU_05,bebidas,smooth,125.0,7.88,0,22.7
2024-01-05,SKU_05,bebidas,smooth,91.0,7.96,0,24.1
2024-01-06,SKU_05,bebidas,smooth,71.0,7.89,0,22.5
2024-01-07,SKU_05,bebidas,smooth,142.0,8.31,0,25.2
2024-01-08,SKU_05,bebidas,smooth,95.0,8.06,0,24.4
2024-01-09,SKU_05,bebidas,smooth,138.0,8.0,0,24.5
2024-01-10,SKU_05,bebidas,smooth,194.0,7.81,0,24.0
2024-01-11,SKU_05,bebidas,smooth,193.0,8.15,0,27.6
2024-01-12,SKU_05,bebidas,smooth,86.0,7.88,0,22.7
2024-01-13,SKU_05,bebidas,smooth,86.0,7.87,0,19.2
2024-01-14,SKU_05,bebidas,smooth,189.0,6.95,1,26.5
2024-01-15,SKU_05,bebidas,smooth,221.0,8.08,0,22.5
2024-01-16,SKU_05,bebidas,smooth,254.0,7.5,0,23.7
2024-01-17,SKU_05,bebidas,smooth,167.0,7.97,0,26.2
2024-01-18,SKU_05,bebidas,smooth,271.0,8.03,0,20.5
2024-01-19,SKU_05,bebidas,smooth,73.0,7.93,0,21.3
2024-01-20,SKU_05,bebidas,smooth,63.0,8.03,0,20.7
2024-01-21,SKU_05,bebidas,smooth,126.0,7.64,0,22.4
2024-01-22,SKU_05,bebidas,smooth,150.0,7.43,0,25.0
2024-01-23,SKU_05,bebidas,smooth,283.0,7.8,0,25.3
2024-01-24,SKU_05,bebidas,smooth,149.0,8.06,0,24.9
2024-01-25,SKU_05,bebidas,smooth,121.0,7.36,0,21.6
2024-01-26,SKU_05,bebidas,smooth,69.0,7.83,0,19.9
2024-01-27,SKU_05,bebidas,smooth,125.0,7.62,0,24.7
2024-01-28,SKU_05,bebidas,smooth,201.0,7.95,0,23.8
2024-01-29,SKU_05,bebidas,smooth,146.0,8.39,0,25.7
2024-01-30,SKU_05,bebidas,smooth,105.0,7.96,0,26.3
2024-01-31,SKU_05,bebidas,smooth,180.0,6.78,1,25.3
2024-02-01,SKU_05,bebidas,smooth,373.0,6.97,1,26.6
2024-02-02,SKU_05,bebidas,smooth,168.0,6.8,1,25.7
2024-02-03,SKU_05,bebidas,smooth,101.0,7.96,0,26.4
2024-02-04,SKU_05,bebidas,smooth,256.0,8.19,0,24.0
2024-02-05,SKU_05,bebidas,smooth,388.0,6.89,1,25.2
2024-02-06,SKU_05,bebidas,smooth,167.0,8.06,0,26.0
2024-02-07,SKU_05,bebidas,smooth,172.0,7.97,0,27.4
2024-02-08,SKU_05,bebidas,smooth,144.0,7.93,0,25.0
2024-02-09,SKU_05,bebidas,smooth,96.0,8.18,0,27.0
2024-02-10,SKU_05,bebidas,smooth,69.0,7.93,0,25.5
2024-02-11,SKU_05,bebidas,smooth,117.0,8.25,0,25.9
2024-02-12,SKU_05,bebidas,smooth,115.0,7.79,0,27.9
2024-02-13,SKU_05,bebidas,smooth,207.0,8.29,0,22.3
2024-02-14,SKU_05,bebidas,smooth,112.0,8.09,0,23.8
2024-02-15,SKU_05,bebidas,smooth,264.0,7.81,0,23.5
2024-02-16,SKU_05,bebidas,smooth,78.0,8.1,0,21.9
2024-02-17,SKU_05,bebidas,smooth,0.0,7.87,0,25.3
2024-02-18,SKU_05,bebidas,smooth,164.0,8.01,0,28.3
2024-02-19,SKU_05,bebidas,smooth,118.0,7.9,0,26.3
2024-02-20,SKU_05,bebidas,smooth,244.0,7.97,0,27.4
2024-02-21,SKU_05,bebidas,smooth,260.0,8.19,0,29.2
2024-02-22,SKU_05,bebidas,smooth,150.0,8.1,0,29.8
2024-02-23,SKU_05,bebidas,smooth,97.0,7.77,0,27.1
2024-02-24,SKU_05,bebidas,smooth,89.0,7.79,0,30.0
2024-02-25,SKU_05,bebidas,smooth,175.0,8.05,0,27.6
2024-02-26,SKU_05,bebidas,smooth,180.0,8.07,0,25.8
2024-02-27,SKU_05,bebidas,smooth,162.0,7.87,0,26.4
2024-02-28,SKU_05,bebidas,smooth,110.0,8.32,0,24.7
2024-02-29,SKU_05,bebidas,smooth,152.0,8.16,0,26.0
2024-03-01,SKU_05,bebidas,smooth,127.0,7.87,0,27.1
2024-03-02,SKU_05,bebidas,smooth,106.0,7.86,0,29.5
2024-03-03,SKU_05,bebidas,smooth,179.0,7.95,0,31.4
2024-03-04,SKU_05,bebidas,smooth,139.0,7.93,0,25.3
2024-03-05,SKU_05,bebidas,smooth,161.0,8.25,0,28.9
2024-03-06,SKU_05,bebidas,smooth,252.0,8.2,0,26.1
2024-03-07,SKU_05,bebidas,smooth,143.0,8.01,0,29.2
2024-03-08,SKU_05,bebidas,smooth,131.0,8.14,0,28.1
2024-03-09,SKU_05,bebidas,smooth,104.0,8.16,0,24.8
2024-03-10,SKU_05,bebidas,smooth,205.0,8.01,0,30.3
2024-03-11,SKU_05,bebidas,smooth,153.0,8.08,0,27.3
2024-03-12,SKU_05,bebidas,smooth,168.0,8.12,0,27.5
2024-03-13,SKU_05,bebidas,smooth,181.0,8.1,0,26.5
2024-03-14,SKU_05,bebidas,smooth,162.0,7.84,0,27.4
2024-03-15,SKU_05,bebidas,smooth,123.0,7.86,0,29.7
2024-03-16,SKU_05,bebidas,smooth,124.0,7.94,0,28.5
2024-03-17,SKU_05,bebidas,smooth,327.0,7.86,0,29.6
2024-03-18,SKU_05,bebidas,smooth,206.0,7.71,0,29.7
2024-03-19,SKU_05,bebidas,smooth,125.0,8.14,0,31.7
2024-03-20,SKU_05,bebidas,smooth,364.0,6.87,1,28.4
2024-03-21,SKU_05,bebidas,smooth,250.0,6.53,1,26.2
2024-03-22,SKU_05,bebidas,smooth,193.0,7.95,0,31.3
2024-03-23,SKU_05,bebidas,smooth,161.0,7.96,0,28.6
2024-03-24,SKU_05,bebidas,smooth,176.0,8.04,0,31.5
2024-03-25,SKU_05,bebidas,smooth,233.0,7.78,0,30.1
2024-03-26,SKU_05,bebidas,smooth,166.0,7.73,0,29.1
2024-03-27,SKU_05,bebidas,smooth,0.0,8.1,0,30.1
2024-03-28,SKU_05,bebidas,smooth,244.0,7.69,0,33.4
2024-03-29,SKU_05,bebidas,smooth,161.0,7.95,0,33.7
2024-03-30,SKU_05,bebidas,smooth,143.0,7.93,0,29.7
2024-03-31,SKU_05,bebidas,smooth,198.0,7.98,0,29.9
2024-04-01,SKU_05,bebidas,smooth,372.0,8.05,0,31.8
2024-04-02,SKU_05,bebidas,smooth,172.0,8.32,0,28.0
2024-04-03,SKU_05,bebidas,smooth,132.0,7.68,0,30.4
2024-04-04,SKU_05,bebidas,smooth,199.0,6.98,1,29.7
2024-04-05,SKU_05,bebidas,smooth,242.0,6.3,1,30.4
2024-04-06,SKU_05,bebidas,smooth,110.0,8.28,0,28.1
2024-04-07,SKU_05,bebidas,smooth,191.0,7.59,0,26.6
2024-04-08,SKU_05,bebidas,smooth,158.0,8.49,0,25.7
2024-04-09,SKU_05,bebidas,smooth,168.0,7.92,0,27.6
2024-04-10,SKU_05,bebidas,smooth,159.0,8.26,0,29.0
2024-04-11,SKU_05,bebidas,smooth,217.0,8.22,0,29.3
2024-04-12,SKU_05,bebidas,smooth,121.0,7.91,0,33.8
2024-04-13,SKU_05,bebidas,smooth,134.0,7.93,0,32.2
2024-04-14,SKU_05,bebidas,smooth,298.0,6.63,1,28.0
2024-04-15,SKU_05,bebidas,smooth,178.0,8.16,0,30.7
2024-04-16,SKU_05,bebidas,smooth,135.0,7.92,0,29.2
2024-04-17,SKU_05,bebidas,smooth,132.0,7.84,0,29.4
2024-04-18,SKU_05,bebidas,smooth,414.0,8.11,0,30.4
2024-04-19,SKU_05,bebidas,smooth,170.0,7.82,0,31.2
2024-04-20,SKU_05,bebidas,smooth,158.0,7.93,0,29.3
2024-04-21,SKU_05,bebidas,smooth,171.0,8.02,0,32.1
2024-04-22,SKU_05,bebidas,smooth,187.0,7.87,0,27.7
2024-04-23,SKU_05,bebidas,smooth,159.0,7.9,0,30.0
2024-04-24,SKU_05,bebidas,smooth,154.0,8.31,0,35.2
2024-04-25,SKU_05,bebidas,smooth,170.0,7.96,0,30.4
2024-04-26,SKU_05,bebidas,smooth,167.0,7.93,0,32.8
2024-04-27,SKU_05,bebidas,smooth,142.0,7.96,0,30.2
2024-04-28,SKU_05,bebidas,smooth,227.0,6.89,1,31.1
2024-04-29,SKU_05,bebidas,smooth,179.0,7.79,0,29.8
2024-04-30,SKU_05,bebidas,smooth,232.0,8.09,0,29.6
2024-05-01,SKU_05,bebidas,smooth,163.0,8.05,0,28.4
2024-05-02,SKU_05,bebidas,smooth,200.0,7.64,0,30.8
2024-05-03,SKU_05,bebidas,smooth,123.0,8.36,0,28.2
2024-05-04,SKU_05,bebidas,smooth,128.0,8.29,0,31.2
2024-05-05,SKU_05,bebidas,smooth,213.0,7.84,0,32.0
2024-05-06,SKU_05,bebidas,smooth,167.0,7.78,0,30.5
2024-05-07,SKU_05,bebidas,smooth,166.0,8.05,0,29.2
2024-05-08,SKU_05,bebidas,smooth,148.0,7.71,0,30.7
2024-05-09,SKU_05,bebidas,smooth,129.0,8.27,0,29.1
2024-05-10,SKU_05,bebidas,smooth,114.0,7.91,0,31.6
2024-05-11,SKU_05,bebidas,smooth,129.0,8.32,0,26.0
2024-05-12,SKU_05,bebidas,smooth,134.0,7.84,0,29.0
2024-05-13,SKU_05,bebidas,smooth,189.0,7.98,0,25.6
2024-05-14,SKU_05,bebidas,smooth,218.0,8.25,0,26.6
2024-05-15,SKU_05,bebidas,smooth,183.0,6.74,1,32.2
2024-05-16,SKU_05,bebidas,smooth,182.0,8.05,0,31.3
2024-05-17,SKU_05,bebidas,smooth,163.0,8.22,0,28.0
2024-05-18,SKU_05,bebidas,smooth,121.0,7.89,0,26.4
2024-05-19,SKU_05,bebidas,smooth,106.0,7.75,0,23.4
2024-05-20,SKU_05,bebidas,smooth,216.0,7.71,0,28.2
2024-05-21,SKU_05,bebidas,smooth,170.0,8.12,0,34.1
2024-05-22,SKU_05,bebidas,smooth,225.0,8.08,0,30.0
2024-05-23,SKU_05,bebidas,smooth,154.0,8.21,0,28.0
2024-05-24,SKU_05,bebidas,smooth,110.0,7.95,0,30.0
2024-05-25,SKU_05,bebidas,smooth,90.0,7.71,0,25.9
2024-05-26,SKU_05,bebidas,smooth,183.0,7.53,0,28.4
2024-05-27,SKU_05,bebidas,smooth,161.0,8.57,0,29.1
2024-05-28,SKU_05,bebidas,smooth,173.0,8.11,0,28.7
2024-05-29,SKU_05,bebidas,smooth,141.0,8.03,0,30.4
2024-05-30,SKU_05,bebidas,smooth,209.0,8.06,0,29.4
2024-05-31,SKU_05,bebidas,smooth,116.0,7.71,0,30.0
2024-06-01,SKU_05,bebidas,smooth,0.0,7.84,0,27.2
2024-06-02,SKU_05,bebidas,smooth,239.0,8.35,0,30.3
2024-06-03,SKU_05,bebidas,smooth,184.0,8.13,0,31.7
2024-06-04,SKU_05,bebidas,smooth,181.0,7.85,0,26.4
2024-06-05,SKU_05,bebidas,smooth,209.0,7.75,0,26.5
2024-06-06,SKU_05,bebidas,smooth,204.0,7.9,0,30.9
2024-06-07,SKU_05,bebidas,smooth,139.0,7.94,0,27.8
2024-06-08,SKU_05,bebidas,smooth,103.0,8.41,0,30.9
2024-06-09,SKU_05,bebidas,smooth,225.0,7.96,0,27.1
2024-06-10,SKU_05,bebidas,smooth,191.0,7.76,0,30.8
2024-06-11,SKU_05,bebidas,smooth,201.0,7.99,0,28.1
2024-06-12,SKU_05,bebidas,smooth,196.0,8.05,0,28.3
2024-06-13,SKU_05,bebidas,smooth,250.0,7.74,0,30.8
2024-06-14,SKU_05,bebidas,smooth,121.0,8.08,0,26.9
2024-06-15,SKU_05,bebidas,smooth,89.0,8.24,0,25.6
2024-06-16,SKU_05,bebidas,smooth,145.0,8.03,0,26.5
2024-06-17,SKU_05,bebidas,smooth,173.0,7.84,0,28.3
2024-06-18,SKU_05,bebidas,smooth,134.0,7.89,0,24.1
2024-06-19,SKU_05,bebidas,smooth,135.0,7.67,0,28.5
2024-06-20,SKU_05,bebidas,smooth,99.0,7.97,0,26.0
2024-06-21,SKU_05,bebidas,smooth,71.0,8.06,0,29.3
2024-06-22,SKU_05,bebidas,smooth,149.0,7.82,0,22.1
2024-06-23,SKU_05,bebidas,smooth,139.0,8.39,0,25.3
2024-06-24,SKU_05,bebidas,smooth,251.0,8.16,0,23.4
2024-06-25,SKU_05,bebidas,smooth,179.0,7.64,0,25.0
2024-06-26,SKU_05,bebidas,smooth,166.0,7.65,0,27.0
2024-06-27,SKU_05,bebidas,smooth,114.0,7.8,0,26.1
2024-06-28,SKU_05,bebidas,smooth,97.0,8.31,0,25.9
2024-06-29,SKU_05,bebidas,smooth,0.0,8.18,0,25.9
2024-06-30,SKU_05,bebidas,smooth,242.0,8.32,0,26.6
2024-07-01,SKU_05,bebidas,smooth,168.0,8.0,0,24.1
2024-07-02,SKU_05,bebidas,smooth,183.0,6.76,1,27.4
2024-07-03,SKU_05,bebidas,smooth,131.0,7.75,0,27.2
2024-07-04,SKU_05,bebidas,smooth,133.0,8.07,0,26.6
2024-07-05,SKU_05,bebidas,smooth,132.0,7.96,0,26.8
2024-07-06,SKU_05,bebidas,smooth,142.0,7.95,0,26.2
2024-07-07,SKU_05,bebidas,smooth,261.0,7.12,1,29.6
2024-07-08,SKU_05,bebidas,smooth,0.0,6.77,1,25.2
2024-07-09,SKU_05,bebidas,smooth,228.0,8.27,0,24.7
2024-07-10,SKU_05,bebidas,smooth,119.0,7.68,0,23.7
2024-07-11,SKU_05,bebidas,smooth,221.0,7.34,1,23.0
2024-07-12,SKU_05,bebidas,smooth,98.0,7.93,0,22.5
2024-07-13,SKU_05,bebidas,smooth,72.0,8.14,0,23.1
2024-07-14,SKU_05,bebidas,smooth,132.0,8.17,0,24.6
2024-07-15,SKU_05,bebidas,smooth,131.0,7.9,0,25.3
2024-07-16,SKU_05,bebidas,smooth,315.0,6.96,1,24.7
2024-07-17,SKU_05,bebidas,smooth,236.0,8.17,0,22.9
2024-07-18,SKU_05,bebidas,smooth,162.0,7.86,0,26.2
2024-07-19,SKU_05,bebidas,smooth,86.0,7.86,0,25.7
2024-07-20,SKU_05,bebidas,smooth,76.0,8.01,0,23.8
2024-07-21,SKU_05,bebidas,smooth,146.0,7.98,0,22.7
2024-07-22,SKU_05,bebidas,smooth,133.0,8.28,0,25.0
2024-07-23,SKU_05,bebidas,smooth,146.0,8.14,0,24.2
2024-07-24,SKU_05,bebidas,smooth,154.0,7.99,0,20.8
2024-07-25,SKU_05,bebidas,smooth,133.0,8.12,0,23.5
2024-07-26,SKU_05,bebidas,smooth,83.0,7.59,0,24.1
2024-07-27,SKU_05,bebidas,smooth,79.0,7.88,0,21.6
2024-07-28,SKU_05,bebidas,smooth,135.0,8.06,0,23.7
2024-07-29,SKU_05,bebidas,smooth,123.0,8.22,0,20.3
2024-07-30,SKU_05,bebidas,smooth,184.0,8.04,0,25.8
2024-07-31,SKU_05,bebidas,smooth,97.0,8.29,0,25.5
2024-08-01,SKU_05,bebidas,smooth,209.0,8.17,0,22.4
2024-08-02,SKU_05,bebidas,smooth,88.0,7.9,0,23.5
2024-08-03,SKU_05,bebidas,smooth,88.0,7.97,0,17.9
2024-08-04,SKU_05,bebidas,smooth,161.0,8.08,0,20.3
2024-08-05,SKU_05,bebidas,smooth,116.0,7.91,0,21.9
2024-08-06,SKU_05,bebidas,smooth,107.0,8.31,0,20.3
2024-08-07,SKU_05,bebidas,smooth,112.0,7.78,0,23.7
2024-08-08,SKU_05,bebidas,smooth,141.0,8.06,0,26.2
2024-08-09,SKU_05,bebidas,smooth,93.0,8.15,0,19.8
2024-08-10,SKU_05,bebidas,smooth,68.0,7.94,0,20.3
2024-08-11,SKU_05,bebidas,smooth,161.0,7.89,0,22.4
2024-08-12,SKU_05,bebidas,smooth,82.0,7.98,0,25.1
2024-08-13,SKU_05,bebidas,smooth,118.0,8.16,0,19.3
2024-08-14,SKU_05,bebidas,smooth,182.0,7.9,0,22.1
2024-08-15,SKU_05,bebidas,smooth,139.0,7.79,0,25.2
2024-08-16,SKU_05,bebidas,smooth,60.0,8.23,0,18.1
2024-08-17,SKU_05,bebidas,smooth,64.0,8.08,0,18.8
2024-08-18,SKU_05,bebidas,smooth,90.0,7.0,1,20.4
2024-08-19,SKU_05,bebidas,smooth,102.0,8.15,0,20.1
2024-08-20,SKU_05,bebidas,smooth,179.0,8.44,0,22.7
2024-08-21,SKU_05,bebidas,smooth,116.0,8.22,0,21.5
2024-08-22,SKU_05,bebidas,smooth,109.0,7.86,0,17.4
2024-08-23,SKU_05,bebidas,smooth,45.0,8.09,0,21.8
2024-08-24,SKU_05,bebidas,smooth,50.0,7.89,0,19.6
2024-08-25,SKU_05,bebidas,smooth,184.0,7.91,0,23.2
2024-08-26,SKU_05,bebidas,smooth,213.0,6.52,1,19.3
2024-08-27,SKU_05,bebidas,smooth,91.0,7.94,0,19.2
2024-08-28,SKU_05,bebidas,smooth,113.0,8.11,0,21.5
2024-08-29,SKU_05,bebidas,smooth,132.0,7.99,0,21.8
2024-08-30,SKU_05,bebidas,smooth,58.0,7.78,0,21.1
2024-08-31,SKU_05,bebidas,smooth,43.0,7.7,0,16.8
2024-09-01,SKU_05,bebidas,smooth,126.0,8.42,0,21.1
2024-09-02,SKU_05,bebidas,smooth,140.0,8.07,0,17.9
2024-09-03,SKU_05,bebidas,smooth,149.0,7.84,0,20.4
2024-09-04,SKU_05,bebidas,smooth,147.0,8.09,0,17.0
2024-09-05,SKU_05,bebidas,smooth,88.0,8.44,0,20.7
2024-09-06,SKU_05,bebidas,smooth,73.0,8.12,0,18.1
2024-09-07,SKU_05,bebidas,smooth,66.0,7.44,0,17.1
2024-09-08,SKU_05,bebidas,smooth,127.0,8.53,0,21.0
2024-09-09,SKU_05,bebidas,smooth,120.0,7.63,0,20.0
2024-09-10,SKU_05,bebidas,smooth,0.0,7.96,0,18.2
2024-09-11,SKU_05,bebidas,smooth,63.0,7.77,0,22.3
2024-09-12,SKU_05,bebidas,smooth,162.0,7.85,0,18.4
2024-09-13,SKU_05,bebidas,smooth,116.0,6.86,1,19.3
2024-09-14,SKU_05,bebidas,smooth,51.0,7.59,0,19.7
2024-09-15,SKU_05,bebidas,smooth,135.0,7.98,0,17.9
2024-09-16,SKU_05,bebidas,smooth,113.0,8.23,0,20.0
2024-09-17,SKU_05,bebidas,smooth,157.0,6.63,1,17.9
2024-09-18,SKU_05,bebidas,smooth,100.0,7.72,0,18.1
2024-09-19,SKU_05,bebidas,smooth,149.0,7.97,0,21.6
2024-09-20,SKU_05,bebidas,smooth,57.0,7.93,0,16.7
2024-09-21,SKU_05,bebidas,smooth,72.0,6.68,1,13.9
2024-09-22,SKU_05,bebidas,smooth,173.0,7.76,0,21.9
2024-09-23,SKU_05,bebidas,smooth,131.0,8.1,0,23.8
2024-09-24,SKU_05,bebidas,smooth,116.0,8.12,0,17.8
2024-09-25,SKU_05,bebidas,smooth,192.0,6.59,1,14.7
2024-09-26,SKU_05,bebidas,smooth,102.0,7.81,0,17.9
2024-09-27,SKU_05,bebidas,smooth,63.0,8.03,0,17.9
2024-09-28,SKU_05,bebidas,smooth,77.0,7.81,0,18.1
2024-09-29,SKU_05,bebidas,smooth,79.0,8.04,0,16.2
2024-09-30,SKU_05,bebidas,smooth,131.0,8.29,0,19.5
2024-10-01,SKU_05,bebidas,smooth,103.0,7.99,0,19.4
2024-10-02,SKU_05,bebidas,smooth,140.0,7.76,0,15.3
2024-10-03,SKU_05,bebidas,smooth,207.0,6.88,1,19.7
2024-10-04,SKU_05,bebidas,smooth,87.0,7.96,0,22.4
2024-10-05,SKU_05,bebidas,smooth,48.0,7.97,0,18.6
2024-10-06,SKU_05,bebidas,smooth,117.0,8.1,0,17.5
2024-10-07,SKU_05,bebidas,smooth,91.0,8.14,0,17.9
2024-10-08,SKU_05,bebidas,smooth,124.0,8.01,0,19.4
2024-10-09,SKU_05,bebidas,smooth,64.0,7.99,0,14.7
2024-10-10,SKU_05,bebidas,smooth,84.0,8.41,0,18.4
2024-10-11,SKU_05,bebidas,smooth,95.0,8.24,0,17.3
2024-10-12,SKU_05,bebidas,smooth,85.0,8.17,0,21.8
2024-10-13,SKU_05,bebidas,smooth,110.0,8.03,0,17.7
2024-10-14,SKU_05,bebidas,smooth,104.0,7.8,0,21.4
2024-10-15,SKU_05,bebidas,smooth,89.0,8.23,0,15.8
2024-10-16,SKU_05,bebidas,smooth,131.0,8.03,0,19.2
2024-10-17,SKU_05,bebidas,smooth,114.0,7.88,0,18.7
2024-10-18,SKU_05,bebidas,smooth,102.0,7.95,0,16.3
2024-10-19,SKU_05,bebidas,smooth,69.0,7.81,0,18.4
2024-10-20,SKU_05,bebidas,smooth,131.0,8.21,0,20.4
2024-10-21,SKU_05,bebidas,smooth,86.0,8.14,0,17.4
2024-10-22,SKU_05,bebidas,smooth,103.0,8.04,0,14.6
2024-10-23,SKU_05,bebidas,smooth,129.0,7.99,0,18.0
2024-10-24,SKU_05,bebidas,smooth,107.0,7.86,0,16.2
2024-10-25,SKU_05,bebidas,smooth,63.0,7.57,0,17.3
2024-10-26,SKU_05,bebidas,smooth,79.0,7.72,0,17.9
2024-10-27,SKU_05,bebidas,smooth,166.0,7.85,0,14.6
2024-10-28,SKU_05,bebidas,smooth,119.0,7.82,0,14.8
2024-10-29,SKU_05,bebidas,smooth,245.0,6.86,1,19.0
2024-10-30,SKU_05,bebidas,smooth,141.0,8.16,0,17.0
2024-10-31,SKU_05,bebidas,smooth,144.0,7.97,0,13.0
2024-11-01,SKU_05,bebidas,smooth,66.0,8.28,0,19.7
2024-11-02,SKU_05,bebidas,smooth,72.0,7.84,0,18.7
2024-11-03,SKU_05,bebidas,smooth,168.0,6.77,1,16.7
2024-11-04,SKU_05,bebidas,smooth,136.0,7.99,0,15.5
2024-11-05,SKU_05,bebidas,smooth,159.0,8.22,0,19.9
2024-11-06,SKU_05,bebidas,smooth,132.0,8.02,0,18.9
2024-11-07,SKU_05,bebidas,smooth,175.0,8.03,0,23.0
2024-11-08,SKU_05,bebidas,smooth,0.0,7.67,0,19.1
2024-11-09,SKU_05,bebidas,smooth,96.0,7.82,0,19.1
2024-11-10,SKU_05,bebidas,smooth,163.0,8.22,0,18.0
2024-11-11,SKU_05,bebidas,smooth,158.0,7.58,0,20.0
2024-11-12,SKU_05,bebidas,smooth,199.0,7.07,1,19.7
2024-11-13,SKU_05,bebidas,smooth,163.0,8.1,0,21.0
2024-11-14,SKU_05,bebidas,smooth,148.0,6.65,1,17.5
2024-11-15,SKU_05,bebidas,smooth,79.0,7.83,0,17.7
2024-11-16,SKU_05,bebidas,smooth,81.0,8.38,0,17.6
2024-11-17,SKU_05,bebidas,smooth,98.0,8.28,0,20.2
2024-11-18,SKU_05,bebidas,smooth,158.0,7.98,0,21.7
2024-11-19,SKU_05,bebidas,smooth,95.0,8.03,0,17.8
2024-11-20,SKU_05,bebidas,smooth,117.0,7.87,0,17.9
2024-11-21,SKU_05,bebidas,smooth,136.0,8.03,0,19.5
2024-11-22,SKU_05,bebidas,smooth,65.0,7.87,0,18.4
2024-11-23,SKU_05,bebidas,smooth,85.0,7.98,0,20.9
2024-11-24,SKU_05,bebidas,smooth,123.0,8.36,0,14.5
2024-11-25,SKU_05,bebidas,smooth,106.0,7.98,0,17.4
2024-11-26,SKU_05,bebidas,smooth,150.0,7.79,0,17.6
2024-11-27,SKU_05,bebidas,smooth,101.0,7.73,0,14.6
2024-11-28,SKU_05,bebidas,smooth,229.0,8.03,0,17.3
2024-11-29,SKU_05,bebidas,smooth,76.0,7.85,0,17.5
2024-11-30,SKU_05,bebidas,smooth,60.0,8.05,0,19.0
2024-12-01,SKU_05,bebidas,smooth,114.0,7.68,0,21.7
2024-12-02,SKU_05,bebidas,smooth,182.0,8.14,0,19.0
2024-12-03,SKU_05,bebidas,smooth,120.0,7.79,0,17.5
2024-12-04,SKU_05,bebidas,smooth,99.0,8.01,0,19.5
2024-12-05,SKU_05,bebidas,smooth,181.0,7.93,0,21.8
2024-12-06,SKU_05,bebidas,smooth,72.0,8.34,0,17.9
2024-12-07,SKU_05,bebidas,smooth,94.0,8.03,0,18.1
2024-12-08,SKU_05,bebidas,smooth,184.0,8.39,0,21.1
2024-12-09,SKU_05,bebidas,smooth,152.0,8.11,0,19.6
2024-12-10,SKU_05,bebidas,smooth,267.0,8.29,0,21.4
2024-12-11,SKU_05,bebidas,smooth,94.0,7.96,0,20.2
2024-12-12,SKU_05,bebidas,smooth,122.0,8.07,0,21.7
2024-12-13,SKU_05,bebidas,smooth,77.0,8.24,0,18.3
2024-12-14,SKU_05,bebidas,smooth,151.0,8.18,0,20.4
2024-12-15,SKU_05,bebidas,smooth,227.0,8.11,0,20.1
2024-12-16,SKU_05,bebidas,smooth,193.0,7.93,0,18.2
2024-12-17,SKU_05,bebidas,smooth,114.0,7.97,0,17.6
2024-12-18,SKU_05,bebidas,smooth,130.0,8.23,0,22.1
2024-12-19,SKU_05,bebidas,smooth,120.0,8.27,0,20.2
2024-12-20,SKU_05,bebidas,smooth,70.0,7.88,0,18.9
2024-12-21,SKU_05,bebidas,smooth,129.0,7.85,0,20.8
2024-12-22,SKU_05,bebidas,smooth,218.0,6.62,1,23.4
2024-12-23,SKU_05,bebidas,smooth,134.0,8.17,0,16.7
2024-12-24,SKU_05,bebidas,smooth,174.0,7.81,0,18.3
2024-12-25,SKU_05,bebidas,smooth,99.0,8.16,0,19.6
2024-12-26,SKU_05,bebidas,smooth,242.0,6.91,1,24.4
2024-12-27,SKU_05,bebidas,smooth,71.0,7.89,0,22.2
2024-12-28,SKU_05,bebidas,smooth,89.0,8.31,0,23.2
2024-12-29,SKU_05,bebidas,smooth,129.0,7.71,0,19.5
2024-12-30,SKU_05,bebidas,smooth,129.0,8.33,0,19.6
2023-01-01,SKU_06,higiene,erratic,82.0,9.98,0,22.6
2023-01-02,SKU_06,higiene,erratic,12.0,10.37,0,20.0
2023-01-03,SKU_06,higiene,erratic,334.0,8.41,1,23.7
2023-01-04,SKU_06,higiene,erratic,140.0,10.09,0,24.2
2023-01-05,SKU_06,higiene,erratic,46.0,10.2,0,18.5
2023-01-06,SKU_06,higiene,erratic,26.0,8.74,1,19.9
2023-01-07,SKU_06,higiene,erratic,11.0,10.26,0,22.8
2023-01-08,SKU_06,higiene,erratic,655.0,8.45,1,22.0
2023-01-09,SKU_06,higiene,erratic,31.0,10.0,0,22.7
2023-01-10,SKU_06,higiene,erratic,24.0,9.5,0,21.2
2023-01-11,SKU_06,higiene,erratic,81.0,9.96,0,24.7
2023-01-12,SKU_06,higiene,erratic,18.0,10.22,0,24.6
2023-01-13,SKU_06,higiene,erratic,18.0,10.18,0,23.3
2023-01-14,SKU_06,higiene,erratic,87.0,9.98,0,25.5
2023-01-15,SKU_06,higiene,erratic,139.0,8.84,1,24.3
2023-01-16,SKU_06,higiene,erratic,49.0,9.92,0,21.8
2023-01-17,SKU_06,higiene,erratic,0.0,9.86,0,24.3
2023-01-18,SKU_06,higiene,erratic,47.0,9.91,0,21.8
2023-01-19,SKU_06,higiene,erratic,64.0,9.78,0,25.6
2023-01-20,SKU_06,higiene,erratic,22.0,10.12,0,23.8
2023-01-21,SKU_06,higiene,erratic,25.0,10.06,0,23.6
2023-01-22,SKU_06,higiene,erratic,42.0,10.12,0,22.7
2023-01-23,SKU_06,higiene,erratic,38.0,9.92,0,26.7
2023-01-24,SKU_06,higiene,erratic,157.0,9.99,0,24.0
2023-01-25,SKU_06,higiene,erratic,127.0,9.56,0,23.6
2023-01-26,SKU_06,higiene,erratic,32.0,10.08,0,23.8
2023-01-27,SKU_06,higiene,erratic,16.0,10.02,0,25.7
2023-01-28,SKU_06,higiene,erratic,36.0,9.78,0,25.5
2023-01-29,SKU_06,higiene,erratic,389.0,9.98,0,25.6
2023-01-30,SKU_06,higiene,erratic,30.0,9.95,0,25.8
2023-01-31,SKU_06,higiene,erratic,61.0,10.35,0,29.3
2023-02-01,SKU_06,higiene,erratic,75.0,9.79,0,24.3
2023-02-02,SKU_06,higiene,erratic,64.0,10.07,0,24.2
2023-02-03,SKU_06,higiene,erratic,42.0,8.28,1,23.7
2023-02-04,SKU_06,higiene,erratic,151.0,8.39,1,26.7
2023-02-05,SKU_06,higiene,erratic,101.0,10.06,0,27.8
2023-02-06,SKU_06,higiene,erratic,202.0,8.46,1,25.4
2023-02-07,SKU_06,higiene,erratic,113.0,10.0,0,24.1
2023-02-08,SKU_06,higiene,erratic,145.0,10.07,0,24.2
2023-02-09,SKU_06,higiene,erratic,252.0,9.9,0,27.2
2023-02-10,SKU_06,higiene,erratic,122.0,10.18,0,27.5
2023-02-11,SKU_06,higiene,erratic,271.0,9.94,0,27.2
2023-02-12,SKU_06,higiene,erratic,189.0,9.98,0,24.9
2023-02-13,SKU_06,higiene,erratic,42.0,10.07,0,26.8
2023-02-14,SKU_06,higiene,erratic,141.0,10.05,0,26.6
2023-02-15,SKU_06,higiene,erratic,127.0,10.13,0,26.9
2023-02-16,SKU_06,higiene,erratic,335.0,10.06,0,28.3
2023-02-17,SKU_06,higiene,erratic,20.0,10.09,0,27.1
2023-02-18,SKU_06,higiene,erratic,67.0,9.93,0,28.1
2023-02-19,SKU_06,higiene,erratic,42.0,9.79,0,27.0
2023-02-20,SKU_06,higiene,erratic,158.0,8.21,1,27.5
2023-02-21,SKU_06,higiene,erratic,88.0,8.17,1,28.3
2023-02-22,SKU_06,higiene,erratic,107.0,10.35,0,24.2
2023-02-23,SKU_06,higiene,erratic,24.0,9.56,0,26.6
2023-02-24,SKU_06,higiene,erratic,82.0,10.24,0,26.4
2023-02-25,SKU_06,higiene,erratic,51.0,9.84,0,26.1
2023-02-26,SKU_06,higiene,erratic,83.0,10.24,0,26.9
2023-02-27,SKU_06,higiene,erratic,351.0,9.56,0,30.6
2023-02-28,SKU_06,higiene,erratic,54.0,9.95,0,25.9
2023-03-01,SKU_06,higiene,erratic,97.0,10.29,0,29.7
2023-03-02,SKU_06,higiene,erratic,0.0,8.64,1,24.4
2023-03-03,SKU_06,higiene,erratic,51.0,9.93,0,27.2
2023-03-04,SKU_06,higiene,erratic,260.0,9.61,0,28.3
2023-03-05,SKU_06,higiene,erratic,78.0,9.74,0,29.2
2023-03-06,SKU_06,higiene,erratic,47.0,10.28,0,29.5
2023-03-07,SKU_06,higiene,erratic,483.0,8.43,1,29.8
2023-03-08,SKU_06,higiene,erratic,58.0,9.99,0,27.6
2023-03-09,SKU_06,higiene,erratic,0.0,10.06,0,27.4
2023-03-10,SKU_06,higiene,erratic,24.0,9.74,0,30.1
2023-03-11,SKU_06,higiene,erratic,16.0,10.08,0,28.1
2023-03-12,SKU_06,higiene,erratic,18.0,9.92,0,26.0
2023-03-13,SKU_06,higiene,erratic,56.0,10.06,0,26.3
2023-03-14,SKU_06,higiene,erratic,71.0,9.88,0,26.8
2023-03-15,SKU_06,higiene,erratic,193.0,9.69,0,29.7
2023-03-16,SKU_06,higiene,erratic,124.0,9.91,0,29.1
2023-03-17,SKU_06,higiene,erratic,71.0,10.13,0,30.3
2023-03-18,SKU_06,higiene,erratic,22.0,10.08,0,28.1
2023-03-19,SKU_06,higiene,erratic,153.0,10.01,0,29.3
2023-03-20,SKU_06,higiene,erratic,230.0,10.18,0,30.3
2023-03-21,SKU_06,higiene,erratic,104.0,9.96,0,28.5
2023-03-22,SKU_06,higiene,erratic,154.0,8.51,1,30.1
2023-03-23,SKU_06,higiene,erratic,27.0,9.9,0,27.9
2023-03-24,SKU_06,higiene,erratic,104.0,10.19,0,28.5
2023-03-25,SKU_06,higiene,erratic,187.0,10.06,0,28.5
2023-03-26,SKU_06,higiene,erratic,98.0,9.89,0,27.0
2023-03-27,SKU_06,higiene,erratic,47.0,9.7,0,30.4
2023-03-28,SKU_06,higiene,erratic,67.0,10.22,0,28.5
2023-03-29,SKU_06,higiene,erratic,54.0,9.85,0,29.5
2023-03-30,SKU_06,higiene,erratic,57.0,10.01,0,30.5
2023-03-31,SKU_06,higiene,erratic,0.0,10.47,0,30.5
2023-04-01,SKU_06,higiene,erratic,56.0,10.16,0,30.9
2023-04-02,SKU_06,higiene,erratic,170.0,10.32,0,29.4
2023-04-03,SKU_06,higiene,erratic,102.0,9.89,0,28.8
2023-04-04,SKU_06,higiene,erratic,38.0,10.21,0,29.5
2023-04-05,SKU_06,higiene,erratic,51.0,10.01,0,26.4
2023-04-06,SKU_06,higiene,erratic,48.0,10.07,0,26.9
2023-04-07,SKU_06,higiene,erratic,0.0,10.4,0,27.1
2023-04-08,SKU_06,higiene,erratic,190.0,9.94,0,27.8
2023-04-09,SKU_06,higiene,erratic,365.0,10.0,0,30.6
2023-04-10,SKU_06,higiene,erratic,149.0,9.82,0,28.1
2023-04-11,SKU_06,higiene,erratic,84.0,10.18,0,29.1
2023-04-12,SKU_06,higiene,erratic,26.0,9.89,0,32.5
2023-04-13,SKU_06,higiene,erratic,91.0,10.2,0,29.2
2023-04-14,SKU_06,higiene,erratic,24.0,9.67,0,31.4
2023-04-15,SKU_06,higiene,erratic,166.0,10.11,0,28.1
2023-04-16,SKU_06,higiene,erratic,21.0,9.87,0,29.6
2023-04-17,SKU_06,higiene,erratic,104.0,10.15,0,28.1
2023-04-18,SKU_06,higiene,erratic,0.0,10.0,0,29.3
2023-04-19,SKU_06,higiene,erratic,76.0,9.89,0,31.7
2023-04-20,SKU_06,higiene,erratic,130.0,9.92,0,26.5
2023-04-21,SKU_06,higiene,erratic,0.0,9.83,0,30.9
2023-04-22,SKU_06,higiene,erratic,62.0,8.67,1,30.5
2023-04-23,SKU_06,higiene,erratic,140.0,9.79,0,28.8
2023-04-24,SKU_06,higiene,erratic,45.0,9.95,0,27.1
2023-04-25,SKU_06,higiene,erratic,92.0,10.07,0,30.1
2023-04-26,SKU_06,higiene,erratic,170.0,10.32,0,28.9
2023-04-27,SKU_06,higiene,erratic,99.0,10.0,0,30.4
2023-04-28,SKU_06,higiene,erratic,29.0,9.95,0,30.0
2023-04-29,SKU_06,higiene,erratic,36.0,10.05,0,33.2
2023-04-30,SKU_06,higiene,erratic,171.0,9.59,0,29.5
2023-05-01,SKU_06,higiene,erratic,32.0,9.76,0,27.9
2023-05-02,SKU_06,higiene,erratic,35.0,9.92,0,30.3
2023-05-03,SKU_06,higiene,erratic,122.0,9.86,0,30.3
2023-05-04,SKU_06,higiene,erratic,53.0,9.68,0,32.6
2023-05-05,SKU_06,higiene,erratic,14.0,10.17,0,31.5
2023-05-06,SKU_06,higiene,erratic,132.0,10.05,0,30.5
2023-05-07,SKU_06,higiene,erratic,31.0,10.03,0,32.7
2023-05-08,SKU_06,higiene,erratic,64.0,9.86,0,27.4
2023-05-09,SKU_06,higiene,erratic,46.0,10.02,0,28.5
2023-05-10,SKU_06,higiene,erratic,0.0,10.1,0,27.9
2023-05-11,SKU_06,higiene,erratic,37.0,9.95,0,28.9
2023-05-12,SKU_06,higiene,erratic,79.0,10.09,0,26.9
2023-05-13,SKU_06,higiene,erratic,48.0,9.84,0,30.9
2023-05-14,SKU_06,higiene,erratic,165.0,10.02,0,29.1
2023-05-15,SKU_06,higiene,erratic,46.0,10.23,0,26.6
2023-05-16,SKU_06,higiene,erratic,413.0,10.25,0,27.5
2023-05-17,SKU_06,higiene,erratic,16.0,10.27,0,30.1
2023-05-18,SKU_06,higiene,erratic,0.0,10.06,0,31.1
2023-05-19,SKU_06,higiene,erratic,179.0,10.01,0,33.4
2023-05-20,SKU_06,higiene,erratic,64.0,9.91,0,35.2
2023-05-21,SKU_06,higiene,erratic,97.0,9.64,0,30.1
2023-05-22,SKU_06,higiene,erratic,105.0,9.73,0,27.3
2023-05-23,SKU_06,higiene,erratic,170.0,8.47,1,24.9
2023-05-24,SKU_06,higiene,erratic,94.0,9.98,0,29.7
2023-05-25,SKU_06,higiene,erratic,34.0,10.28,0,27.4
2023-05-26,SKU_06,higiene,erratic,84.0,10.26,0,28.2
2023-05-27,SKU_06,higiene,erratic,74.0,9.86,0,27.7
2023-05-28,SKU_06,higiene,erratic,231.0,10.16,0,28.6
2023-05-29,SKU_06,higiene,erratic,301.0,9.9,0,31.0
2023-05-30,SKU_06,higiene,erratic,95.0,10.14,0,29.1
2023-05-31,SKU_06,higiene,erratic,27.0,10.16,0,28.4
2023-06-01,SKU_06,higiene,erratic,302.0,10.25,0,26.6
2023-06-02,SKU_06,higiene,erratic,19.0,9.9,0,25.2
2023-06-03,SKU_06,higiene,erratic,56.0,10.2,0,27.5
2023-06-04,SKU_06,higiene,erratic,59.0,9.63,0,28.3
2023-06-05,SKU_06,higiene,erratic,51.0,10.26,0,31.9
2023-06-06,SKU_06,higiene,erratic,193.0,8.49,1,28.6
2023-06-07,SKU_06,higiene,erratic,88.0,10.0,0,30.2
2023-06-08,SKU_06,higiene,erratic,109.0,9.59,0,27.2
2023-06-09,SKU_06,higiene,erratic,22.0,9.92,0,25.7
2023-06-10,SKU_06,higiene,erratic,37.0,10.27,0,26.1
2023-06-11,SKU_06,higiene,erratic,0.0,9.91,0,26.5
2023-06-12,SKU_06,higiene,erratic,61.0,10.14,0,32.1
2023-06-13,SKU_06,higiene,erratic,65.0,10.01,0,26.1
2023-06-14,SKU_06,higiene,erratic,312.0,10.21,0,29.4
2023-06-15,SKU_06,higiene,erratic,58.0,10.04,0,25.8
2023-06-16,SKU_06,higiene,erratic,8.0,9.81,0,29.4
2023-06-17,SKU_06,higiene,erratic,128.0,10.01,0,28.2
2023-06-18,SKU_06,higiene,erratic,101.0,10.32,0,27.0
2023-06-19,SKU_06,higiene,erratic,63.0,10.1,0,27.2
2023-06-20,SKU_06,higiene,erratic,0.0,9.98,0,25.9
2023-06-21,SKU_06,higiene,erratic,33.0,10.45,0,28.0
2023-06-22,SKU_06,higiene,erratic,331.0,10.23,0,26.1
2023-06-23,SKU_06,higiene,erratic,43.0,10.16,0,24.5
2023-06-24,SKU_06,higiene,erratic,10.0,10.06,0,24.3
2023-06-25,SKU_06,higiene,erratic,91.0,10.15,0,27.1
2023-06-26,SKU_06,higiene,erratic,183.0,10.15,0,29.8
2023-06-27,SKU_06,higiene,erratic,0.0,9.56,0,26.9
2023-06-28,SKU_06,higiene,erratic,34.0,10.08,0,26.2
2023-06-29,SKU_06,higiene,erratic,31.0,9.97,0,26.9
2023-06-30,SKU_06,higiene,erratic,19.0,9.9,0,28.9
2023-07-01,SKU_06,higiene,erratic,138.0,9.96,0,26.6
2023-07-02,SKU_06,higiene,erratic,65.0,9.69,0,25.3
2023-07-03,SKU_06,higiene,erratic,18.0,9.64,0,28.2
2023-07-04,SKU_06,higiene,erratic,93.0,10.25,0,26.7
2023-07-05,SKU_06,higiene,erratic,76.0,10.09,0,28.9
2023-07-06,SKU_06,higiene,erratic,0.0,9.52,0,26.0
2023-07-07,SKU_06,higiene,erratic,18.0,9.88,0,23.1
2023-07-08,SKU_06,higiene,erratic,17.0,10.18,0,22.7
2023-07-09,SKU_06,higiene,erratic,161.0,9.94,0,28.7
2023-07-10,SKU_06,higiene,erratic,82.0,10.25,0,28.7
2023-07-11,SKU_06,higiene,erratic,99.0,10.21,0,24.8
2023-07-12,SKU_06,higiene,erratic,82.0,9.73,0,24.3
2023-07-13,SKU_06,higiene,erratic,87.0,9.97,0,27.9
2023-07-14,SKU_06,higiene,erratic,27.0,9.91,0,22.7
2023-07-15,SKU_06,higiene,erratic,33.0,9.72,0,23.0
2023-07-16,SKU_06,higiene,erratic,169.0,9.71,0,26.0
2023-07-17,SKU_06,higiene,erratic,206.0,9.84,0,23.8
2023-07-18,SKU_06,higiene,erratic,25.0,9.87,0,24.5
2023-07-19,SKU_06,higiene,erratic,56.0,10.06,0,24.0
2023-07-20,SKU_06,higiene,erratic,129.0,10.21,0,24.9
2023-07-21,SKU_06,higiene,erratic,176.0,10.1,0,27.0
2023-07-22,SKU_06,higiene,erratic,162.0,10.15,0,24.2
2023-07-23,SKU_06,higiene,erratic,0.0,9.95,0,25.2
2023-07-24,SKU_06,higiene,erratic,181.0,10.12,0,19.7
2023-07-25,SKU_06,higiene,erratic,68.0,9.97,0,23.6
2023-07-26,SKU_06,higiene,erratic,150.0,9.91,0,22.0
2023-07-27,SKU_06,higiene,erratic,122.0,10.38,0,21.1
2023-07-28,SKU_06,higiene,erratic,14.0,9.53,0,21.7
2023-07-29,SKU_06,higiene,erratic,59.0,9.63,0,22.7
2023-07-30,SKU_06,higiene,erratic,144.0,10.08,0,25.1
2023-07-31,SKU_06,higiene,erratic,91.0,8.45,1,20.5
2023-08-01,SKU_06,higiene,erratic,53.0,9.71,0,23.1
2023-08-02,SKU_06,higiene,erratic,0.0,9.79,0,22.0
2023-08-03,SKU_06,higiene,erratic,111.0,9.82,0,22.2
2023-08-04,SKU_06,higiene,erratic,45.0,10.18,0,24.7
2023-08-05,SKU_06,higiene,erratic,18.0,10.24,0,23.7
2023-08-06,SKU_06,higiene,erratic,49.0,10.33,0,25.2
2023-08-07,SKU_06,higiene,erratic,72.0,9.68,0,22.1
2023-08-08,SKU_06,higiene,erratic,40.0,9.73,0,20.9
2023-08-09,SKU_06,higiene,erratic,63.0,9.71,0,21.8
2023-08-10,SKU_06,higiene,erratic,15.0,10.26,0,22.6
2023-08-11,SKU_06,higiene,erratic,110.0,10.08,0,22.4
2023-08-12,SKU_06,higiene,erratic,38.0,10.02,0,19.8
2023-08-13,SKU_06,higiene,erratic,26.0,10.05,0,22.0
2023-08-14,SKU_06,higiene,erratic,9.0,9.99,0,22.2
2023-08-15,SKU_06,higiene,erratic,143.0,9.78,0,26.7
2023-08-16,SKU_06,higiene,erratic,142.0,8.6,1,25.3
2023-08-17,SKU_06,higiene,erratic,74.0,9.96,0,19.7
2023-08-18,SKU_06,higiene,erratic,73.0,9.76,0,20.8
2023-08-19,SKU_06,higiene,erratic,73.0,10.11,0,18.3
2023-08-20,SKU_06,higiene,erratic,72.0,9.91,0,20.0
2023-08-21,SKU_06,higiene,erratic,50.0,10.05,0,21.7
2023-08-22,SKU_06,higiene,erratic,44.0,9.98,0,23.4
2023-08-23,SKU_06,higiene,erratic,86.0,10.18,0,19.4
2023-08-24,SKU_06,higiene,erratic,189.0,10.04,0,19.5
2023-08-25,SKU_06,higiene,erratic,33.0,9.82,0,16.4
2023-08-26,SKU_06,higiene,erratic,173.0,8.56,1,20.3
2023-08-27,SKU_06,higiene,erratic,83.0,10.07,0,18.4
2023-08-28,SKU_06,higiene,erratic,83.0,10.1,0,19.4
2023-08-29,SKU_06,higiene,erratic,610.0,8.71,1,18.6
2023-08-30,SKU_06,higiene,erratic,230.0,9.88,0,20.1
2023-08-31,SKU_06,higiene,erratic,234.0,10.13,0,16.7
2023-09-01,SKU_06,higiene,erratic,19.0,9.66,0,17.2
2023-09-02,SKU_06,higiene,erratic,209.0,9.98,0,24.3
2023-09-03,SKU_06,higiene,erratic,57.0,9.95,0,17.4
2023-09-04,SKU_06,higiene,erratic,51.0,10.29,0,17.7
2023-09-05,SKU_06,higiene,erratic,11.0,9.97,0,23.5
2023-09-06,SKU_06,higiene,erratic,0.0,10.12,0,25.6
2023-09-07,SKU_06,higiene,erratic,25.0,9.65,0,17.4
2023-09-08,SKU_06,higiene,erratic,50.0,9.93,0,18.9
2023-09-09,SKU_06,higiene,erratic,14.0,9.83,0,20.2
2023-09-10,SKU_06,higiene,erratic,255.0,10.5,0,22.9
2023-09-11,SKU_06,higiene,erratic,94.0,9.87,0,17.4
2023-09-12,SKU_06,higiene,erratic,0.0,10.01,0,18.9
2023-09-13,SKU_06,higiene,erratic,27.0,10.03,0,20.8
2023-09-14,SKU_06,higiene,erratic,209.0,9.68,0,20.1
2023-09-15,SKU_06,higiene,erratic,8.0,9.89,0,18.4
2023-09-16,SKU_06,higiene,erratic,61.0,8.58,1,18.8
2023-09-17,SKU_06,higiene,erratic,0.0,10.02,0,16.3
2023-09-18,SKU_06,higiene,erratic,42.0,9.54,0,18.5
2023-09-19,SKU_06,higiene,erratic,40.0,9.89,0,18.4
2023-09-20,SKU_06,higiene,erratic,29.0,10.2,0,19.3
2023-09-21,SKU_06,higiene,erratic,0.0,10.12,0,17.7
2023-09-22,SKU_06,higiene,erratic,25.0,10.24,0,19.7
2023-09-23,SKU_06,higiene,erratic,39.0,9.8,0,20.7
2023-09-24,SKU_06,higiene,erratic,153.0,10.26,0,19.0
2023-09-25,SKU_06,higiene,erratic,76.0,9.99,0,19.3
2023-09-26,SKU_06,higiene,erratic,153.0,10.32,0,18.7
2023-09-27,SKU_06,higiene,erratic,18.0,10.0,0,18.5
2023-09-28,SKU_06,higiene,erratic,42.0,9.59,0,17.1
2023-09-29,SKU_06,higiene,erratic,0.0,10.17,0,19.1
2023-09-30,SKU_06,higiene,erratic,47.0,9.91,0,18.2
2023-10-01,SKU_06,higiene,erratic,30.0,9.92,0,22.6
2023-10-02,SKU_06,higiene,erratic,0.0,9.71,0,21.5
2023-10-03,SKU_06,higiene,erratic,39.0,10.32,0,19.1
2023-10-04,SKU_06,higiene,erratic,32.0,9.9,0,16.8
2023-10-05,SKU_06,higiene,erratic,0.0,10.32,0,16.0
2023-10-06,SKU_06,higiene,erratic,36.0,9.91,0,20.6
2023-10-07,SKU_06,higiene,erratic,23.0,9.81,0,18.7
2023-10-08,SKU_06,higiene,erratic,39.0,10.26,0,19.1
2023-10-09,SKU_06,higiene,erratic,26.0,9.99,0,14.7
2023-10-10,SKU_06,higiene,erratic,44.0,9.99,0,20.0
2023-10-11,SKU_06,higiene,erratic,146.0,9.74,0,19.0
2023-10-12,SKU_06,higiene,erratic,107.0,8.41,1,15.9
2023-10-13,SKU_06,higiene,erratic,77.0,10.09,0,17.1
2023-10-14,SKU_06,higiene,erratic,54.0,9.74,0,18.6
2023-10-15,SKU_06,higiene,erratic,37.0,9.89,0,18.1
2023-10-16,SKU_06,higiene,erratic,0.0,9.92,0,17.4
2023-10-17,SKU_06,higiene,erratic,29.0,10.01,0,17.8
2023-10-18,SKU_06,higiene,erratic,36.0,10.3,0,17.5
2023-10-19,SKU_06,higiene,erratic,33.0,9.94,0,18.3
2023-10-20,SKU_06,higiene,erratic,79.0,9.86,0,20.9
2023-10-21,SKU_06,higiene,erratic,79.0,10.55,0,12.9
2023-10-22,SKU_06,higiene,erratic,361.0,9.91,0,17.5
2023-10-23,SKU_06,higiene,erratic,33.0,9.96,0,18.4
2023-10-24,SKU_06,higiene,erratic,221.0,9.93,0,18.6
2023-10-25,SKU_06,higiene,erratic,220.0,9.94,0,17.3
2023-10-26,SKU_06,higiene,erratic,51.0,10.02,0,14.5
2023-10-27,SKU_06,higiene,erratic,53.0,10.18,0,18.7
2023-10-28,SKU_06,higiene,erratic,99.0,10.08,0,21.5
2023-10-29,SKU_06,higiene,erratic,59.0,10.22,0,15.0
2023-10-30,SKU_06,higiene,erratic,56.0,10.21,0,19.8
2023-10-31,SKU_06,higiene,erratic,38.0,10.04,0,17.4
2023-11-01,SKU_06,higiene,erratic,9.0,10.08,0,18.0
2023-11-02,SKU_06,higiene,erratic,66.0,10.22,0,16.0
2023-11-03,SKU_06,higiene,erratic,21.0,9.78,0,17.5
2023-11-04,SKU_06,higiene,erratic,16.0,10.5,0,20.8
2023-11-05,SKU_06,higiene,erratic,128.0,8.4,1,19.3
2023-11-06,SKU_06,higiene,erratic,20.0,9.93,0,21.7
2023-11-07,SKU_06,higiene,erratic,120.0,9.76,0,20.6
2023-11-08,SKU_06,higiene,erratic,93.0,9.76,0,19.1
2023-11-09,SKU_06,higiene,erratic,46.0,10.19,0,21.8
2023-11-10,SKU_06,higiene,erratic,36.0,10.45,0,19.2
2023-11-11,SKU_06,higiene,erratic,0.0,9.89,0,20.0
2023-11-12,SKU_06,higiene,erratic,116.0,10.07,0,17.8
2023-11-13,SKU_06,higiene,erratic,74.0,10.04,0,18.6
2023-11-14,SKU_06,higiene,erratic,79.0,10.2,0,17.1
2023-11-15,SKU_06,higiene,erratic,96.0,10.44,0,20.5
2023-11-16,SKU_06,higiene,erratic,38.0,10.3,0,16.2
2023-11-17,SKU_06,higiene,erratic,11.0,9.95,0,20.2
2023-11-18,SKU_06,higiene,erratic,82.0,10.11,0,18.3
2023-11-19,SKU_06,higiene,erratic,112.0,10.13,0,21.0
2023-11-20,SKU_06,higiene,erratic,42.0,10.0,0,20.2
2023-11-21,SKU_06,higiene,erratic,90.0,9.78,0,22.4
2023-11-22,SKU_06,higiene,erratic,179.0,9.84,0,20.3
2023-11-23,SKU_06,higiene,erratic,163.0,10.23,0,15.8
2023-11-24,SKU_06,higiene,erratic,25.0,10.25,0,18.8
2023-11-25,SKU_06,higiene,erratic,12.0,9.96,0,16.7
2023-11-26,SKU_06,higiene,erratic,23.0,10.05,0,18.0
2023-11-27,SKU_06,higiene,erratic,51.0,10.24,0,22.2
2023-11-28,SKU_06,higiene,erratic,214.0,9.66,0,20.5
2023-11-29,SKU_06,higiene,erratic,37.0,9.91,0,17.9
2023-11-30,SKU_06,higiene,erratic,0.0,10.4,0,17.3
2023-12-01,SKU_06,higiene,erratic,24.0,10.06,0,19.4
2023-12-02,SKU_06,higiene,erratic,26.0,9.77,0,17.0
2023-12-03,SKU_06,higiene,erratic,67.0,10.02,0,18.2
2023-12-04,SKU_06,higiene,erratic,24.0,10.2,0,20.2
2023-12-05,SKU_06,higiene,erratic,161.0,9.49,0,22.0
2023-12-06,SKU_06,higiene,erratic,60.0,10.04,0,20.9
2023-12-07,SKU_06,higiene,erratic,719.0,8.43,1,15.2
2023-12-08,SKU_06,higiene,erratic,16.0,9.67,0,20.5
2023-12-09,SKU_06,higiene,erratic,145.0,10.02,0,20.1
2023-12-10,SKU_06,higiene,erratic,209.0,9.97,0,20.9
2023-12-11,SKU_06,higiene,erratic,49.0,10.0,0,23.3
2023-12-12,SKU_06,higiene,erratic,50.0,9.93,0,16.1
2023-12-13,SKU_06,higiene,erratic,33.0,9.8,0,19.1
2023-12-14,SKU_06,higiene,erratic,33.0,9.71,0,21.5
2023-12-15,SKU_06,higiene,erratic,41.0,9.86,0,17.3
2023-12-16,SKU_06,higiene,erratic,42.0,10.17,0,23.5
2023-12-17,SKU_06,higiene,erratic,19.0,10.05,0,21.3
2023-12-18,SKU_06,higiene,erratic,441.0,9.99,0,22.4
2023-12-19,SKU_06,higiene,erratic,57.0,9.79,0,19.6
2023-12-20,SKU_06,higiene,erratic,74.0,9.93,0,22.5
2023-12-21,SKU_06,higiene,erratic,43.0,10.15,0,23.1
2023-12-22,SKU_06,higiene,erratic,49.0,8.6,1,21.5
2023-12-23,SKU_06,higiene,erratic,32.0,9.9,0,21.6
2023-12-24,SKU_06,higiene,erratic,71.0,9.48,0,21.8
2023-12-25,SKU_06,higiene,erratic,71.0,9.87,0,19.6
2023-12-26,SKU_06,higiene,erratic,137.0,9.9,0,21.1
2023-12-27,SKU_06,higiene,erratic,86.0,9.82,0,21.2
2023-12-28,SKU_06,higiene,erratic,127.0,9.92,0,22.4
2023-12-29,SKU_06,higiene,erratic,42.0,10.16,0,23.7
2023-12-30,SKU_06,higiene,erratic,0.0,9.99,0,19.7
2023-12-31,SKU_06,higiene,erratic,60.0,10.2,0,21.6
2024-01-01,SKU_06,higiene,erratic,163.0,9.7,0,24.9
2024-01-02,SKU_06,higiene,erratic,95.0,9.94,0,20.6
2024-01-03,SKU_06,higiene,erratic,65.0,9.61,0,20.5
2024-01-04,SKU_06,higiene,erratic,63.0,9.91,0,22.7
2024-01-05,SKU_06,higiene,erratic,40.0,9.79,0,24.1
2024-01-06,SKU_06,higiene,erratic,45.0,10.26,0,22.5
2024-01-07,SKU_06,higiene,erratic,71.0,10.08,0,25.2
2024-01-08,SKU_06,higiene,erratic,48.0,10.2,0,24.4
2024-01-09,SKU_06,higiene,erratic,138.0,9.91,0,24.5
2024-01-10,SKU_06,higiene,erratic,146.0,9.8,0,24.0
2024-01-11,SKU_06,higiene,erratic,315.0,9.79,0,27.6
2024-01-12,SKU_06,higiene,erratic,27.0,10.05,0,22.7
2024-01-13,SKU_06,higiene,erratic,76.0,10.36,0,19.2
2024-01-14,SKU_06,higiene,erratic,23.0,8.58,1,26.5
2024-01-15,SKU_06,higiene,erratic,0.0,9.93,0,22.5
2024-01-16,SKU_06,higiene,erratic,24.0,9.96,0,23.7
2024-01-17,SKU_06,higiene,erratic,35.0,9.99,0,26.2
2024-01-18,SKU_06,higiene,erratic,100.0,10.41,0,20.5
2024-01-19,SKU_06,higiene,erratic,28.0,10.25,0,21.3
2024-01-20,SKU_06,higiene,erratic,25.0,10.05,0,20.7
2024-01-21,SKU_06,higiene,erratic,52.0,10.02,0,22.4
2024-01-22,SKU_06,higiene,erratic,139.0,10.06,0,25.0
2024-01-23,SKU_06,higiene,erratic,37.0,10.1,0,25.3
2024-01-24,SKU_06,higiene,erratic,75.0,9.92,0,24.9
2024-01-25,SKU_06,higiene,erratic,58.0,9.83,0,21.6
2024-01-26,SKU_06,higiene,erratic,89.0,10.21,0,19.9
2024-01-27,SKU_06,higiene,erratic,0.0,10.0,0,24.7
2024-01-28,SKU_06,higiene,erratic,18.0,10.19,0,23.8
2024-01-29,SKU_06,higiene,erratic,183.0,10.33,0,25.7
2024-01-30,SKU_06,higiene,erratic,49.0,10.1,0,26.3
2024-01-31,SKU_06,higiene,erratic,139.0,8.57,1,25.3
2024-02-01,SKU_06,higiene,erratic,0.0,9.14,1,26.6
2024-02-02,SKU_06,higiene,erratic,91.0,8.54,1,25.7
2024-02-03,SKU_06,higiene,erratic,365.0,9.78,0,26.4
2024-02-04,SKU_06,higiene,erratic,89.0,9.94,0,24.0
2024-02-05,SKU_06,higiene,erratic,81.0,8.81,1,25.2
2024-02-06,SKU_06,higiene,erratic,67.0,9.74,0,26.0
2024-02-07,SKU_06,higiene,erratic,25.0,9.85,0,27.4
2024-02-08,SKU_06,higiene,erratic,258.0,10.22,0,25.0
2024-02-09,SKU_06,higiene,erratic,62.0,9.95,0,27.0
2024-02-10,SKU_06,higiene,erratic,0.0,9.98,0,25.5
2024-02-11,SKU_06,higiene,erratic,36.0,10.21,0,25.9
2024-02-12,SKU_06,higiene,erratic,83.0,9.86,0,27.9
2024-02-13,SKU_06,higiene,erratic,173.0,9.71,0,22.3
2024-02-14,SKU_06,higiene,erratic,33.0,9.72,0,23.8
2024-02-15,SKU_06,higiene,erratic,200.0,10.12,0,23.5
2024-02-16,SKU_06,higiene,erratic,45.0,10.05,0,21.9
2024-02-17,SKU_06,higiene,erratic,23.0,9.86,0,25.3
2024-02-18,SKU_06,higiene,erratic,57.0,9.77,0,28.3
2024-02-19,SKU_06,higiene,erratic,336.0,9.95,0,26.3
2024-02-20,SKU_06,higiene,erratic,27.0,10.22,0,27.4
2024-02-21,SKU_06,higiene,erratic,46.0,9.83,0,29.2
2024-02-22,SKU_06,higiene,erratic,179.0,9.87,0,29.8
2024-02-23,SKU_06,higiene,erratic,59.0,9.76,0,27.1
2024-02-24,SKU_06,higiene,erratic,0.0,9.93,0,30.0
2024-02-25,SKU_06,higiene,erratic,181.0,10.07,0,27.6
2024-02-26,SKU_06,higiene,erratic,189.0,10.42,0,25.8
2024-02-27,SKU_06,higiene,erratic,109.0,10.04,0,26.4
2024-02-28,SKU_06,higiene,erratic,51.0,9.99,0,24.7
2024-02-29,SKU_06,higiene,erratic,0.0,10.17,0,26.0
2024-03-01,SKU_06,higiene,erratic,0.0,10.14,0,27.1
2024-03-02,SKU_06,higiene,erratic,17.0,9.88,0,29.5
2024-03-03,SKU_06,higiene,erratic,0.0,10.46,0,31.4
2024-03-04,SKU_06,higiene,erratic,331.0,10.0,0,25.3
2024-03-05,SKU_06,higiene,erratic,70.0,10.05,0,28.9
2024-03-06,SKU_06,higiene,erratic,113.0,10.11,0,26.1
2024-03-07,SKU_06,higiene,erratic,220.0,10.07,0,29.2
2024-03-08,SKU_06,higiene,erratic,241.0,10.31,0,28.1
2024-03-09,SKU_06,higiene,erratic,175.0,9.88,0,24.8
2024-03-10,SKU_06,higiene,erratic,21.0,10.16,0,30.3
2024-03-11,SKU_06,higiene,erratic,66.0,10.03,0,27.3
2024-03-12,SKU_06,higiene,erratic,128.0,10.2,0,27.5
2024-03-13,SKU_06,higiene,erratic,58.0,9.96,0,26.5
2024-03-14,SKU_06,higiene,erratic,358.0,9.93,0,27.4
2024-03-15,SKU_06,higiene,erratic,187.0,10.15,0,29.7
2024-03-16,SKU_06,higiene,erratic,0.0,10.07,0,28.5
2024-03-17,SKU_06,higiene,erratic,75.0,9.84,0,29.6
2024-03-18,SKU_06,higiene,erratic,47.0,10.27,0,29.7
2024-03-19,SKU_06,higiene,erratic,74.0,10.15,0,31.7
2024-03-20,SKU_06,higiene,erratic,104.0,8.49,1,28.4
2024-03-21,SKU_06,higiene,erratic,268.0,8.41,1,26.2
2024-03-22,SKU_06,higiene,erratic,25.0,10.07,0,31.3
2024-03-23,SKU_06,higiene,erratic,6.0,10.13,0,28.6
2024-03-24,SKU_06,higiene,erratic,24.0,9.68,0,31.5
2024-03-25,SKU_06,higiene,erratic,38.0,10.08,0,30.1
2024-03-26,SKU_06,higiene,erratic,51.0,10.13,0,29.1
2024-03-27,SKU_06,higiene,erratic,101.0,9.53,0,30.1
2024-03-28,SKU_06,higiene,erratic,0.0,10.04,0,33.4
2024-03-29,SKU_06,higiene,erratic,19.0,10.14,0,33.7
2024-03-30,SKU_06,higiene,erratic,24.0,10.12,0,29.7
2024-03-31,SKU_06,higiene,erratic,0.0,10.16,0,29.9
2024-04-01,SKU_06,higiene,erratic,56.0,9.93,0,31.8
2024-04-02,SKU_06,higiene,erratic,54.0,9.79,0,28.0
2024-04-03,SKU_06,higiene,erratic,151.0,9.64,0,30.4
2024-04-04,SKU_06,higiene,erratic,57.0,8.72,1,29.7
2024-04-05,SKU_06,higiene,erratic,57.0,8.64,1,30.4
2024-04-06,SKU_06,higiene,erratic,33.0,10.23,0,28.1
2024-04-07,SKU_06,higiene,erratic,166.0,9.85,0,26.6
2024-04-08,SKU_06,higiene,erratic,77.0,10.16,0,25.7
2024-04-09,SKU_06,higiene,erratic,202.0,9.7,0,27.6
2024-04-10,SKU_06,higiene,erratic,34.0,9.83,0,29.0
2024-04-11,SKU_06,higiene,erratic,84.0,10.03,0,29.3
2024-04-12,SKU_06,higiene,erratic,32.0,10.13,0,33.8
2024-04-13,SKU_06,higiene,erratic,19.0,10.34,0,32.2
2024-04-14,SKU_06,higiene,erratic,119.0,8.45,1,28.0
2024-04-15,SKU_06,higiene,erratic,349.0,9.83,0,30.7
2024-04-16,SKU_06,higiene,erratic,44.0,9.82,0,29.2
2024-04-17,SKU_06,higiene,erratic,78.0,9.86,0,29.4
2024-04-18,SKU_06,higiene,erratic,30.0,10.44,0,30.4
2024-04-19,SKU_06,higiene,erratic,16.0,10.15,0,31.2
2024-04-20,SKU_06,higiene,erratic,27.0,10.22,0,29.3
2024-04-21,SKU_06,higiene,erratic,60.0,9.95,0,32.1
2024-04-22,SKU_06,higiene,erratic,63.0,10.0,0,27.7
2024-04-23,SKU_06,higiene,erratic,72.0,10.14,0,30.0
2024-04-24,SKU_06,higiene,erratic,23.0,9.9,0,35.2
2024-04-25,SKU_06,higiene,erratic,52.0,9.94,0,30.4
2024-04-26,SKU_06,higiene,erratic,76.0,9.87,0,32.8
2024-04-27,SKU_06,higiene,erratic,17.0,9.91,0,30.2
2024-04-28,SKU_06,higiene,erratic,94.0,8.51,1,31.1
2024-04-29,SKU_06,higiene,erratic,109.0,9.84,0,29.8
2024-04-30,SKU_06,higiene,erratic,46.0,10.06,0,29.6
2024-05-01,SKU_06,higiene,erratic,113.0,10.06,0,28.4
2024-05-02,SKU_06,higiene,erratic,25.0,9.96,0,30.8
2024-05-03,SKU_06,higiene,erratic,104.0,9.83,0,28.2
2024-05-04,SKU_06,higiene,erratic,68.0,10.02,0,31.2
2024-05-05,SKU_06,higiene,erratic,90.0,9.9,0,32.0
2024-05-06,SKU_06,higiene,erratic,0.0,10.01,0,30.5
2024-05-07,SKU_06,higiene,erratic,66.0,10.22,0,29.2
2024-05-08,SKU_06,higiene,erratic,52.0,9.75,0,30.7
2024-05-09,SKU_06,higiene,erratic,257.0,10.43,0,29.1
2024-05-10,SKU_06,higiene,erratic,221.0,9.99,0,31.6
2024-05-11,SKU_06,higiene,erratic,29.0,10.08,0,26.0
2024-05-12,SKU_06,higiene,erratic,78.0,9.85,0,29.0
2024-05-13,SKU_06,higiene,erratic,197.0,10.23,0,25.6
2024-05-14,SKU_06,higiene,erratic,0.0,9.97,0,26.6
2024-05-15,SKU_06,higiene,erratic,199.0,8.42,1,32.2
2024-05-16,SKU_06,higiene,erratic,159.0,9.88,0,31.3
2024-05-17,SKU_06,higiene,erratic,32.0,9.95,0,28.0
2024-05-18,SKU_06,higiene,erratic,70.0,10.08,0,26.4
2024-05-19,SKU_06,higiene,erratic,84.0,10.03,0,23.4
2024-05-20,SKU_06,higiene,erratic,32.0,9.99,0,28.2
2024-05-21,SKU_06,higiene,erratic,38.0,9.86,0,34.1
2024-05-22,SKU_06,higiene,erratic,50.0,9.85,0,30.0
2024-05-23,SKU_06,higiene,erratic,177.0,9.91,0,28.0
2024-05-24,SKU_06,higiene,erratic,107.0,10.09,0,30.0
2024-05-25,SKU_06,higiene,erratic,90.0,10.13,0,25.9
2024-05-26,SKU_06,higiene,erratic,119.0,10.16,0,28.4
2024-05-27,SKU_06,higiene,erratic,116.0,10.0,0,29.1
2024-05-28,SKU_06,higiene,erratic,104.0,10.08,0,28.7
2024-05-29,SKU_06,higiene,erratic,115.0,9.97,0,30.4
2024-05-30,SKU_06,higiene,erratic,122.0,9.65,0,29.4
2024-05-31,SKU_06,higiene,erratic,16.0,9.96,0,30.0
2024-06-01,SKU_06,higiene,erratic,0.0,9.92,0,27.2
2024-06-02,SKU_06,higiene,erratic,36.0,9.79,0,30.3
2024-06-03,SKU_06,higiene,erratic,200.0,9.89,0,31.7
2024-06-04,SKU_06,higiene,erratic,310.0,10.03,0,26.4
2024-06-05,SKU_06,higiene,erratic,0.0,9.77,0,26.5
2024-06-06,SKU_06,higiene,erratic,288.0,9.86,0,30.9
2024-06-07,SKU_06,higiene,erratic,52.0,10.31,0,27.8
2024-06-08,SKU_06,higiene,erratic,109.0,9.68,0,30.9
2024-06-09,SKU_06,higiene,erratic,122.0,9.96,0,27.1
2024-06-10,SKU_06,higiene,erratic,258.0,9.77,0,30.8
2024-06-11,SKU_06,higiene,erratic,96.0,9.85,0,28.1
2024-06-12,SKU_06,higiene,erratic,27.0,9.96,0,28.3
2024-06-13,SKU_06,higiene,erratic,74.0,9.8,0,30.8
2024-06-14,SKU_06,higiene,erratic,72.0,10.11,0,26.9
2024-06-15,SKU_06,higiene,erratic,40.0,10.27,0,25.6
2024-06-16,SKU_06,higiene,erratic,136.0,10.17,0,26.5
2024-06-17,SKU_06,higiene,erratic,76.0,10.2,0,28.3
2024-06-18,SKU_06,higiene,erratic,50.0,9.72,0,24.1
2024-06-19,SKU_06,higiene,erratic,33.0,9.95,0,28.5
2024-06-20,SKU_06,higiene,erratic,58.0,10.09,0,26.0
2024-06-21,SKU_06,higiene,erratic,55.0,10.17,0,29.3
2024-06-22,SKU_06,higiene,erratic,10.0,10.35,0,22.1
2024-06-23,SKU_06,higiene,erratic,42.0,10.21,0,25.3
2024-06-24,SKU_06,higiene,erratic,16.0,10.18,0,23.4
2024-06-25,SKU_06,higiene,erratic,48.0,10.53,0,25.0
2024-06-26,SKU_06,higiene,erratic,206.0,10.02,0,27.0
2024-06-27,SKU_06,higiene,erratic,0.0,9.94,0,26.1
2024-06-28,SKU_06,higiene,erratic,81.0,10.04,0,25.9
2024-06-29,SKU_06,higiene,erratic,454.0,9.82,0,25.9
2024-06-30,SKU_06,higiene,erratic,250.0,10.01,0,26.6
2024-07-01,SKU_06,higiene,erratic,87.0,9.65,0,24.1
2024-07-02,SKU_06,higiene,erratic,225.0,8.39,1,27.4
2024-07-03,SKU_06,higiene,erratic,26.0,9.98,0,27.2
2024-07-04,SKU_06,higiene,erratic,22.0,10.19,0,26.6
2024-07-05,SKU_06,higiene,erratic,47.0,10.22,0,26.8
2024-07-06,SKU_06,higiene,erratic,63.0,9.81,0,26.2
2024-07-07,SKU_06,higiene,erratic,268.0,8.92,1,29.6
2024-07-08,SKU_06,higiene,erratic,71.0,8.53,1,25.2
2024-07-09,SKU_06,higiene,erratic,89.0,10.05,0,24.7
2024-07-10,SKU_06,higiene,erratic,87.0,9.68,0,23.7
2024-07-11,SKU_06,higiene,erratic,99.0,8.38,1,23.0
2024-07-12,SKU_06,higiene,erratic,42.0,10.21,0,22.5
2024-07-13,SKU_06,higiene,erratic,0.0,10.03,0,23.1
2024-07-14,SKU_06,higiene,erratic,95.0,10.02,0,24.6
2024-07-15,SKU_06,higiene,erratic,88.0,10.05,0,25.3
2024-07-16,SKU_06,higiene,erratic,77.0,8.21,1,24.7
2024-07-17,SKU_06,higiene,erratic,128.0,9.98,0,22.9
2024-07-18,SKU_06,higiene,erratic,171.0,10.28,0,26.2
2024-07-19,SKU_06,higiene,erratic,76.0,10.22,0,25.7
2024-07-20,SKU_06,higiene,erratic,19.0,9.97,0,23.8
2024-07-21,SKU_06,higiene,erratic,81.0,10.31,0,22.7
2024-07-22,SKU_06,higiene,erratic,36.0,9.75,0,25.0
2024-07-23,SKU_06,higiene,erratic,80.0,9.81,0,24.2
2024-07-24,SKU_06,higiene,erratic,36.0,10.37,0,20.8
2024-07-25,SKU_06,higiene,erratic,205.0,10.12,0,23.5
2024-07-26,SKU_06,higiene,erratic,81.0,9.94,0,24.1
2024-07-27,SKU_06,higiene,erratic,109.0,9.99,0,21.6
2024-07-28,SKU_06,higiene,erratic,170.0,9.84,0,23.7
2024-07-29,SKU_06,higiene,erratic,59.0,10.06,0,20.3
2024-07-30,SKU_06,higiene,erratic,52.0,10.04,0,25.8
2024-07-31,SKU_06,higiene,erratic,294.0,10.0,0,25.5
2024-08-01,SKU_06,higiene,erratic,64.0,9.77,0,22.4
2024-08-02,SKU_06,higiene,erratic,14.0,10.05,0,23.5
2024-08-03,SKU_06,higiene,erratic,96.0,9.89,0,17.9
2024-08-04,SKU_06,higiene,erratic,81.0,9.8,0,20.3
2024-08-05,SKU_06,higiene,erratic,241.0,10.25,0,21.9
2024-08-06,SKU_06,higiene,erratic,87.0,10.43,0,20.3
2024-08-07,SKU_06,higiene,erratic,71.0,10.39,0,23.7
2024-08-08,SKU_06,higiene,erratic,244.0,10.13,0,26.2
2024-08-09,SKU_06,higiene,erratic,12.0,9.95,0,19.8
2024-08-10,SKU_06,higiene,erratic,26.0,9.99,0,20.3
2024-08-11,SKU_06,higiene,erratic,35.0,10.08,0,22.4
2024-08-12,SKU_06,higiene,erratic,12.0,9.92,0,25.1
2024-08-13,SKU_06,higiene,erratic,143.0,10.26,0,19.3
2024-08-14,SKU_06,higiene,erratic,45.0,9.59,0,22.1
2024-08-15,SKU_06,higiene,erratic,0.0,9.94,0,25.2
2024-08-16,SKU_06,higiene,erratic,57.0,10.16,0,18.1
2024-08-17,SKU_06,higiene,erratic,68.0,9.83,0,18.8
2024-08-18,SKU_06,higiene,erratic,71.0,8.45,1,20.4
2024-08-19,SKU_06,higiene,erratic,38.0,10.12,0,20.1
2024-08-20,SKU_06,higiene,erratic,75.0,10.3,0,22.7
2024-08-21,SKU_06,higiene,erratic,146.0,9.74,0,21.5
2024-08-22,SKU_06,higiene,erratic,67.0,9.73,0,17.4
2024-08-23,SKU_06,higiene,erratic,23.0,9.81,0,21.8
2024-08-24,SKU_06,higiene,erratic,16.0,9.69,0,19.6
2024-08-25,SKU_06,higiene,erratic,82.0,9.71,0,23.2
2024-08-26,SKU_06,higiene,erratic,65.0,8.31,1,19.3
2024-08-27,SKU_06,higiene,erratic,66.0,10.25,0,19.2
2024-08-28,SKU_06,higiene,erratic,57.0,9.94,0,21.5
2024-08-29,SKU_06,higiene,erratic,0.0,10.01,0,21.8
2024-08-30,SKU_06,higiene,erratic,52.0,9.81,0,21.1
2024-08-31,SKU_06,higiene,erratic,64.0,10.13,0,16.8
2024-09-01,SKU_06,higiene,erratic,334.0,10.38,0,21.1
2024-09-02,SKU_06,higiene,erratic,127.0,9.82,0,17.9
2024-09-03,SKU_06,higiene,erratic,247.0,10.34,0,20.4
2024-09-04,SKU_06,higiene,erratic,36.0,10.07,0,17.0
2024-09-05,SKU_06,higiene,erratic,19.0,10.0,0,20.7
2024-09-06,SKU_06,higiene,erratic,40.0,10.08,0,18.1
2024-09-07,SKU_06,higiene,erratic,81.0,10.08,0,17.1
2024-09-08,SKU_06,higiene,erratic,120.0,10.37,0,21.0
2024-09-09,SKU_06,higiene,erratic,181.0,10.1,0,20.0
2024-09-10,SKU_06,higiene,erratic,9.0,10.11,0,18.2
2024-09-11,SKU_06,higiene,erratic,187.0,9.92,0,22.3
2024-09-12,SKU_06,higiene,erratic,89.0,10.17,0,18.4
2024-09-13,SKU_06,higiene,erratic,17.0,8.31,1,19.3
2024-09-14,SKU_06,higiene,erratic,72.0,10.02,0,19.7
2024-09-15,SKU_06,higiene,erratic,78.0,10.58,0,17.9
2024-09-16,SKU_06,higiene,erratic,93.0,9.5,0,20.0
2024-09-17,SKU_06,higiene,erratic,220.0,8.55,1,17.9
2024-09-18,SKU_06,higiene,erratic,0.0,10.05,0,18.1
2024-09-19,SKU_06,higiene,erratic,21.0,9.95,0,21.6
2024-09-20,SKU_06,higiene,erratic,36.0,9.96,0,16.7
2024-09-21,SKU_06,higiene,erratic,16.0,8.52,1,13.9
2024-09-22,SKU_06,higiene,erratic,114.0,9.95,0,21.9
2024-09-23,SKU_06,higiene,erratic,209.0,10.04,0,23.8
2024-09-24,SKU_06,higiene,erratic,25.0,9.9,0,17.8
2024-09-25,SKU_06,higiene,erratic,58.0,8.9,1,14.7
2024-09-26,SKU_06,higiene,erratic,0.0,9.95,0,17.9
2024-09-27,SKU_06,higiene,erratic,28.0,10.11,0,17.9
2024-09-28,SKU_06,higiene,erratic,56.0,9.87,0,18.1
2024-09-29,SKU_06,higiene,erratic,48.0,10.19,0,16.2
2024-09-30,SKU_06,higiene,erratic,115.0,10.15,0,19.5
2024-10-01,SKU_06,higiene,erratic,0.0,10.08,0,19.4
2024-10-02,SKU_06,higiene,erratic,165.0,9.79,0,15.3
2024-10-03,SKU_06,higiene,erratic,41.0,8.35,1,19.7
2024-10-04,SKU_06,higiene,erratic,122.0,10.34,0,22.4
2024-10-05,SKU_06,higiene,erratic,131.0,9.85,0,18.6
2024-10-06,SKU_06,higiene,erratic,237.0,10.13,0,17.5
2024-10-07,SKU_06,higiene,erratic,60.0,9.81,0,17.9
2024-10-08,SKU_06,higiene,erratic,37.0,10.2,0,19.4
2024-10-09,SKU_06,higiene,erratic,31.0,9.86,0,14.7
2024-10-10,SKU_06,higiene,erratic,28.0,9.81,0,18.4
2024-10-11,SKU_06,higiene,erratic,41.0,9.86,0,17.3
2024-10-12,SKU_06,higiene,erratic,80.0,9.89,0,21.8
2024-10-13,SKU_06,higiene,erratic,196.0,10.08,0,17.7
2024-10-14,SKU_06,higiene,erratic,47.0,10.01,0,21.4
2024-10-15,SKU_06,higiene,erratic,67.0,9.78,0,15.8
2024-10-16,SKU_06,higiene,erratic,63.0,9.99,0,19.2
2024-10-17,SKU_06,higiene,erratic,41.0,9.77,0,18.7
2024-10-18,SKU_06,higiene,erratic,74.0,10.13,0,16.3
2024-10-19,SKU_06,higiene,erratic,55.0,10.17,0,18.4
2024-10-20,SKU_06,higiene,erratic,77.0,10.0,0,20.4
2024-10-21,SKU_06,higiene,erratic,92.0,10.05,0,17.4
2024-10-22,SKU_06,higiene,erratic,114.0,10.35,0,14.6
2024-10-23,SKU_06,higiene,erratic,113.0,9.97,0,18.0
2024-10-24,SKU_06,higiene,erratic,0.0,9.81,0,16.2
2024-10-25,SKU_06,higiene,erratic,84.0,10.12,0,17.3
2024-10-26,SKU_06,higiene,erratic,0.0,9.77,0,17.9
2024-10-27,SKU_06,higiene,erratic,49.0,9.96,0,14.6
2024-10-28,SKU_06,higiene,erratic,84.0,9.88,0,14.8
2024-10-29,SKU_06,higiene,erratic,133.0,8.36,1,19.0
2024-10-30,SKU_06,higiene,erratic,167.0,9.95,0,17.0
2024-10-31,SKU_06,higiene,erratic,30.0,10.18,0,13.0
2024-11-01,SKU_06,higiene,erratic,0.0,10.22,0,19.7
2024-11-02,SKU_06,higiene,erratic,0.0,10.19,0,18.7
2024-11-03,SKU_06,higiene,erratic,68.0,8.57,1,16.7
2024-11-04,SKU_06,higiene,erratic,46.0,9.95,0,15.5
2024-11-05,SKU_06,higiene,erratic,32.0,9.53,0,19.9
2024-11-06,SKU_06,higiene,erratic,18.0,10.07,0,18.9
2024-11-07,SKU_06,higiene,erratic,123.0,9.54,0,23.0
2024-11-08,SKU_06,higiene,erratic,207.0,9.62,0,19.1
2024-11-09,SKU_06,higiene,erratic,12.0,9.97,0,19.1
2024-11-10,SKU_06,higiene,erratic,33.0,10.05,0,18.0
2024-11-11,SKU_06,higiene,erratic,0.0,9.91,0,20.0
2024-11-12,SKU_06,higiene,erratic,100.0,8.81,1,19.7
2024-11-13,SKU_06,higiene,erratic,141.0,10.09,0,21.0
2024-11-14,SKU_06,higiene,erratic,97.0,8.45,1,17.5
2024-11-15,SKU_06,higiene,erratic,27.0,10.28,0,17.7
2024-11-16,SKU_06,higiene,erratic,36.0,10.31,0,17.6
2024-11-17,SKU_06,higiene,erratic,11.0,10.1,0,20.2
2024-11-18,SKU_06,higiene,erratic,29.0,9.84,0,21.7
2024-11-19,SKU_06,higiene,erratic,157.0,9.89,0,17.8
2024-11-20,SKU_06,higiene,erratic,191.0,9.71,0,17.9
2024-11-21,SKU_06,higiene,erratic,227.0,9.99,0,19.5
2024-11-22,SKU_06,higiene,erratic,62.0,9.79,0,18.4
2024-11-23,SKU_06,higiene,erratic,7.0,9.93,0,20.9
2024-11-24,SKU_06,higiene,erratic,45.0,10.05,0,14.5
2024-11-25,SKU_06,higiene,erratic,215.0,9.6,0,17.4
2024-11-26,SKU_06,higiene,erratic,274.0,9.75,0,17.6
2024-11-27,SKU_06,higiene,erratic,223.0,9.9,0,14.6
2024-11-28,SKU_06,higiene,erratic,0.0,9.99,0,17.3
2024-11-29,SKU_06,higiene,erratic,16.0,9.9,0,17.5
2024-11-30,SKU_06,higiene,erratic,43.0,9.95,0,19.0
2024-12-01,SKU_06,higiene,erratic,77.0,9.86,0,21.7
2024-12-02,SKU_06,higiene,erratic,266.0,9.71,0,19.0
2024-12-03,SKU_06,higiene,erratic,91.0,9.89,0,17.5
2024-12-04,SKU_06,higiene,erratic,77.0,9.96,0,19.5
2024-12-05,SKU_06,higiene,erratic,81.0,9.94,0,21.8
2024-12-06,SKU_06,higiene,erratic,62.0,10.02,0,17.9
2024-12-07,SKU_06,higiene,erratic,75.0,10.08,0,18.1
2024-12-08,SKU_06,higiene,erratic,43.0,10.14,0,21.1
2024-12-09,SKU_06,higiene,erratic,0.0,9.87,0,19.6
2024-12-10,SKU_06,higiene,erratic,0.0,9.68,0,21.4
2024-12-11,SKU_06,higiene,erratic,21.0,10.25,0,20.2
2024-12-12,SKU_06,higiene,erratic,290.0,10.08,0,21.7
2024-12-13,SKU_06,higiene,erratic,10.0,9.81,0,18.3
2024-12-14,SKU_06,higiene,erratic,0.0,10.06,0,20.4
2024-12-15,SKU_06,higiene,erratic,172.0,10.21,0,20.1
2024-12-16,SKU_06,higiene,erratic,0.0,10.35,0,18.2
2024-12-17,SKU_06,higiene,erratic,28.0,10.05,0,17.6
2024-12-18,SKU_06,higiene,erratic,112.0,10.21,0,22.1
2024-12-19,SKU_06,higiene,erratic,84.0,9.76,0,20.2
2024-12-20,SKU_06,higiene,erratic,40.0,9.99,0,18.9
2024-12-21,SKU_06,higiene,erratic,29.0,9.93,0,20.8
2024-12-22,SKU_06,higiene,erratic,113.0,8.57,1,23.4
2024-12-23,SKU_06,higiene,erratic,50.0,10.32,0,16.7
2024-12-24,SKU_06,higiene,erratic,569.0,10.05,0,18.3
2024-12-25,SKU_06,higiene,erratic,67.0,9.81,0,19.6
2024-12-26,SKU_06,higiene,erratic,87.0,8.25,1,24.4
2024-12-27,SKU_06,higiene,erratic,31.0,10.33,0,22.2
2024-12-28,SKU_06,higiene,erratic,201.0,10.1,0,23.2
2024-12-29,SKU_06,higiene,erratic,22.0,10.09,0,19.5
2024-12-30,SKU_06,higiene,erratic,110.0,9.93,0,19.6
2023-01-01,SKU_07,higiene,erratic,79.0,11.99,0,22.6
2023-01-02,SKU_07,higiene,erratic,29.0,12.03,0,20.0
2023-01-03,SKU_07,higiene,erratic,128.0,10.35,1,23.7
2023-01-04,SKU_07,higiene,erratic,25.0,11.83,0,24.2
2023-01-05,SKU_07,higiene,erratic,48.0,12.02,0,18.5
2023-01-06,SKU_07,higiene,erratic,33.0,10.63,1,19.9
2023-01-07,SKU_07,higiene,erratic,3.0,11.9,0,22.8
2023-01-08,SKU_07,higiene,erratic,71.0,10.37,1,22.0
2023-01-09,SKU_07,higiene,erratic,32.0,12.1,0,22.7
2023-01-10,SKU_07,higiene,erratic,55.0,11.97,0,21.2
2023-01-11,SKU_07,higiene,erratic,66.0,12.04,0,24.7
2023-01-12,SKU_07,higiene,erratic,272.0,12.35,0,24.6
2023-01-13,SKU_07,higiene,erratic,50.0,12.11,0,23.3
2023-01-14,SKU_07,higiene,erratic,51.0,12.14,0,25.5
2023-01-15,SKU_07,higiene,erratic,144.0,10.52,1,24.3
2023-01-16,SKU_07,higiene,erratic,134.0,11.94,0,21.8
2023-01-17,SKU_07,higiene,erratic,96.0,11.79,0,24.3
2023-01-18,SKU_07,higiene,erratic,84.0,12.35,0,21.8
2023-01-19,SKU_07,higiene,erratic,119.0,12.03,0,25.6
2023-01-20,SKU_07,higiene,erratic,6.0,12.18,0,23.8
2023-01-21,SKU_07,higiene,erratic,213.0,11.85,0,23.6
2023-01-22,SKU_07,higiene,erratic,242.0,12.08,0,22.7
2023-01-23,SKU_07,higiene,erratic,81.0,11.78,0,26.7
2023-01-24,SKU_07,higiene,erratic,22.0,12.01,0,24.0
2023-01-25,SKU_07,higiene,erratic,180.0,11.87,0,23.6
2023-01-26,SKU_07,higiene,erratic,39.0,11.82,0,23.8
2023-01-27,SKU_07,higiene,erratic,62.0,11.94,0,25.7
2023-01-28,SKU_07,higiene,erratic,15.0,11.54,0,25.5
2023-01-29,SKU_07,higiene,erratic,411.0,11.77,0,25.6
2023-01-30,SKU_07,higiene,erratic,22.0,12.16,0,25.8
2023-01-31,SKU_07,higiene,erratic,73.0,12.07,0,29.3
2023-02-01,SKU_07,higiene,erratic,13.0,11.79,0,24.3
2023-02-02,SKU_07,higiene,erratic,67.0,12.11,0,24.2
2023-02-03,SKU_07,higiene,erratic,42.0,10.02,1,23.7
2023-02-04,SKU_07,higiene,erratic,149.0,10.34,1,26.7
2023-02-05,SKU_07,higiene,erratic,50.0,11.98,0,27.8
2023-02-06,SKU_07,higiene,erratic,254.0,10.13,1,25.4
2023-02-07,SKU_07,higiene,erratic,31.0,11.98,0,24.1
2023-02-08,SKU_07,higiene,erratic,56.0,12.51,0,24.2
2023-02-09,SKU_07,higiene,erratic,57.0,11.85,0,27.2
2023-02-10,SKU_07,higiene,erratic,62.0,12.05,0,27.5
2023-02-11,SKU_07,higiene,erratic,56.0,12.16,0,27.2
2023-02-12,SKU_07,higiene,erratic,127.0,11.81,0,24.9
2023-02-13,SKU_07,higiene,erratic,89.0,11.68,0,26.8
2023-02-14,SKU_07,higiene,erratic,122.0,11.88,0,26.6
2023-02-15,SKU_07,higiene,erratic,35.0,12.15,0,26.9
2023-02-16,SKU_07,higiene,erratic,98.0,11.93,0,28.3
2023-02-17,SKU_07,higiene,erratic,155.0,11.95,0,27.1
2023-02-18,SKU_07,higiene,erratic,11.0,12.18,0,28.1
2023-02-19,SKU_07,higiene,erratic,107.0,11.84,0,27.0
2023-02-20,SKU_07,higiene,erratic,181.0,10.18,1,27.5
2023-02-21,SKU_07,higiene,erratic,339.0,9.9,1,28.3
2023-02-22,SKU_07,higiene,erratic,130.0,12.06,0,24.2
2023-02-23,SKU_07,higiene,erratic,79.0,12.05,0,26.6
2023-02-24,SKU_07,higiene,erratic,61.0,12.16,0,26.4
2023-02-25,SKU_07,higiene,erratic,24.0,11.77,0,26.1
2023-02-26,SKU_07,higiene,erratic,0.0,11.96,0,26.9
2023-02-27,SKU_07,higiene,erratic,25.0,11.74,0,30.6
2023-02-28,SKU_07,higiene,erratic,242.0,11.95,0,25.9
2023-03-01,SKU_07,higiene,erratic,106.0,12.3,0,29.7
2023-03-02,SKU_07,higiene,erratic,51.0,10.14,1,24.4
2023-03-03,SKU_07,higiene,erratic,54.0,11.73,0,27.2
2023-03-04,SKU_07,higiene,erratic,111.0,11.86,0,28.3
2023-03-05,SKU_07,higiene,erratic,164.0,11.68,0,29.2
2023-03-06,SKU_07,higiene,erratic,35.0,11.74,0,29.5
2023-03-07,SKU_07,higiene,erratic,9.0,10.33,1,29.8
2023-03-08,SKU_07,higiene,erratic,0.0,11.71,0,27.6
2023-03-09,SKU_07,higiene,erratic,37.0,12.06,0,27.4
2023-03-10,SKU_07,higiene,erratic,73.0,12.01,0,30.1
2023-03-11,SKU_07,higiene,erratic,95.0,11.89,0,28.1
2023-03-12,SKU_07,higiene,erratic,183.0,12.05,0,26.0
2023-03-13,SKU_07,higiene,erratic,303.0,11.81,0,26.3
2023-03-14,SKU_07,higiene,erratic,202.0,12.17,0,26.8
2023-03-15,SKU_07,higiene,erratic,305.0,11.86,0,29.7
2023-03-16,SKU_07,higiene,erratic,227.0,11.92,0,29.1
2023-03-17,SKU_07,higiene,erratic,144.0,11.9,0,30.3
2023-03-18,SKU_07,higiene,erratic,43.0,12.14,0,28.1
2023-03-19,SKU_07,higiene,erratic,0.0,12.11,0,29.3
2023-03-20,SKU_07,higiene,erratic,552.0,11.48,0,30.3
2023-03-21,SKU_07,higiene,erratic,79.0,12.05,0,28.5
2023-03-22,SKU_07,higiene,erratic,293.0,9.85,1,30.1
2023-03-23,SKU_07,higiene,erratic,49.0,11.93,0,27.9
2023-03-24,SKU_07,higiene,erratic,97.0,11.98,0,28.5
2023-03-25,SKU_07,higiene,erratic,6.0,11.93,0,28.5
2023-03-26,SKU_07,higiene,erratic,55.0,12.1,0,27.0
2023-03-27,SKU_07,higiene,erratic,70.0,12.14,0,30.4
2023-03-28,SKU_07,higiene,erratic,110.0,11.85,0,28.5
2023-03-29,SKU_07,higiene,erratic,179.0,11.84,0,29.5
2023-03-30,SKU_07,higiene,erratic,0.0,11.99,0,30.5
2023-03-31,SKU_07,higiene,erratic,76.0,11.69,0,30.5
2023-04-01,SKU_07,higiene,erratic,120.0,11.9,0,30.9
2023-04-02,SKU_07,higiene,erratic,499.0,12.27,0,29.4
2023-04-03,SKU_07,higiene,erratic,134.0,11.7,0,28.8
2023-04-04,SKU_07,higiene,erratic,53.0,11.93,0,29.5
2023-04-05,SKU_07,higiene,erratic,27.0,11.88,0,26.4
2023-04-06,SKU_07,higiene,erratic,330.0,12.4,0,26.9
2023-04-07,SKU_07,higiene,erratic,81.0,11.89,0,27.1
2023-04-08,SKU_07,higiene,erratic,0.0,11.9,0,27.8
2023-04-09,SKU_07,higiene,erratic,21.0,11.79,0,30.6
2023-04-10,SKU_07,higiene,erratic,36.0,12.0,0,28.1
2023-04-11,SKU_07,higiene,erratic,126.0,12.05,0,29.1
2023-04-12,SKU_07,higiene,erratic,101.0,11.82,0,32.5
2023-04-13,SKU_07,higiene,erratic,16.0,12.2,0,29.2
2023-04-14,SKU_07,higiene,erratic,75.0,12.05,0,31.4
2023-04-15,SKU_07,higiene,erratic,13.0,12.17,0,28.1
2023-04-16,SKU_07,higiene,erratic,226.0,11.93,0,29.6
2023-04-17,SKU_07,higiene,erratic,90.0,12.05,0,28.1
2023-04-18,SKU_07,higiene,erratic,53.0,11.96,0,29.3
2023-04-19,SKU_07,higiene,erratic,168.0,12.29,0,31.7
2023-04-20,SKU_07,higiene,erratic,101.0,12.02,0,26.5
2023-04-21,SKU_07,higiene,erratic,130.0,12.0,0,30.9
2023-04-22,SKU_07,higiene,erratic,70.0,10.11,1,30.5
2023-04-23,SKU_07,higiene,erratic,85.0,11.9,0,28.8
2023-04-24,SKU_07,higiene,erratic,60.0,12.05,0,27.1
2023-04-25,SKU_07,higiene,erratic,0.0,12.16,0,30.1
2023-04-26,SKU_07,higiene,erratic,296.0,11.86,0,28.9
2023-04-27,SKU_07,higiene,erratic,51.0,12.03,0,30.4
2023-04-28,SKU_07,higiene,erratic,75.0,12.04,0,30.0
2023-04-29,SKU_07,higiene,erratic,0.0,12.07,0,33.2
2023-04-30,SKU_07,higiene,erratic,14.0,11.66,0,29.5
2023-05-01,SKU_07,higiene,erratic,89.0,11.82,0,27.9
2023-05-02,SKU_07,higiene,erratic,102.0,11.73,0,30.3
2023-05-03,SKU_07,higiene,erratic,69.0,12.01,0,30.3
2023-05-04,SKU_07,higiene,erratic,23.0,11.82,0,32.6
2023-05-05,SKU_07,higiene,erratic,57.0,11.9,0,31.5
2023-05-06,SKU_07,higiene,erratic,55.0,11.76,0,30.5
2023-05-07,SKU_07,higiene,erratic,37.0,11.92,0,32.7
2023-05-08,SKU_07,higiene,erratic,25.0,11.78,0,27.4
2023-05-09,SKU_07,higiene,erratic,61.0,12.15,0,28.5
2023-05-10,SKU_07,higiene,erratic,127.0,12.1,0,27.9
2023-05-11,SKU_07,higiene,erratic,105.0,12.03,0,28.9
2023-05-12,SKU_07,higiene,erratic,22.0,11.94,0,26.9
2023-05-13,SKU_07,higiene,erratic,49.0,11.59,0,30.9
2023-05-14,SKU_07,higiene,erratic,152.0,11.91,0,29.1
2023-05-15,SKU_07,higiene,erratic,29.0,11.85,0,26.6
2023-05-16,SKU_07,higiene,erratic,78.0,12.05,0,27.5
2023-05-17,SKU_07,higiene,erratic,218.0,12.12,0,30.1
2023-05-18,SKU_07,higiene,erratic,27.0,12.06,0,31.1
2023-05-19,SKU_07,higiene,erratic,111.0,12.25,0,33.4
2023-05-20,SKU_07,higiene,erratic,161.0,11.89,0,35.2
2023-05-21,SKU_07,higiene,erratic,62.0,11.88,0,30.1
2023-05-22,SKU_07,higiene,erratic,0.0,12.21,0,27.3
2023-05-23,SKU_07,higiene,erratic,245.0,10.23,1,24.9
2023-05-24,SKU_07,higiene,erratic,64.0,11.95,0,29.7
2023-05-25,SKU_07,higiene,erratic,0.0,12.37,0,27.4
2023-05-26,SKU_07,higiene,erratic,40.0,12.12,0,28.2
2023-05-27,SKU_07,higiene,erratic,63.0,11.96,0,27.7
2023-05-28,SKU_07,higiene,erratic,133.0,11.86,0,28.6
2023-05-29,SKU_07,higiene,erratic,36.0,12.27,0,31.0
2023-05-30,SKU_07,higiene,erratic,59.0,12.04,0,29.1
2023-05-31,SKU_07,higiene,erratic,160.0,12.0,0,28.4
2023-06-01,SKU_07,higiene,erratic,69.0,12.14,0,26.6
2023-06-02,SKU_07,higiene,erratic,13.0,12.18,0,25.2
2023-06-03,SKU_07,higiene,erratic,116.0,12.11,0,27.5
2023-06-04,SKU_07,higiene,erratic,61.0,12.18,0,28.3
2023-06-05,SKU_07,higiene,erratic,174.0,12.09,0,31.9
2023-06-06,SKU_07,higiene,erratic,35.0,10.31,1,28.6
2023-06-07,SKU_07,higiene,erratic,65.0,11.85,0,30.2
2023-06-08,SKU_07,higiene,erratic,108.0,12.36,0,27.2
2023-06-09,SKU_07,higiene,erratic,40.0,11.75,0,25.7
2023-06-10,SKU_07,higiene,erratic,16.0,12.06,0,26.1
2023-06-11,SKU_07,higiene,erratic,11.0,11.73,0,26.5
2023-06-12,SKU_07,higiene,erratic,242.0,11.98,0,32.1
2023-06-13,SKU_07,higiene,erratic,87.0,11.89,0,26.1
2023-06-14,SKU_07,higiene,erratic,181.0,12.03,0,29.4
2023-06-15,SKU_07,higiene,erratic,150.0,12.07,0,25.8
2023-06-16,SKU_07,higiene,erratic,0.0,11.81,0,29.4
2023-06-17,SKU_07,higiene,erratic,32.0,11.99,0,28.2
2023-06-18,SKU_07,higiene,erratic,105.0,12.28,0,27.0
2023-06-19,SKU_07,higiene,erratic,222.0,11.74,0,27.2
2023-06-20,SKU_07,higiene,erratic,75.0,11.83,0,25.9
2023-06-21,SKU_07,higiene,erratic,323.0,12.17,0,28.0
2023-06-22,SKU_07,higiene,erratic,21.0,12.02,0,26.1
2023-06-23,SKU_07,higiene,erratic,11.0,12.03,0,24.5
2023-06-24,SKU_07,higiene,erratic,91.0,12.2,0,24.3
2023-06-25,SKU_07,higiene,erratic,36.0,11.84,0,27.1
2023-06-26,SKU_07,higiene,erratic,357.0,11.9,0,29.8
2023-06-27,SKU_07,higiene,erratic,203.0,11.87,0,26.9
2023-06-28,SKU_07,higiene,erratic,247.0,11.93,0,26.2
2023-06-29,SKU_07,higiene,erratic,140.0,12.27,0,26.9
2023-06-30,SKU_07,higiene,erratic,19.0,11.66,0,28.9
2023-07-01,SKU_07,higiene,erratic,11.0,11.76,0,26.6
2023-07-02,SKU_07,higiene,erratic,227.0,11.73,0,25.3
2023-07-03,SKU_07,higiene,erratic,21.0,12.28,0,28.2
2023-07-04,SKU_07,higiene,erratic,243.0,11.88,0,26.7
2023-07-05,SKU_07,higiene,erratic,116.0,11.93,0,28.9
2023-07-06,SKU_07,higiene,erratic,64.0,11.68,0,26.0
2023-07-07,SKU_07,higiene,erratic,57.0,11.95,0,23.1
2023-07-08,SKU_07,higiene,erratic,58.0,12.17,0,22.7
2023-07-09,SKU_07,higiene,erratic,57.0,12.05,0,28.7
2023-07-10,SKU_07,higiene,erratic,211.0,11.98,0,28.7
2023-07-11,SKU_07,higiene,erratic,205.0,11.69,0,24.8
2023-07-12,SKU_07,higiene,erratic,76.0,11.93,0,24.3
2023-07-13,SKU_07,higiene,erratic,41.0,12.03,0,27.9
2023-07-14,SKU_07,higiene,erratic,112.0,11.8,0,22.7
2023-07-15,SKU_07,higiene,erratic,0.0,12.13,0,23.0
2023-07-16,SKU_07,higiene,erratic,95.0,12.18,0,26.0
2023-07-17,SKU_07,higiene,erratic,120.0,11.89,0,23.8
2023-07-18,SKU_07,higiene,erratic,34.0,12.15,0,24.5
2023-07-19,SKU_07,higiene,erratic,144.0,11.98,0,24.0
2023-07-20,SKU_07,higiene,erratic,64.0,12.23,0,24.9
2023-07-21,SKU_07,higiene,erratic,25.0,12.41,0,27.0
2023-07-22,SKU_07,higiene,erratic,84.0,11.78,0,24.2
2023-07-23,SKU_07,higiene,erratic,27.0,12.15,0,25.2
2023-07-24,SKU_07,higiene,erratic,131.0,12.26,0,19.7
2023-07-25,SKU_07,higiene,erratic,13.0,11.81,0,23.6
2023-07-26,SKU_07,higiene,erratic,82.0,11.88,0,22.0
2023-07-27,SKU_07,higiene,erratic,67.0,11.88,0,21.1
2023-07-28,SKU_07,higiene,erratic,25.0,11.97,0,21.7
2023-07-29,SKU_07,higiene,erratic,52.0,11.93,0,22.7
2023-07-30,SKU_07,higiene,erratic,60.0,11.96,0,25.1
2023-07-31,SKU_07,higiene,erratic,218.0,10.37,1,20.5
2023-08-01,SKU_07,higiene,erratic,101.0,11.62,0,23.1
2023-08-02,SKU_07,higiene,erratic,92.0,11.81,0,22.0
2023-08-03,SKU_07,higiene,erratic,81.0,12.13,0,22.2
2023-08-04,SKU_07,higiene,erratic,26.0,12.11,0,24.7
2023-08-05,SKU_07,higiene,erratic,0.0,11.79,0,23.7
2023-08-06,SKU_07,higiene,erratic,78.0,12.11,0,25.2
2023-08-07,SKU_07,higiene,erratic,55.0,12.27,0,22.1
2023-08-08,SKU_07,higiene,erratic,154.0,11.99,0,20.9
2023-08-09,SKU_07,higiene,erratic,68.0,11.8,0,21.8
2023-08-10,SKU_07,higiene,erratic,85.0,12.17,0,22.6
2023-08-11,SKU_07,higiene,erratic,12.0,12.34,0,22.4
2023-08-12,SKU_07,higiene,erratic,79.0,11.82,0,19.8
2023-08-13,SKU_07,higiene,erratic,39.0,12.01,0,22.0
2023-08-14,SKU_07,higiene,erratic,27.0,12.22,0,22.2
2023-08-15,SKU_07,higiene,erratic,234.0,12.02,0,26.7
2023-08-16,SKU_07,higiene,erratic,158.0,9.85,1,25.3
2023-08-17,SKU_07,higiene,erratic,136.0,12.09,0,19.7
2023-08-18,SKU_07,higiene,erratic,53.0,11.8,0,20.8
2023-08-19,SKU_07,higiene,erratic,34.0,11.75,0,18.3
2023-08-20,SKU_07,higiene,erratic,50.0,11.65,0,20.0
2023-08-21,SKU_07,higiene,erratic,116.0,12.24,0,21.7
2023-08-22,SKU_07,higiene,erratic,153.0,11.83,0,23.4
2023-08-23,SKU_07,higiene,erratic,58.0,12.07,0,19.4
2023-08-24,SKU_07,higiene,erratic,0.0,12.12,0,19.5
2023-08-25,SKU_07,higiene,erratic,31.0,12.03,0,16.4
2023-08-26,SKU_07,higiene,erratic,17.0,10.26,1,20.3
2023-08-27,SKU_07,higiene,erratic,15.0,12.08,0,18.4
2023-08-28,SKU_07,higiene,erratic,16.0,12.03,0,19.4
2023-08-29,SKU_07,higiene,erratic,64.0,10.05,1,18.6
2023-08-30,SKU_07,higiene,erratic,51.0,11.83,0,20.1
2023-08-31,SKU_07,higiene,erratic,105.0,11.98,0,16.7
2023-09-01,SKU_07,higiene,erratic,0.0,11.97,0,17.2
2023-09-02,SKU_07,higiene,erratic,71.0,12.09,0,24.3
2023-09-03,SKU_07,higiene,erratic,63.0,12.22,0,17.4
2023-09-04,SKU_07,higiene,erratic,0.0,12.07,0,17.7
2023-09-05,SKU_07,higiene,erratic,38.0,11.84,0,23.5
2023-09-06,SKU_07,higiene,erratic,0.0,11.56,0,25.6
2023-09-07,SKU_07,higiene,erratic,18.0,11.85,0,17.4
2023-09-08,SKU_07,higiene,erratic,46.0,11.73,0,18.9
2023-09-09,SKU_07,higiene,erratic,31.0,11.85,0,20.2
2023-09-10,SKU_07,higiene,erratic,113.0,12.05,0,22.9
2023-09-11,SKU_07,higiene,erratic,59.0,12.02,0,17.4
2023-09-12,SKU_07,higiene,erratic,61.0,12.37,0,18.9
2023-09-13,SKU_07,higiene,erratic,49.0,12.1,0,20.8
2023-09-14,SKU_07,higiene,erratic,184.0,12.38,0,20.1
2023-09-15,SKU_07,higiene,erratic,36.0,12.14,0,18.4
2023-09-16,SKU_07,higiene,erratic,251.0,10.42,1,18.8
2023-09-17,SKU_07,higiene,erratic,75.0,11.93,0,16.3
2023-09-18,SKU_07,higiene,erratic,61.0,11.79,0,18.5
2023-09-19,SKU_07,higiene,erratic,54.0,11.91,0,18.4
2023-09-20,SKU_07,higiene,erratic,95.0,12.0,0,19.3
2023-09-21,SKU_07,higiene,erratic,38.0,11.87,0,17.7
2023-09-22,SKU_07,higiene,erratic,40.0,11.8,0,19.7
2023-09-23,SKU_07,higiene,erratic,36.0,12.08,0,20.7
2023-09-24,SKU_07,higiene,erratic,78.0,11.8,0,19.0
2023-09-25,SKU_07,higiene,erratic,80.0,11.69,0,19.3
2023-09-26,SKU_07,higiene,erratic,83.0,11.78,0,18.7
2023-09-27,SKU_07,higiene,erratic,65.0,11.95,0,18.5
2023-09-28,SKU_07,higiene,erratic,212.0,11.8,0,17.1
2023-09-29,SKU_07,higiene,erratic,50.0,11.95,0,19.1
2023-09-30,SKU_07,higiene,erratic,287.0,12.12,0,18.2
2023-10-01,SKU_07,higiene,erratic,63.0,12.11,0,22.6
2023-10-02,SKU_07,higiene,erratic,130.0,11.87,0,21.5
2023-10-03,SKU_07,higiene,erratic,34.0,11.74,0,19.1
2023-10-04,SKU_07,higiene,erratic,185.0,11.88,0,16.8
2023-10-05,SKU_07,higiene,erratic,34.0,12.13,0,16.0
2023-10-06,SKU_07,higiene,erratic,51.0,12.18,0,20.6
2023-10-07,SKU_07,higiene,erratic,29.0,12.07,0,18.7
2023-10-08,SKU_07,higiene,erratic,87.0,12.24,0,19.1
2023-10-09,SKU_07,higiene,erratic,50.0,12.35,0,14.7
2023-10-10,SKU_07,higiene,erratic,32.0,11.9,0,20.0
2023-10-11,SKU_07,higiene,erratic,49.0,12.3,0,19.0
2023-10-12,SKU_07,higiene,erratic,302.0,10.15,1,15.9
2023-10-13,SKU_07,higiene,erratic,52.0,12.2,0,17.1
2023-10-14,SKU_07,higiene,erratic,13.0,12.14,0,18.6
2023-10-15,SKU_07,higiene,erratic,146.0,11.6,0,18.1
2023-10-16,SKU_07,higiene,erratic,30.0,11.81,0,17.4
2023-10-17,SKU_07,higiene,erratic,110.0,11.76,0,17.8
2023-10-18,SKU_07,higiene,erratic,95.0,11.64,0,17.5
2023-10-19,SKU_07,higiene,erratic,100.0,12.18,0,18.3
2023-10-20,SKU_07,higiene,erratic,0.0,12.41,0,20.9
2023-10-21,SKU_07,higiene,erratic,19.0,11.95,0,12.9
2023-10-22,SKU_07,higiene,erratic,100.0,12.17,0,17.5
2023-10-23,SKU_07,higiene,erratic,168.0,12.3,0,18.4
2023-10-24,SKU_07,higiene,erratic,37.0,12.04,0,18.6
2023-10-25,SKU_07,higiene,erratic,34.0,11.99,0,17.3
2023-10-26,SKU_07,higiene,erratic,0.0,11.95,0,14.5
2023-10-27,SKU_07,higiene,erratic,47.0,12.11,0,18.7
2023-10-28,SKU_07,higiene,erratic,12.0,12.17,0,21.5
2023-10-29,SKU_07,higiene,erratic,0.0,12.09,0,15.0
2023-10-30,SKU_07,higiene,erratic,20.0,12.09,0,19.8
2023-10-31,SKU_07,higiene,erratic,175.0,11.99,0,17.4
2023-11-01,SKU_07,higiene,erratic,94.0,11.68,0,18.0
2023-11-02,SKU_07,higiene,erratic,289.0,12.18,0,16.0
2023-11-03,SKU_07,higiene,erratic,0.0,11.74,0,17.5
2023-11-04,SKU_07,higiene,erratic,29.0,12.12,0,20.8
2023-11-05,SKU_07,higiene,erratic,48.0,10.35,1,19.3
2023-11-06,SKU_07,higiene,erratic,76.0,11.77,0,21.7
2023-11-07,SKU_07,higiene,erratic,61.0,11.88,0,20.6
2023-11-08,SKU_07,higiene,erratic,163.0,12.42,0,19.1
2023-11-09,SKU_07,higiene,erratic,30.0,11.98,0,21.8
2023-11-10,SKU_07,higiene,erratic,189.0,11.76,0,19.2
2023-11-11,SKU_07,higiene,erratic,104.0,12.16,0,20.0
2023-11-12,SKU_07,higiene,erratic,54.0,11.85,0,17.8
2023-11-13,SKU_07,higiene,erratic,270.0,11.62,0,18.6
2023-11-14,SKU_07,higiene,erratic,34.0,12.1,0,17.1
2023-11-15,SKU_07,higiene,erratic,76.0,11.82,0,20.5
2023-11-16,SKU_07,higiene,erratic,23.0,12.06,0,16.2
2023-11-17,SKU_07,higiene,erratic,167.0,11.84,0,20.2
2023-11-18,SKU_07,higiene,erratic,10.0,12.14,0,18.3
2023-11-19,SKU_07,higiene,erratic,0.0,12.04,0,21.0
2023-11-20,SKU_07,higiene,erratic,39.0,11.48,0,20.2
2023-11-21,SKU_07,higiene,erratic,188.0,12.08,0,22.4
2023-11-22,SKU_07,higiene,erratic,140.0,11.94,0,20.3
2023-11-23,SKU_07,higiene,erratic,0.0,12.28,0,15.8
2023-11-24,SKU_07,higiene,erratic,88.0,12.08,0,18.8
2023-11-25,SKU_07,higiene,erratic,35.0,12.15,0,16.7
2023-11-26,SKU_07,higiene,erratic,92.0,11.86,0,18.0
2023-11-27,SKU_07,higiene,erratic,0.0,11.84,0,22.2
2023-11-28,SKU_07,higiene,erratic,54.0,11.99,0,20.5
2023-11-29,SKU_07,higiene,erratic,36.0,11.93,0,17.9
2023-11-30,SKU_07,higiene,erratic,97.0,12.27,0,17.3
2023-12-01,SKU_07,higiene,erratic,71.0,11.97,0,19.4
2023-12-02,SKU_07,higiene,erratic,43.0,11.76,0,17.0
2023-12-03,SKU_07,higiene,erratic,150.0,11.83,0,18.2
2023-12-04,SKU_07,higiene,erratic,57.0,12.19,0,20.2
2023-12-05,SKU_07,higiene,erratic,75.0,11.97,0,22.0
2023-12-06,SKU_07,higiene,erratic,91.0,11.96,0,20.9
2023-12-07,SKU_07,higiene,erratic,125.0,10.41,1,15.2
2023-12-08,SKU_07,higiene,erratic,147.0,11.82,0,20.5
2023-12-09,SKU_07,higiene,erratic,54.0,11.55,0,20.1
2023-12-10,SKU_07,higiene,erratic,54.0,11.83,0,20.9
2023-12-11,SKU_07,higiene,erratic,105.0,12.05,0,23.3
2023-12-12,SKU_07,higiene,erratic,155.0,11.95,0,16.1
2023-12-13,SKU_07,higiene,erratic,129.0,11.69,0,19.1
2023-12-14,SKU_07,higiene,erratic,123.0,12.2,0,21.5
2023-12-15,SKU_07,higiene,erratic,12.0,12.03,0,17.3
2023-12-16,SKU_07,higiene,erratic,6.0,12.08,0,23.5
2023-12-17,SKU_07,higiene,erratic,195.0,12.08,0,21.3
2023-12-18,SKU_07,higiene,erratic,100.0,11.74,0,22.4
2023-12-19,SKU_07,higiene,erratic,69.0,12.06,0,19.6
2023-12-20,SKU_07,higiene,erratic,123.0,12.18,0,22.5
2023-12-21,SKU_07,higiene,erratic,332.0,12.23,0,23.1
2023-12-22,SKU_07,higiene,erratic,188.0,10.34,1,21.5
2023-12-23,SKU_07,higiene,erratic,91.0,12.1,0,21.6
2023-12-24,SKU_07,higiene,erratic,35.0,11.65,0,21.8
2023-12-25,SKU_07,higiene,erratic,39.0,12.0,0,19.6
2023-12-26,SKU_07,higiene,erratic,11.0,11.81,0,21.1
2023-12-27,SKU_07,higiene,erratic,120.0,12.26,0,21.2
2023-12-28,SKU_07,higiene,erratic,176.0,12.23,0,22.4
2023-12-29,SKU_07,higiene,erratic,111.0,11.81,0,23.7
2023-12-30,SKU_07,higiene,erratic,74.0,11.99,0,19.7
2023-12-31,SKU_07,higiene,erratic,64.0,12.05,0,21.6
2024-01-01,SKU_07,higiene,erratic,47.0,12.18,0,24.9
2024-01-02,SKU_07,higiene,erratic,38.0,11.66,0,20.6
2024-01-03,SKU_07,higiene,erratic,65.0,11.56,0,20.5
2024-01-04,SKU_07,higiene,erratic,34.0,12.01,0,22.7
2024-01-05,SKU_07,higiene,erratic,179.0,11.49,0,24.1
2024-01-06,SKU_07,higiene,erratic,15.0,12.03,0,22.5
2024-01-07,SKU_07,higiene,erratic,64.0,12.12,0,25.2
2024-01-08,SKU_07,higiene,erratic,16.0,12.25,0,24.4
2024-01-09,SKU_07,higiene,erratic,95.0,11.88,0,24.5
2024-01-10,SKU_07,higiene,erratic,75.0,12.03,0,24.0
2024-01-11,SKU_07,higiene,erratic,57.0,12.13,0,27.6
2024-01-12,SKU_07,higiene,erratic,21.0,11.76,0,22.7
2024-01-13,SKU_07,higiene,erratic,45.0,12.18,0,19.2
2024-01-14,SKU_07,higiene,erratic,71.0,10.25,1,26.5
2024-01-15,SKU_07,higiene,erratic,68.0,11.88,0,22.5
2024-01-16,SKU_07,higiene,erratic,367.0,12.03,0,23.7
2024-01-17,SKU_07,higiene,erratic,88.0,11.97,0,26.2
2024-01-18,SKU_07,higiene,erratic,118.0,12.16,0,20.5
2024-01-19,SKU_07,higiene,erratic,31.0,11.93,0,21.3
2024-01-20,SKU_07,higiene,erratic,24.0,12.05,0,20.7
2024-01-21,SKU_07,higiene,erratic,76.0,11.88,0,22.4
2024-01-22,SKU_07,higiene,erratic,578.0,11.81,0,25.0
2024-01-23,SKU_07,higiene,erratic,62.0,12.03,0,25.3
2024-01-24,SKU_07,higiene,erratic,104.0,11.82,0,24.9
2024-01-25,SKU_07,higiene,erratic,40.0,12.16,0,21.6
2024-01-26,SKU_07,higiene,erratic,5.0,12.12,0,19.9
2024-01-27,SKU_07,higiene,erratic,25.0,11.85,0,24.7
2024-01-28,SKU_07,higiene,erratic,532.0,12.04,0,23.8
2024-01-29,SKU_07,higiene,erratic,127.0,11.85,0,25.7
2024-01-30,SKU_07,higiene,erratic,295.0,11.68,0,26.3
2024-01-31,SKU_07,higiene,erratic,87.0,10.08,1,25.3
2024-02-01,SKU_07,higiene,erratic,17.0,10.19,1,26.6
2024-02-02,SKU_07,higiene,erratic,28.0,10.3,1,25.7
2024-02-03,SKU_07,higiene,erratic,65.0,12.03,0,26.4
2024-02-04,SKU_07,higiene,erratic,97.0,12.18,0,24.0
2024-02-05,SKU_07,higiene,erratic,116.0,10.0,1,25.2
2024-02-06,SKU_07,higiene,erratic,53.0,11.92,0,26.0
2024-02-07,SKU_07,higiene,erratic,171.0,12.33,0,27.4
2024-02-08,SKU_07,higiene,erratic,54.0,11.61,0,25.0
2024-02-09,SKU_07,higiene,erratic,61.0,11.91,0,27.0
2024-02-10,SKU_07,higiene,erratic,56.0,11.79,0,25.5
2024-02-11,SKU_07,higiene,erratic,61.0,11.96,0,25.9
2024-02-12,SKU_07,higiene,erratic,40.0,11.91,0,27.9
2024-02-13,SKU_07,higiene,erratic,58.0,12.12,0,22.3
2024-02-14,SKU_07,higiene,erratic,368.0,12.05,0,23.8
2024-02-15,SKU_07,higiene,erratic,200.0,11.74,0,23.5
2024-02-16,SKU_07,higiene,erratic,110.0,11.88,0,21.9
2024-02-17,SKU_07,higiene,erratic,26.0,12.0,0,25.3
2024-02-18,SKU_07,higiene,erratic,26.0,12.15,0,28.3
2024-02-19,SKU_07,higiene,erratic,199.0,12.49,0,26.3
2024-02-20,SKU_07,higiene,erratic,171.0,12.14,0,27.4
2024-02-21,SKU_07,higiene,erratic,93.0,11.8,0,29.2
2024-02-22,SKU_07,higiene,erratic,62.0,11.98,0,29.8
2024-02-23,SKU_07,higiene,erratic,15.0,12.04,0,27.1
2024-02-24,SKU_07,higiene,erratic,99.0,11.9,0,30.0
2024-02-25,SKU_07,higiene,erratic,216.0,12.09,0,27.6
2024-02-26,SKU_07,higiene,erratic,49.0,11.55,0,25.8
2024-02-27,SKU_07,higiene,erratic,45.0,12.11,0,26.4
2024-02-28,SKU_07,higiene,erratic,227.0,11.9,0,24.7
2024-02-29,SKU_07,higiene,erratic,50.0,11.98,0,26.0
2024-03-01,SKU_07,higiene,erratic,207.0,12.29,0,27.1
2024-03-02,SKU_07,higiene,erratic,46.0,11.75,0,29.5
2024-03-03,SKU_07,higiene,erratic,62.0,12.05,0,31.4
2024-03-04,SKU_07,higiene,erratic,88.0,12.16,0,25.3
2024-03-05,SKU_07,higiene,erratic,62.0,12.03,0,28.9
2024-03-06,SKU_07,higiene,erratic,209.0,11.68,0,26.1
2024-03-07,SKU_07,higiene,erratic,173.0,12.27,0,29.2
2024-03-08,SKU_07,higiene,erratic,120.0,11.96,0,28.1
2024-03-09,SKU_07,higiene,erratic,58.0,11.89,0,24.8
2024-03-10,SKU_07,higiene,erratic,59.0,11.94,0,30.3
2024-03-11,SKU_07,higiene,erratic,0.0,11.92,0,27.3
2024-03-12,SKU_07,higiene,erratic,61.0,11.76,0,27.5
2024-03-13,SKU_07,higiene,erratic,277.0,12.03,0,26.5
2024-03-14,SKU_07,higiene,erratic,191.0,11.88,0,27.4
2024-03-15,SKU_07,higiene,erratic,47.0,12.13,0,29.7
2024-03-16,SKU_07,higiene,erratic,24.0,12.1,0,28.5
2024-03-17,SKU_07,higiene,erratic,296.0,12.33,0,29.6
2024-03-18,SKU_07,higiene,erratic,96.0,11.96,0,29.7
2024-03-19,SKU_07,higiene,erratic,78.0,11.84,0,31.7
2024-03-20,SKU_07,higiene,erratic,434.0,9.91,1,28.4
2024-03-21,SKU_07,higiene,erratic,83.0,10.64,1,26.2
2024-03-22,SKU_07,higiene,erratic,39.0,12.13,0,31.3
2024-03-23,SKU_07,higiene,erratic,42.0,11.86,0,28.6
2024-03-24,SKU_07,higiene,erratic,30.0,12.34,0,31.5
2024-03-25,SKU_07,higiene,erratic,111.0,12.27,0,30.1
2024-03-26,SKU_07,higiene,erratic,47.0,11.73,0,29.1
2024-03-27,SKU_07,higiene,erratic,55.0,11.85,0,30.1
2024-03-28,SKU_07,higiene,erratic,49.0,11.97,0,33.4
2024-03-29,SKU_07,higiene,erratic,32.0,11.79,0,33.7
2024-03-30,SKU_07,higiene,erratic,26.0,11.98,0,29.7
2024-03-31,SKU_07,higiene,erratic,106.0,12.14,0,29.9
2024-04-01,SKU_07,higiene,erratic,77.0,11.73,0,31.8
2024-04-02,SKU_07,higiene,erratic,90.0,12.06,0,28.0
2024-04-03,SKU_07,higiene,erratic,0.0,12.23,0,30.4
2024-04-04,SKU_07,higiene,erratic,112.0,10.28,1,29.7
2024-04-05,SKU_07,higiene,erratic,120.0,10.18,1,30.4
2024-04-06,SKU_07,higiene,erratic,91.0,11.87,0,28.1
2024-04-07,SKU_07,higiene,erratic,83.0,12.17,0,26.6
2024-04-08,SKU_07,higiene,erratic,108.0,11.76,0,25.7
2024-04-09,SKU_07,higiene,erratic,88.0,12.05,0,27.6
2024-04-10,SKU_07,higiene,erratic,102.0,12.01,0,29.0
2024-04-11,SKU_07,higiene,erratic,54.0,12.23,0,29.3
2024-04-12,SKU_07,higiene,erratic,35.0,11.88,0,33.8
2024-04-13,SKU_07,higiene,erratic,52.0,11.9,0,32.2
2024-04-14,SKU_07,higiene,erratic,26.0,9.95,1,28.0
2024-04-15,SKU_07,higiene,erratic,288.0,12.09,0,30.7
2024-04-16,SKU_07,higiene,erratic,491.0,11.92,0,29.2
2024-04-17,SKU_07,higiene,erratic,100.0,11.83,0,29.4
2024-04-18,SKU_07,higiene,erratic,148.0,11.85,0,30.4
2024-04-19,SKU_07,higiene,erratic,122.0,12.11,0,31.2
2024-04-20,SKU_07,higiene,erratic,18.0,11.78,0,29.3
2024-04-21,SKU_07,higiene,erratic,183.0,11.8,0,32.1
2024-04-22,SKU_07,higiene,erratic,62.0,12.18,0,27.7
2024-04-23,SKU_07,higiene,erratic,544.0,11.97,0,30.0
2024-04-24,SKU_07,higiene,erratic,74.0,12.19,0,35.2
2024-04-25,SKU_07,higiene,erratic,179.0,11.93,0,30.4
2024-04-26,SKU_07,higiene,erratic,0.0,12.0,0,32.8
2024-04-27,SKU_07,higiene,erratic,297.0,12.03,0,30.2
2024-04-28,SKU_07,higiene,erratic,83.0,10.48,1,31.1
2024-04-29,SKU_07,higiene,erratic,220.0,12.26,0,29.8
2024-04-30,SKU_07,higiene,erratic,143.0,12.23,0,29.6
2024-05-01,SKU_07,higiene,erratic,119.0,11.87,0,28.4
2024-05-02,SKU_07,higiene,erratic,103.0,11.8,0,30.8
2024-05-03,SKU_07,higiene,erratic,30.0,12.15,0,28.2
2024-05-04,SKU_07,higiene,erratic,6.0,12.28,0,31.2
2024-05-05,SKU_07,higiene,erratic,203.0,12.23,0,32.0
2024-05-06,SKU_07,higiene,erratic,58.0,12.0,0,30.5
2024-05-07,SKU_07,higiene,erratic,219.0,12.15,0,29.2
2024-05-08,SKU_07,higiene,erratic,114.0,12.15,0,30.7
2024-05-09,SKU_07,higiene,erratic,224.0,12.03,0,29.1
2024-05-10,SKU_07,higiene,erratic,96.0,12.04,0,31.6
2024-05-11,SKU_07,higiene,erratic,7.0,12.02,0,26.0
2024-05-12,SKU_07,higiene,erratic,0.0,11.84,0,29.0
2024-05-13,SKU_07,higiene,erratic,65.0,11.86,0,25.6
2024-05-14,SKU_07,higiene,erratic,216.0,11.86,0,26.6
2024-05-15,SKU_07,higiene,erratic,197.0,9.88,1,32.2
2024-05-16,SKU_07,higiene,erratic,138.0,12.03,0,31.3
2024-05-17,SKU_07,higiene,erratic,40.0,11.99,0,28.0
2024-05-18,SKU_07,higiene,erratic,24.0,12.15,0,26.4
2024-05-19,SKU_07,higiene,erratic,60.0,12.25,0,23.4
2024-05-20,SKU_07,higiene,erratic,20.0,12.26,0,28.2
2024-05-21,SKU_07,higiene,erratic,52.0,12.28,0,34.1
2024-05-22,SKU_07,higiene,erratic,26.0,11.85,0,30.0
2024-05-23,SKU_07,higiene,erratic,27.0,11.71,0,28.0
2024-05-24,SKU_07,higiene,erratic,54.0,12.19,0,30.0
2024-05-25,SKU_07,higiene,erratic,76.0,12.28,0,25.9
2024-05-26,SKU_07,higiene,erratic,82.0,12.31,0,28.4
2024-05-27,SKU_07,higiene,erratic,56.0,12.1,0,29.1
2024-05-28,SKU_07,higiene,erratic,39.0,11.6,0,28.7
2024-05-29,SKU_07,higiene,erratic,65.0,12.07,0,30.4
2024-05-30,SKU_07,higiene,erratic,43.0,12.11,0,29.4
2024-05-31,SKU_07,higiene,erratic,47.0,12.25,0,30.0
2024-06-01,SKU_07,higiene,erratic,14.0,12.29,0,27.2
2024-06-02,SKU_07,higiene,erratic,145.0,12.18,0,30.3
2024-06-03,SKU_07,higiene,erratic,52.0,11.88,0,31.7
2024-06-04,SKU_07,higiene,erratic,111.0,11.79,0,26.4
2024-06-05,SKU_07,higiene,erratic,167.0,12.11,0,26.5
2024-06-06,SKU_07,higiene,erratic,107.0,11.84,0,30.9
2024-06-07,SKU_07,higiene,erratic,92.0,12.3,0,27.8
2024-06-08,SKU_07,higiene,erratic,9.0,11.66,0,30.9
2024-06-09,SKU_07,higiene,erratic,55.0,12.11,0,27.1
2024-06-10,SKU_07,higiene,erratic,197.0,12.06,0,30.8
2024-06-11,SKU_07,higiene,erratic,122.0,11.96,0,28.1
2024-06-12,SKU_07,higiene,erratic,357.0,11.81,0,28.3
2024-06-13,SKU_07,higiene,erratic,317.0,11.59,0,30.8
2024-06-14,SKU_07,higiene,erratic,0.0,11.89,0,26.9
2024-06-15,SKU_07,higiene,erratic,39.0,11.9,0,25.6
2024-06-16,SKU_07,higiene,erratic,37.0,12.22,0,26.5
2024-06-17,SKU_07,higiene,erratic,55.0,11.84,0,28.3
2024-06-18,SKU_07,higiene,erratic,58.0,12.09,0,24.1
2024-06-19,SKU_07,higiene,erratic,50.0,11.74,0,28.5
2024-06-20,SKU_07,higiene,erratic,0.0,12.1,0,26.0
2024-06-21,SKU_07,higiene,erratic,65.0,11.55,0,29.3
2024-06-22,SKU_07,higiene,erratic,183.0,12.42,0,22.1
2024-06-23,SKU_07,higiene,erratic,168.0,11.97,0,25.3
2024-06-24,SKU_07,higiene,erratic,61.0,11.44,0,23.4
2024-06-25,SKU_07,higiene,erratic,178.0,11.86,0,25.0
2024-06-26,SKU_07,higiene,erratic,104.0,11.82,0,27.0
2024-06-27,SKU_07,higiene,erratic,76.0,11.87,0,26.1
2024-06-28,SKU_07,higiene,erratic,43.0,11.93,0,25.9
2024-06-29,SKU_07,higiene,erratic,39.0,11.87,0,25.9
2024-06-30,SKU_07,higiene,erratic,132.0,11.84,0,26.6
2024-07-01,SKU_07,higiene,erratic,87.0,11.77,0,24.1
2024-07-02,SKU_07,higiene,erratic,62.0,10.36,1,27.4
2024-07-03,SKU_07,higiene,erratic,42.0,12.24,0,27.2
2024-07-04,SKU_07,higiene,erratic,0.0,11.95,0,26.6
2024-07-05,SKU_07,higiene,erratic,64.0,12.0,0,26.8
2024-07-06,SKU_07,higiene,erratic,35.0,11.77,0,26.2
2024-07-07,SKU_07,higiene,erratic,45.0,10.21,1,29.6
2024-07-08,SKU_07,higiene,erratic,303.0,10.25,1,25.2
2024-07-09,SKU_07,higiene,erratic,176.0,11.96,0,24.7
2024-07-10,SKU_07,higiene,erratic,15.0,12.08,0,23.7
2024-07-11,SKU_07,higiene,erratic,323.0,10.26,1,23.0
2024-07-12,SKU_07,higiene,erratic,38.0,11.79,0,22.5
2024-07-13,SKU_07,higiene,erratic,52.0,12.24,0,23.1
2024-07-14,SKU_07,higiene,erratic,188.0,11.96,0,24.6
2024-07-15,SKU_07,higiene,erratic,284.0,12.34,0,25.3
2024-07-16,SKU_07,higiene,erratic,244.0,10.28,1,24.7
2024-07-17,SKU_07,higiene,erratic,91.0,12.39,0,22.9
2024-07-18,SKU_07,higiene,erratic,25.0,12.24,0,26.2
2024-07-19,SKU_07,higiene,erratic,9.0,12.05,0,25.7
2024-07-20,SKU_07,higiene,erratic,89.0,11.86,0,23.8
2024-07-21,SKU_07,higiene,erratic,218.0,11.86,0,22.7
2024-07-22,SKU_07,higiene,erratic,39.0,12.11,0,25.0
2024-07-23,SKU_07,higiene,erratic,60.0,12.03,0,24.2
2024-07-24,SKU_07,higiene,erratic,47.0,11.88,0,20.8
2024-07-25,SKU_07,higiene,erratic,46.0,12.17,0,23.5
2024-07-26,SKU_07,higiene,erratic,103.0,12.01,0,24.1
2024-07-27,SKU_07,higiene,erratic,52.0,12.17,0,21.6
2024-07-28,SKU_07,higiene,erratic,61.0,11.8,0,23.7
2024-07-29,SKU_07,higiene,erratic,616.0,12.2,0,20.3
2024-07-30,SKU_07,higiene,erratic,0.0,12.1,0,25.8
2024-07-31,SKU_07,higiene,erratic,113.0,12.24,0,25.5
2024-08-01,SKU_07,higiene,erratic,31.0,12.2,0,22.4
2024-08-02,SKU_07,higiene,erratic,38.0,11.98,0,23.5
2024-08-03,SKU_07,higiene,erratic,48.0,11.97,0,17.9
2024-08-04,SKU_07,higiene,erratic,142.0,12.36,0,20.3
2024-08-05,SKU_07,higiene,erratic,58.0,11.94,0,21.9
2024-08-06,SKU_07,higiene,erratic,54.0,12.15,0,20.3
2024-08-07,SKU_07,higiene,erratic,57.0,11.92,0,23.7
2024-08-08,SKU_07,higiene,erratic,30.0,11.63,0,26.2
2024-08-09,SKU_07,higiene,erratic,70.0,11.75,0,19.8
2024-08-10,SKU_07,higiene,erratic,53.0,12.08,0,20.3
2024-08-11,SKU_07,higiene,erratic,101.0,12.14,0,22.4
2024-08-12,SKU_07,higiene,erratic,67.0,12.08,0,25.1
2024-08-13,SKU_07,higiene,erratic,61.0,12.23,0,19.3
2024-08-14,SKU_07,higiene,erratic,182.0,12.08,0,22.1
2024-08-15,SKU_07,higiene,erratic,160.0,11.84,0,25.2
2024-08-16,SKU_07,higiene,erratic,130.0,12.12,0,18.1
2024-08-17,SKU_07,higiene,erratic,56.0,12.03,0,18.8
2024-08-18,SKU_07,higiene,erratic,302.0,10.08,1,20.4
2024-08-19,SKU_07,higiene,erratic,50.0,12.09,0,20.1
2024-08-20,SKU_07,higiene,erratic,60.0,12.02,0,22.7
2024-08-21,SKU_07,higiene,erratic,183.0,11.88,0,21.5
2024-08-22,SKU_07,higiene,erratic,137.0,11.96,0,17.4
2024-08-23,SKU_07,higiene,erratic,33.0,12.28,0,21.8
2024-08-24,SKU_07,higiene,erratic,18.0,12.28,0,19.6
2024-08-25,SKU_07,higiene,erratic,59.0,12.04,0,23.2
2024-08-26,SKU_07,higiene,erratic,58.0,10.21,1,19.3
2024-08-27,SKU_07,higiene,erratic,0.0,11.71,0,19.2
2024-08-28,SKU_07,higiene,erratic,127.0,12.34,0,21.5
2024-08-29,SKU_07,higiene,erratic,37.0,12.21,0,21.8
2024-08-30,SKU_07,higiene,erratic,18.0,12.15,0,21.1
2024-08-31,SKU_07,higiene,erratic,22.0,11.55,0,16.8
2024-09-01,SKU_07,higiene,erratic,44.0,12.01,0,21.1
2024-09-02,SKU_07,higiene,erratic,60.0,11.97,0,17.9
2024-09-03,SKU_07,higiene,erratic,168.0,12.14,0,20.4
2024-09-04,SKU_07,higiene,erratic,32.0,11.91,0,17.0
2024-09-05,SKU_07,higiene,erratic,431.0,11.95,0,20.7
2024-09-06,SKU_07,higiene,erratic,19.0,12.12,0,18.1
2024-09-07,SKU_07,higiene,erratic,13.0,11.85,0,17.1
2024-09-08,SKU_07,higiene,erratic,265.0,11.89,0,21.0
2024-09-09,SKU_07,higiene,erratic,197.0,12.04,0,20.0
2024-09-10,SKU_07,higiene,erratic,59.0,12.27,0,18.2
2024-09-11,SKU_07,higiene,erratic,93.0,12.16,0,22.3
2024-09-12,SKU_07,higiene,erratic,95.0,12.22,0,18.4
2024-09-13,SKU_07,higiene,erratic,65.0,10.21,1,19.3
2024-09-14,SKU_07,higiene,erratic,14.0,12.3,0,19.7
2024-09-15,SKU_07,higiene,erratic,9.0,11.65,0,17.9
2024-09-16,SKU_07,higiene,erratic,35.0,12.4,0,20.0
2024-09-17,SKU_07,higiene,erratic,423.0,10.63,1,17.9
2024-09-18,SKU_07,higiene,erratic,302.0,12.09,0,18.1
2024-09-19,SKU_07,higiene,erratic,55.0,12.17,0,21.6
2024-09-20,SKU_07,higiene,erratic,19.0,11.99,0,16.7
2024-09-21,SKU_07,higiene,erratic,72.0,10.16,1,13.9
2024-09-22,SKU_07,higiene,erratic,97.0,11.88,0,21.9
2024-09-23,SKU_07,higiene,erratic,110.0,11.99,0,23.8
2024-09-24,SKU_07,higiene,erratic,9.0,12.11,0,17.8
2024-09-25,SKU_07,higiene,erratic,1241.0,10.28,1,14.7
2024-09-26,SKU_07,higiene,erratic,169.0,12.4,0,17.9
2024-09-27,SKU_07,higiene,erratic,34.0,12.02,0,17.9
2024-09-28,SKU_07,higiene,erratic,23.0,11.7,0,18.1
2024-09-29,SKU_07,higiene,erratic,150.0,12.33,0,16.2
2024-09-30,SKU_07,higiene,erratic,101.0,11.76,0,19.5
2024-10-01,SKU_07,higiene,erratic,73.0,11.89,0,19.4
2024-10-02,SKU_07,higiene,erratic,98.0,12.05,0,15.3
2024-10-03,SKU_07,higiene,erratic,90.0,10.28,1,19.7
2024-10-04,SKU_07,higiene,erratic,56.0,11.71,0,22.4
2024-10-05,SKU_07,higiene,erratic,72.0,11.85,0,18.6
2024-10-06,SKU_07,higiene,erratic,90.0,11.7,0,17.5
2024-10-07,SKU_07,higiene,erratic,86.0,12.12,0,17.9
2024-10-08,SKU_07,higiene,erratic,209.0,12.24,0,19.4
2024-10-09,SKU_07,higiene,erratic,19.0,11.76,0,14.7
2024-10-10,SKU_07,higiene,erratic,36.0,12.2,0,18.4
2024-10-11,SKU_07,higiene,erratic,41.0,12.19,0,17.3
2024-10-12,SKU_07,higiene,erratic,23.0,11.87,0,21.8
2024-10-13,SKU_07,higiene,erratic,50.0,11.6,0,17.7
2024-10-14,SKU_07,higiene,erratic,193.0,11.79,0,21.4
2024-10-15,SKU_07,higiene,erratic,61.0,11.88,0,15.8
2024-10-16,SKU_07,higiene,erratic,16.0,12.31,0,19.2
2024-10-17,SKU_07,higiene,erratic,49.0,11.98,0,18.7
2024-10-18,SKU_07,higiene,erratic,43.0,11.8,0,16.3
2024-10-19,SKU_07,higiene,erratic,42.0,12.03,0,18.4
2024-10-20,SKU_07,higiene,erratic,108.0,11.74,0,20.4
2024-10-21,SKU_07,higiene,erratic,101.0,12.1,0,17.4
2024-10-22,SKU_07,higiene,erratic,62.0,11.8,0,14.6
2024-10-23,SKU_07,higiene,erratic,27.0,11.83,0,18.0
2024-10-24,SKU_07,higiene,erratic,49.0,12.08,0,16.2
2024-10-25,SKU_07,higiene,erratic,25.0,12.35,0,17.3
2024-10-26,SKU_07,higiene,erratic,33.0,12.44,0,17.9
2024-10-27,SKU_07,higiene,erratic,122.0,11.79,0,14.6
2024-10-28,SKU_07,higiene,erratic,97.0,11.88,0,14.8
2024-10-29,SKU_07,higiene,erratic,197.0,10.3,1,19.0
2024-10-30,SKU_07,higiene,erratic,52.0,12.23,0,17.0
2024-10-31,SKU_07,higiene,erratic,236.0,11.57,0,13.0
2024-11-01,SKU_07,higiene,erratic,71.0,12.02,0,19.7
2024-11-02,SKU_07,higiene,erratic,46.0,11.9,0,18.7
2024-11-03,SKU_07,higiene,erratic,167.0,9.82,1,16.7
2024-11-04,SKU_07,higiene,erratic,0.0,11.73,0,15.5
2024-11-05,SKU_07,higiene,erratic,13.0,11.89,0,19.9
2024-11-06,SKU_07,higiene,erratic,44.0,12.01,0,18.9
2024-11-07,SKU_07,higiene,erratic,0.0,12.2,0,23.0
2024-11-08,SKU_07,higiene,erratic,45.0,12.07,0,19.1
2024-11-09,SKU_07,higiene,erratic,38.0,12.19,0,19.1
2024-11-10,SKU_07,higiene,erratic,36.0,12.01,0,18.0
2024-11-11,SKU_07,higiene,erratic,15.0,11.86,0,20.0
2024-11-12,SKU_07,higiene,erratic,0.0,10.16,1,19.7
2024-11-13,SKU_07,higiene,erratic,61.0,12.14,0,21.0
2024-11-14,SKU_07,higiene,erratic,74.0,10.41,1,17.5
2024-11-15,SKU_07,higiene,erratic,25.0,11.97,0,17.7
2024-11-16,SKU_07,higiene,erratic,118.0,11.81,0,17.6
2024-11-17,SKU_07,higiene,erratic,148.0,12.07,0,20.2
2024-11-18,SKU_07,higiene,erratic,34.0,12.1,0,21.7
2024-11-19,SKU_07,higiene,erratic,186.0,12.25,0,17.8
2024-11-20,SKU_07,higiene,erratic,65.0,11.86,0,17.9
2024-11-21,SKU_07,higiene,erratic,45.0,11.87,0,19.5
2024-11-22,SKU_07,higiene,erratic,34.0,12.15,0,18.4
2024-11-23,SKU_07,higiene,erratic,23.0,11.92,0,20.9
2024-11-24,SKU_07,higiene,erratic,26.0,11.91,0,14.5
2024-11-25,SKU_07,higiene,erratic,0.0,12.25,0,17.4
2024-11-26,SKU_07,higiene,erratic,63.0,11.73,0,17.6
2024-11-27,SKU_07,higiene,erratic,123.0,12.41,0,14.6
2024-11-28,SKU_07,higiene,erratic,94.0,11.88,0,17.3
2024-11-29,SKU_07,higiene,erratic,69.0,12.17,0,17.5
2024-11-30,SKU_07,higiene,erratic,9.0,11.98,0,19.0
2024-12-01,SKU_07,higiene,erratic,38.0,12.05,0,21.7
2024-12-02,SKU_07,higiene,erratic,120.0,11.95,0,19.0
2024-12-03,SKU_07,higiene,erratic,27.0,12.17,0,17.5
2024-12-04,SKU_07,higiene,erratic,103.0,11.93,0,19.5
2024-12-05,SKU_07,higiene,erratic,25.0,11.89,0,21.8
2024-12-06,SKU_07,higiene,erratic,46.0,12.36,0,17.9
2024-12-07,SKU_07,higiene,erratic,165.0,12.01,0,18.1
2024-12-08,SKU_07,higiene,erratic,144.0,11.86,0,21.1
2024-12-09,SKU_07,higiene,erratic,18.0,11.7,0,19.6
2024-12-10,SKU_07,higiene,erratic,153.0,12.37,0,21.4
2024-12-11,SKU_07,higiene,erratic,335.0,11.89,0,20.2
2024-12-12,SKU_07,higiene,erratic,735.0,12.41,0,21.7
2024-12-13,SKU_07,higiene,erratic,68.0,12.08,0,18.3
2024-12-14,SKU_07,higiene,erratic,16.0,12.03,0,20.4
2024-12-15,SKU_07,higiene,erratic,111.0,12.03,0,20.1
2024-12-16,SKU_07,higiene,erratic,284.0,12.44,0,18.2
2024-12-17,SKU_07,higiene,erratic,68.0,11.56,0,17.6
2024-12-18,SKU_07,higiene,erratic,183.0,12.04,0,22.1
2024-12-19,SKU_07,higiene,erratic,41.0,11.95,0,20.2
2024-12-20,SKU_07,higiene,erratic,64.0,11.96,0,18.9
2024-12-21,SKU_07,higiene,erratic,6.0,12.03,0,20.8
2024-12-22,SKU_07,higiene,erratic,54.0,10.15,1,23.4
2024-12-23,SKU_07,higiene,erratic,80.0,12.04,0,16.7
2024-12-24,SKU_07,higiene,erratic,60.0,12.0,0,18.3
2024-12-25,SKU_07,higiene,erratic,29.0,11.74,0,19.6
2024-12-26,SKU_07,higiene,erratic,78.0,10.28,1,24.4
2024-12-27,SKU_07,higiene,erratic,63.0,12.14,0,22.2
2024-12-28,SKU_07,higiene,erratic,45.0,11.89,0,23.2
2024-12-29,SKU_07,higiene,erratic,86.0,12.37,0,19.5
2024-12-30,SKU_07,higiene,erratic,148.0,12.27,0,19.6
2023-01-01,SKU_08,higiene,erratic,126.0,13.79,0,22.6
2023-01-02,SKU_08,higiene,erratic,125.0,14.17,0,20.0
2023-01-03,SKU_08,higiene,erratic,96.0,11.72,1,23.7
2023-01-04,SKU_08,higiene,erratic,161.0,14.06,0,24.2
2023-01-05,SKU_08,higiene,erratic,228.0,13.72,0,18.5
2023-01-06,SKU_08,higiene,erratic,106.0,11.67,1,19.9
2023-01-07,SKU_08,higiene,erratic,24.0,13.76,0,22.8
2023-01-08,SKU_08,higiene,erratic,91.0,11.84,1,22.0
2023-01-09,SKU_08,higiene,erratic,103.0,14.04,0,22.7
2023-01-10,SKU_08,higiene,erratic,0.0,14.07,0,21.2
2023-01-11,SKU_08,higiene,erratic,62.0,13.65,0,24.7
2023-01-12,SKU_08,higiene,erratic,0.0,13.97,0,24.6
2023-01-13,SKU_08,higiene,erratic,139.0,13.85,0,23.3
2023-01-14,SKU_08,higiene,erratic,17.0,14.11,0,25.5
2023-01-15,SKU_08,higiene,erratic,45.0,11.85,1,24.3
2023-01-16,SKU_08,higiene,erratic,23.0,13.98,0,21.8
2023-01-17,SKU_08,higiene,erratic,31.0,13.85,0,24.3
2023-01-18,SKU_08,higiene,erratic,182.0,14.34,0,21.8
2023-01-19,SKU_08,higiene,erratic,188.0,13.74,0,25.6
2023-01-20,SKU_08,higiene,erratic,38.0,13.92,0,23.8
2023-01-21,SKU_08,higiene,erratic,59.0,14.02,0,23.6
2023-01-22,SKU_08,higiene,erratic,67.0,13.95,0,22.7
2023-01-23,SKU_08,higiene,erratic,26.0,13.85,0,26.7
2023-01-24,SKU_08,higiene,erratic,0.0,13.64,0,24.0
2023-01-25,SKU_08,higiene,erratic,206.0,13.86,0,23.6
2023-01-26,SKU_08,higiene,erratic,91.0,13.81,0,23.8
2023-01-27,SKU_08,higiene,erratic,20.0,14.34,0,25.7
2023-01-28,SKU_08,higiene,erratic,0.0,14.45,0,25.5
2023-01-29,SKU_08,higiene,erratic,40.0,13.99,0,25.6
2023-01-30,SKU_08,higiene,erratic,75.0,13.72,0,25.8
2023-01-31,SKU_08,higiene,erratic,89.0,14.15,0,29.3
2023-02-01,SKU_08,higiene,erratic,53.0,13.8,0,24.3
2023-02-02,SKU_08,higiene,erratic,22.0,13.89,0,24.2
2023-02-03,SKU_08,higiene,erratic,331.0,11.77,1,23.7
2023-02-04,SKU_08,higiene,erratic,72.0,11.8,1,26.7
2023-02-05,SKU_08,higiene,erratic,101.0,13.93,0,27.8
2023-02-06,SKU_08,higiene,erratic,0.0,11.64,1,25.4
2023-02-07,SKU_08,higiene,erratic,20.0,13.86,0,24.1
2023-02-08,SKU_08,higiene,erratic,0.0,14.2,0,24.2
2023-02-09,SKU_08,higiene,erratic,55.0,13.99,0,27.2
2023-02-10,SKU_08,higiene,erratic,74.0,14.03,0,27.5
2023-02-11,SKU_08,higiene,erratic,87.0,13.55,0,27.2
2023-02-12,SKU_08,higiene,erratic,132.0,14.19,0,24.9
2023-02-13,SKU_08,higiene,erratic,158.0,13.86,0,26.8
2023-02-14,SKU_08,higiene,erratic,304.0,14.22,0,26.6
2023-02-15,SKU_08,higiene,erratic,98.0,14.03,0,26.9
2023-02-16,SKU_08,higiene,erratic,174.0,13.89,0,28.3
2023-02-17,SKU_08,higiene,erratic,63.0,13.66,0,27.1
2023-02-18,SKU_08,higiene,erratic,9.0,14.43,0,28.1
2023-02-19,SKU_08,higiene,erratic,64.0,14.16,0,27.0
2023-02-20,SKU_08,higiene,erratic,52.0,12.07,1,27.5
2023-02-21,SKU_08,higiene,erratic,126.0,12.26,1,28.3
2023-02-22,SKU_08,higiene,erratic,39.0,14.04,0,24.2
2023-02-23,SKU_08,higiene,erratic,0.0,14.27,0,26.6
2023-02-24,SKU_08,higiene,erratic,95.0,13.9,0,26.4
2023-02-25,SKU_08,higiene,erratic,113.0,14.15,0,26.1
2023-02-26,SKU_08,higiene,erratic,268.0,13.87,0,26.9
2023-02-27,SKU_08,higiene,erratic,19.0,13.9,0,30.6
2023-02-28,SKU_08,higiene,erratic,28.0,14.02,0,25.9
2023-03-01,SKU_08,higiene,erratic,771.0,13.75,0,29.7
2023-03-02,SKU_08,higiene,erratic,241.0,11.97,1,24.4
2023-03-03,SKU_08,higiene,erratic,52.0,13.94,0,27.2
2023-03-04,SKU_08,higiene,erratic,45.0,13.6,0,28.3
2023-03-05,SKU_08,higiene,erratic,71.0,13.91,0,29.2
2023-03-06,SKU_08,higiene,erratic,16.0,13.93,0,29.5
2023-03-07,SKU_08,higiene,erratic,58.0,12.07,1,29.8
2023-03-08,SKU_08,higiene,erratic,68.0,14.06,0,27.6
2023-03-09,SKU_08,higiene,erratic,42.0,14.29,0,27.4
2023-03-10,SKU_08,higiene,erratic,28.0,14.1,0,30.1
2023-03-11,SKU_08,higiene,erratic,344.0,13.89,0,28.1
2023-03-12,SKU_08,higiene,erratic,61.0,13.99,0,26.0
2023-03-13,SKU_08,higiene,erratic,94.0,13.93,0,26.3
2023-03-14,SKU_08,higiene,erratic,91.0,14.1,0,26.8
2023-03-15,SKU_08,higiene,erratic,120.0,14.01,0,29.7
2023-03-16,SKU_08,higiene,erratic,0.0,13.87,0,29.1
2023-03-17,SKU_08,higiene,erratic,121.0,14.0,0,30.3
2023-03-18,SKU_08,higiene,erratic,63.0,14.09,0,28.1
2023-03-19,SKU_08,higiene,erratic,27.0,13.8,0,29.3
2023-03-20,SKU_08,higiene,erratic,69.0,14.06,0,30.3
2023-03-21,SKU_08,higiene,erratic,66.0,13.68,0,28.5
2023-03-22,SKU_08,higiene,erratic,91.0,12.12,1,30.1
2023-03-23,SKU_08,higiene,erratic,114.0,14.11,0,27.9
2023-03-24,SKU_08,higiene,erratic,74.0,14.33,0,28.5
2023-03-25,SKU_08,higiene,erratic,68.0,13.78,0,28.5
2023-03-26,SKU_08,higiene,erratic,99.0,14.23,0,27.0
2023-03-27,SKU_08,higiene,erratic,81.0,14.19,0,30.4
2023-03-28,SKU_08,higiene,erratic,14.0,13.96,0,28.5
2023-03-29,SKU_08,higiene,erratic,142.0,13.92,0,29.5
2023-03-30,SKU_08,higiene,erratic,112.0,13.78,0,30.5
2023-03-31,SKU_08,higiene,erratic,20.0,13.73,0,30.5
2023-04-01,SKU_08,higiene,erratic,56.0,13.85,0,30.9
2023-04-02,SKU_08,higiene,erratic,128.0,13.75,0,29.4
2023-04-03,SKU_08,higiene,erratic,195.0,14.32,0,28.8
2023-04-04,SKU_08,higiene,erratic,115.0,13.7,0,29.5
2023-04-05,SKU_08,higiene,erratic,99.0,14.03,0,26.4
2023-04-06,SKU_08,higiene,erratic,163.0,14.09,0,26.9
2023-04-07,SKU_08,higiene,erratic,35.0,14.07,0,27.1
2023-04-08,SKU_08,higiene,erratic,63.0,14.09,0,27.8
2023-04-09,SKU_08,higiene,erratic,46.0,14.19,0,30.6
2023-04-10,SKU_08,higiene,erratic,186.0,13.91,0,28.1
2023-04-11,SKU_08,higiene,erratic,21.0,14.02,0,29.1
2023-04-12,SKU_08,higiene,erratic,147.0,13.94,0,32.5
2023-04-13,SKU_08,higiene,erratic,77.0,14.26,0,29.2
2023-04-14,SKU_08,higiene,erratic,98.0,14.42,0,31.4
2023-04-15,SKU_08,higiene,erratic,24.0,13.76,0,28.1
2023-04-16,SKU_08,higiene,erratic,82.0,13.59,0,29.6
2023-04-17,SKU_08,higiene,erratic,80.0,14.11,0,28.1
2023-04-18,SKU_08,higiene,erratic,108.0,14.21,0,29.3
2023-04-19,SKU_08,higiene,erratic,33.0,14.39,0,31.7
2023-04-20,SKU_08,higiene,erratic,127.0,14.15,0,26.5
2023-04-21,SKU_08,higiene,erratic,10.0,14.28,0,30.9
2023-04-22,SKU_08,higiene,erratic,38.0,12.23,1,30.5
2023-04-23,SKU_08,higiene,erratic,22.0,14.29,0,28.8
2023-04-24,SKU_08,higiene,erratic,148.0,14.18,0,27.1
2023-04-25,SKU_08,higiene,erratic,105.0,13.74,0,30.1
2023-04-26,SKU_08,higiene,erratic,109.0,14.0,0,28.9
2023-04-27,SKU_08,higiene,erratic,247.0,14.06,0,30.4
2023-04-28,SKU_08,higiene,erratic,35.0,13.98,0,30.0
2023-04-29,SKU_08,higiene,erratic,73.0,13.99,0,33.2
2023-04-30,SKU_08,higiene,erratic,80.0,14.31,0,29.5
2023-05-01,SKU_08,higiene,erratic,71.0,13.85,0,27.9
2023-05-02,SKU_08,higiene,erratic,216.0,14.16,0,30.3
2023-05-03,SKU_08,higiene,erratic,401.0,14.06,0,30.3
2023-05-04,SKU_08,higiene,erratic,0.0,13.83,0,32.6
2023-05-05,SKU_08,higiene,erratic,87.0,13.78,0,31.5
2023-05-06,SKU_08,higiene,erratic,58.0,13.66,0,30.5
2023-05-07,SKU_08,higiene,erratic,98.0,14.1,0,32.7
2023-05-08,SKU_08,higiene,erratic,92.0,13.99,0,27.4
2023-05-09,SKU_08,higiene,erratic,58.0,13.83,0,28.5
2023-05-10,SKU_08,higiene,erratic,4.0,13.62,0,27.9
2023-05-11,SKU_08,higiene,erratic,257.0,14.09,0,28.9
2023-05-12,SKU_08,higiene,erratic,25.0,13.97,0,26.9
2023-05-13,SKU_08,higiene,erratic,36.0,13.86,0,30.9
2023-05-14,SKU_08,higiene,erratic,63.0,13.81,0,29.1
2023-05-15,SKU_08,higiene,erratic,40.0,13.95,0,26.6
2023-05-16,SKU_08,higiene,erratic,90.0,14.09,0,27.5
2023-05-17,SKU_08,higiene,erratic,72.0,13.93,0,30.1
2023-05-18,SKU_08,higiene,erratic,42.0,13.76,0,31.1
2023-05-19,SKU_08,higiene,erratic,50.0,13.99,0,33.4
2023-05-20,SKU_08,higiene,erratic,43.0,14.21,0,35.2
2023-05-21,SKU_08,higiene,erratic,156.0,14.01,0,30.1
2023-05-22,SKU_08,higiene,erratic,25.0,14.01,0,27.3
2023-05-23,SKU_08,higiene,erratic,57.0,11.83,1,24.9
2023-05-24,SKU_08,higiene,erratic,132.0,13.82,0,29.7
2023-05-25,SKU_08,higiene,erratic,44.0,13.82,0,27.4
2023-05-26,SKU_08,higiene,erratic,21.0,13.67,0,28.2
2023-05-27,SKU_08,higiene,erratic,27.0,14.24,0,27.7
2023-05-28,SKU_08,higiene,erratic,68.0,14.09,0,28.6
2023-05-29,SKU_08,higiene,erratic,68.0,14.02,0,31.0
2023-05-30,SKU_08,higiene,erratic,62.0,14.06,0,29.1
2023-05-31,SKU_08,higiene,erratic,32.0,14.07,0,28.4
2023-06-01,SKU_08,higiene,erratic,136.0,13.85,0,26.6
2023-06-02,SKU_08,higiene,erratic,125.0,13.93,0,25.2
2023-06-03,SKU_08,higiene,erratic,9.0,13.91,0,27.5
2023-06-04,SKU_08,higiene,erratic,21.0,14.5,0,28.3
2023-06-05,SKU_08,higiene,erratic,162.0,14.2,0,31.9
2023-06-06,SKU_08,higiene,erratic,368.0,11.93,1,28.6
2023-06-07,SKU_08,higiene,erratic,13.0,14.27,0,30.2
2023-06-08,SKU_08,higiene,erratic,0.0,14.25,0,27.2
2023-06-09,SKU_08,higiene,erratic,158.0,13.72,0,25.7
2023-06-10,SKU_08,higiene,erratic,21.0,13.96,0,26.1
2023-06-11,SKU_08,higiene,erratic,254.0,14.0,0,26.5
2023-06-12,SKU_08,higiene,erratic,62.0,14.12,0,32.1
2023-06-13,SKU_08,higiene,erratic,92.0,13.96,0,26.1
2023-06-14,SKU_08,higiene,erratic,40.0,13.98,0,29.4
2023-06-15,SKU_08,higiene,erratic,159.0,13.91,0,25.8
2023-06-16,SKU_08,higiene,erratic,82.0,14.21,0,29.4
2023-06-17,SKU_08,higiene,erratic,167.0,13.71,0,28.2
2023-06-18,SKU_08,higiene,erratic,0.0,13.91,0,27.0
2023-06-19,SKU_08,higiene,erratic,70.0,13.63,0,27.2
2023-06-20,SKU_08,higiene,erratic,851.0,13.79,0,25.9
2023-06-21,SKU_08,higiene,erratic,207.0,14.06,0,28.0
2023-06-22,SKU_08,higiene,erratic,108.0,14.07,0,26.1
2023-06-23,SKU_08,higiene,erratic,19.0,13.94,0,24.5
2023-06-24,SKU_08,higiene,erratic,12.0,14.22,0,24.3
2023-06-25,SKU_08,higiene,erratic,22.0,14.27,0,27.1
2023-06-26,SKU_08,higiene,erratic,33.0,13.99,0,29.8
2023-06-27,SKU_08,higiene,erratic,209.0,14.05,0,26.9
2023-06-28,SKU_08,higiene,erratic,102.0,13.91,0,26.2
2023-06-29,SKU_08,higiene,erratic,42.0,14.13,0,26.9
2023-06-30,SKU_08,higiene,erratic,36.0,13.76,0,28.9
2023-07-01,SKU_08,higiene,erratic,33.0,14.36,0,26.6
2023-07-02,SKU_08,higiene,erratic,130.0,14.23,0,25.3
2023-07-03,SKU_08,higiene,erratic,34.0,13.76,0,28.2
2023-07-04,SKU_08,higiene,erratic,90.0,13.84,0,26.7
2023-07-05,SKU_08,higiene,erratic,87.0,14.08,0,28.9
2023-07-06,SKU_08,higiene,erratic,34.0,13.93,0,26.0
2023-07-07,SKU_08,higiene,erratic,143.0,14.11,0,23.1
2023-07-08,SKU_08,higiene,erratic,32.0,13.93,0,22.7
2023-07-09,SKU_08,higiene,erratic,0.0,14.3,0,28.7
2023-07-10,SKU_08,higiene,erratic,133.0,14.0,0,28.7
2023-07-11,SKU_08,higiene,erratic,70.0,14.48,0,24.8
2023-07-12,SKU_08,higiene,erratic,93.0,14.12,0,24.3
2023-07-13,SKU_08,higiene,erratic,26.0,13.73,0,27.9
2023-07-14,SKU_08,higiene,erratic,76.0,14.42,0,22.7
2023-07-15,SKU_08,higiene,erratic,225.0,14.22,0,23.0
2023-07-16,SKU_08,higiene,erratic,24.0,14.08,0,26.0
2023-07-17,SKU_08,higiene,erratic,88.0,14.13,0,23.8
2023-07-18,SKU_08,higiene,erratic,35.0,13.76,0,24.5
2023-07-19,SKU_08,higiene,erratic,570.0,13.64,0,24.0
2023-07-20,SKU_08,higiene,erratic,178.0,13.99,0,24.9
2023-07-21,SKU_08,higiene,erratic,49.0,14.28,0,27.0
2023-07-22,SKU_08,higiene,erratic,14.0,14.08,0,24.2
2023-07-23,SKU_08,higiene,erratic,30.0,14.34,0,25.2
2023-07-24,SKU_08,higiene,erratic,119.0,14.26,0,19.7
2023-07-25,SKU_08,higiene,erratic,22.0,14.0,0,23.6
2023-07-26,SKU_08,higiene,erratic,22.0,14.24,0,22.0
2023-07-27,SKU_08,higiene,erratic,65.0,14.3,0,21.1
2023-07-28,SKU_08,higiene,erratic,43.0,13.98,0,21.7
2023-07-29,SKU_08,higiene,erratic,52.0,13.96,0,22.7
2023-07-30,SKU_08,higiene,erratic,45.0,14.03,0,25.1
2023-07-31,SKU_08,higiene,erratic,194.0,11.42,1,20.5
2023-08-01,SKU_08,higiene,erratic,32.0,14.06,0,23.1
2023-08-02,SKU_08,higiene,erratic,106.0,14.14,0,22.0
2023-08-03,SKU_08,higiene,erratic,76.0,14.03,0,22.2
2023-08-04,SKU_08,higiene,erratic,61.0,14.07,0,24.7
2023-08-05,SKU_08,higiene,erratic,97.0,13.99,0,23.7
2023-08-06,SKU_08,higiene,erratic,44.0,13.6,0,25.2
2023-08-07,SKU_08,higiene,erratic,37.0,14.33,0,22.1
2023-08-08,SKU_08,higiene,erratic,16.0,13.93,0,20.9
2023-08-09,SKU_08,higiene,erratic,13.0,13.88,0,21.8
2023-08-10,SKU_08,higiene,erratic,55.0,14.27,0,22.6
2023-08-11,SKU_08,higiene,erratic,34.0,14.2,0,22.4
2023-08-12,SKU_08,higiene,erratic,16.0,14.05,0,19.8
2023-08-13,SKU_08,higiene,erratic,31.0,14.15,0,22.0
2023-08-14,SKU_08,higiene,erratic,212.0,13.77,0,22.2
2023-08-15,SKU_08,higiene,erratic,126.0,13.98,0,26.7
2023-08-16,SKU_08,higiene,erratic,33.0,12.16,1,25.3
2023-08-17,SKU_08,higiene,erratic,44.0,13.86,0,19.7
2023-08-18,SKU_08,higiene,erratic,51.0,13.8,0,20.8
2023-08-19,SKU_08,higiene,erratic,22.0,14.02,0,18.3
2023-08-20,SKU_08,higiene,erratic,32.0,14.02,0,20.0
2023-08-21,SKU_08,higiene,erratic,47.0,14.13,0,21.7
2023-08-22,SKU_08,higiene,erratic,148.0,13.72,0,23.4
2023-08-23,SKU_08,higiene,erratic,159.0,13.49,0,19.4
2023-08-24,SKU_08,higiene,erratic,34.0,14.18,0,19.5
2023-08-25,SKU_08,higiene,erratic,53.0,13.78,0,16.4
2023-08-26,SKU_08,higiene,erratic,52.0,11.78,1,20.3
2023-08-27,SKU_08,higiene,erratic,27.0,13.56,0,18.4
2023-08-28,SKU_08,higiene,erratic,48.0,14.2,0,19.4
2023-08-29,SKU_08,higiene,erratic,32.0,11.97,1,18.6
2023-08-30,SKU_08,higiene,erratic,155.0,14.06,0,20.1
2023-08-31,SKU_08,higiene,erratic,212.0,14.06,0,16.7
2023-09-01,SKU_08,higiene,erratic,26.0,13.59,0,17.2
2023-09-02,SKU_08,higiene,erratic,21.0,13.8,0,24.3
2023-09-03,SKU_08,higiene,erratic,142.0,13.91,0,17.4
2023-09-04,SKU_08,higiene,erratic,161.0,13.85,0,17.7
2023-09-05,SKU_08,higiene,erratic,25.0,13.95,0,23.5
2023-09-06,SKU_08,higiene,erratic,54.0,14.05,0,25.6
2023-09-07,SKU_08,higiene,erratic,58.0,14.2,0,17.4
2023-09-08,SKU_08,higiene,erratic,0.0,13.7,0,18.9
2023-09-09,SKU_08,higiene,erratic,49.0,14.0,0,20.2
2023-09-10,SKU_08,higiene,erratic,34.0,14.14,0,22.9
2023-09-11,SKU_08,higiene,erratic,39.0,13.82,0,17.4
2023-09-12,SKU_08,higiene,erratic,56.0,13.96,0,18.9
2023-09-13,SKU_08,higiene,erratic,0.0,14.09,0,20.8
2023-09-14,SKU_08,higiene,erratic,12.0,14.0,0,20.1
2023-09-15,SKU_08,higiene,erratic,74.0,14.13,0,18.4
2023-09-16,SKU_08,higiene,erratic,29.0,11.92,1,18.8
2023-09-17,SKU_08,higiene,erratic,333.0,13.94,0,16.3
2023-09-18,SKU_08,higiene,erratic,292.0,13.77,0,18.5
2023-09-19,SKU_08,higiene,erratic,40.0,14.05,0,18.4
2023-09-20,SKU_08,higiene,erratic,392.0,14.02,0,19.3
2023-09-21,SKU_08,higiene,erratic,128.0,13.8,0,17.7
2023-09-22,SKU_08,higiene,erratic,21.0,14.12,0,19.7
2023-09-23,SKU_08,higiene,erratic,4.0,14.25,0,20.7
2023-09-24,SKU_08,higiene,erratic,104.0,13.87,0,19.0
2023-09-25,SKU_08,higiene,erratic,62.0,13.85,0,19.3
2023-09-26,SKU_08,higiene,erratic,85.0,13.85,0,18.7
2023-09-27,SKU_08,higiene,erratic,50.0,13.66,0,18.5
2023-09-28,SKU_08,higiene,erratic,24.0,14.4,0,17.1
2023-09-29,SKU_08,higiene,erratic,25.0,13.91,0,19.1
2023-09-30,SKU_08,higiene,erratic,63.0,13.83,0,18.2
2023-10-01,SKU_08,higiene,erratic,45.0,13.77,0,22.6
2023-10-02,SKU_08,higiene,erratic,45.0,13.92,0,21.5
2023-10-03,SKU_08,higiene,erratic,18.0,13.86,0,19.1
2023-10-04,SKU_08,higiene,erratic,65.0,14.29,0,16.8
2023-10-05,SKU_08,higiene,erratic,25.0,13.75,0,16.0
2023-10-06,SKU_08,higiene,erratic,74.0,13.69,0,20.6
2023-10-07,SKU_08,higiene,erratic,20.0,14.11,0,18.7
2023-10-08,SKU_08,higiene,erratic,48.0,13.98,0,19.1
2023-10-09,SKU_08,higiene,erratic,343.0,13.96,0,14.7
2023-10-10,SKU_08,higiene,erratic,47.0,14.11,0,20.0
2023-10-11,SKU_08,higiene,erratic,42.0,14.03,0,19.0
2023-10-12,SKU_08,higiene,erratic,141.0,11.89,1,15.9
2023-10-13,SKU_08,higiene,erratic,9.0,13.72,0,17.1
2023-10-14,SKU_08,higiene,erratic,98.0,13.67,0,18.6
2023-10-15,SKU_08,higiene,erratic,135.0,13.86,0,18.1
2023-10-16,SKU_08,higiene,erratic,93.0,13.78,0,17.4
2023-10-17,SKU_08,higiene,erratic,4.0,14.05,0,17.8
2023-10-18,SKU_08,higiene,erratic,49.0,13.64,0,17.5
2023-10-19,SKU_08,higiene,erratic,22.0,13.91,0,18.3
2023-10-20,SKU_08,higiene,erratic,89.0,13.97,0,20.9
2023-10-21,SKU_08,higiene,erratic,84.0,13.99,0,12.9
2023-10-22,SKU_08,higiene,erratic,84.0,14.08,0,17.5
2023-10-23,SKU_08,higiene,erratic,23.0,13.93,0,18.4
2023-10-24,SKU_08,higiene,erratic,204.0,13.87,0,18.6
2023-10-25,SKU_08,higiene,erratic,50.0,14.25,0,17.3
2023-10-26,SKU_08,higiene,erratic,262.0,13.94,0,14.5
2023-10-27,SKU_08,higiene,erratic,0.0,14.28,0,18.7
2023-10-28,SKU_08,higiene,erratic,55.0,13.93,0,21.5
2023-10-29,SKU_08,higiene,erratic,43.0,14.0,0,15.0
2023-10-30,SKU_08,higiene,erratic,192.0,13.97,0,19.8
2023-10-31,SKU_08,higiene,erratic,101.0,14.05,0,17.4
2023-11-01,SKU_08,higiene,erratic,198.0,13.92,0,18.0
2023-11-02,SKU_08,higiene,erratic,72.0,14.02,0,16.0
2023-11-03,SKU_08,higiene,erratic,36.0,14.31,0,17.5
2023-11-04,SKU_08,higiene,erratic,60.0,14.21,0,20.8
2023-11-05,SKU_08,higiene,erratic,289.0,12.11,1,19.3
2023-11-06,SKU_08,higiene,erratic,0.0,13.73,0,21.7
2023-11-07,SKU_08,higiene,erratic,70.0,13.76,0,20.6
2023-11-08,SKU_08,higiene,erratic,14.0,14.04,0,19.1
2023-11-09,SKU_08,higiene,erratic,121.0,14.15,0,21.8
2023-11-10,SKU_08,higiene,erratic,12.0,13.9,0,19.2
2023-11-11,SKU_08,higiene,erratic,39.0,13.86,0,20.0
2023-11-12,SKU_08,higiene,erratic,58.0,14.28,0,17.8
2023-11-13,SKU_08,higiene,erratic,20.0,14.14,0,18.6
2023-11-14,SKU_08,higiene,erratic,86.0,14.21,0,17.1
2023-11-15,SKU_08,higiene,erratic,361.0,13.91,0,20.5
2023-11-16,SKU_08,higiene,erratic,50.0,13.9,0,16.2
2023-11-17,SKU_08,higiene,erratic,0.0,14.19,0,20.2
2023-11-18,SKU_08,higiene,erratic,252.0,13.95,0,18.3
2023-11-19,SKU_08,higiene,erratic,129.0,13.88,0,21.0
2023-11-20,SKU_08,higiene,erratic,39.0,13.82,0,20.2
2023-11-21,SKU_08,higiene,erratic,79.0,13.9,0,22.4
2023-11-22,SKU_08,higiene,erratic,96.0,14.18,0,20.3
2023-11-23,SKU_08,higiene,erratic,206.0,13.7,0,15.8
2023-11-24,SKU_08,higiene,erratic,103.0,14.13,0,18.8
2023-11-25,SKU_08,higiene,erratic,4.0,13.86,0,16.7
2023-11-26,SKU_08,higiene,erratic,33.0,13.96,0,18.0
2023-11-27,SKU_08,higiene,erratic,62.0,13.97,0,22.2
2023-11-28,SKU_08,higiene,erratic,29.0,13.96,0,20.5
2023-11-29,SKU_08,higiene,erratic,3.0,13.94,0,17.9
2023-11-30,SKU_08,higiene,erratic,37.0,13.91,0,17.3
2023-12-01,SKU_08,higiene,erratic,39.0,13.89,0,19.4
2023-12-02,SKU_08,higiene,erratic,26.0,14.26,0,17.0
2023-12-03,SKU_08,higiene,erratic,30.0,14.01,0,18.2
2023-12-04,SKU_08,higiene,erratic,70.0,13.97,0,20.2
2023-12-05,SKU_08,higiene,erratic,0.0,13.87,0,22.0
2023-12-06,SKU_08,higiene,erratic,47.0,13.92,0,20.9
2023-12-07,SKU_08,higiene,erratic,296.0,11.77,1,15.2
2023-12-08,SKU_08,higiene,erratic,42.0,14.15,0,20.5
2023-12-09,SKU_08,higiene,erratic,20.0,13.85,0,20.1
2023-12-10,SKU_08,higiene,erratic,28.0,13.55,0,20.9
2023-12-11,SKU_08,higiene,erratic,58.0,14.01,0,23.3
2023-12-12,SKU_08,higiene,erratic,168.0,13.94,0,16.1
2023-12-13,SKU_08,higiene,erratic,36.0,13.88,0,19.1
2023-12-14,SKU_08,higiene,erratic,0.0,14.18,0,21.5
2023-12-15,SKU_08,higiene,erratic,44.0,13.45,0,17.3
2023-12-16,SKU_08,higiene,erratic,0.0,14.32,0,23.5
2023-12-17,SKU_08,higiene,erratic,96.0,14.21,0,21.3
2023-12-18,SKU_08,higiene,erratic,40.0,13.87,0,22.4
2023-12-19,SKU_08,higiene,erratic,127.0,13.91,0,19.6
2023-12-20,SKU_08,higiene,erratic,131.0,14.1,0,22.5
2023-12-21,SKU_08,higiene,erratic,51.0,14.11,0,23.1
2023-12-22,SKU_08,higiene,erratic,23.0,11.77,1,21.5
2023-12-23,SKU_08,higiene,erratic,65.0,13.68,0,21.6
2023-12-24,SKU_08,higiene,erratic,75.0,14.42,0,21.8
2023-12-25,SKU_08,higiene,erratic,21.0,14.19,0,19.6
2023-12-26,SKU_08,higiene,erratic,88.0,14.03,0,21.1
2023-12-27,SKU_08,higiene,erratic,43.0,14.04,0,21.2
2023-12-28,SKU_08,higiene,erratic,21.0,14.12,0,22.4
2023-12-29,SKU_08,higiene,erratic,32.0,14.15,0,23.7
2023-12-30,SKU_08,higiene,erratic,120.0,13.58,0,19.7
2023-12-31,SKU_08,higiene,erratic,192.0,13.93,0,21.6
2024-01-01,SKU_08,higiene,erratic,156.0,13.91,0,24.9
2024-01-02,SKU_08,higiene,erratic,91.0,13.97,0,20.6
2024-01-03,SKU_08,higiene,erratic,119.0,14.15,0,20.5
2024-01-04,SKU_08,higiene,erratic,80.0,13.64,0,22.7
2024-01-05,SKU_08,higiene,erratic,18.0,13.73,0,24.1
2024-01-06,SKU_08,higiene,erratic,21.0,13.86,0,22.5
2024-01-07,SKU_08,higiene,erratic,46.0,14.03,0,25.2
2024-01-08,SKU_08,higiene,erratic,230.0,14.17,0,24.4
2024-01-09,SKU_08,higiene,erratic,177.0,14.33,0,24.5
2024-01-10,SKU_08,higiene,erratic,32.0,13.94,0,24.0
2024-01-11,SKU_08,higiene,erratic,79.0,14.17,0,27.6
2024-01-12,SKU_08,higiene,erratic,32.0,14.14,0,22.7
2024-01-13,SKU_08,higiene,erratic,39.0,14.11,0,19.2
2024-01-14,SKU_08,higiene,erratic,71.0,11.9,1,26.5
2024-01-15,SKU_08,higiene,erratic,235.0,13.92,0,22.5
2024-01-16,SKU_08,higiene,erratic,75.0,13.79,0,23.7
2024-01-17,SKU_08,higiene,erratic,91.0,13.77,0,26.2
2024-01-18,SKU_08,higiene,erratic,92.0,14.07,0,20.5
2024-01-19,SKU_08,higiene,erratic,20.0,13.99,0,21.3
2024-01-20,SKU_08,higiene,erratic,50.0,13.92,0,20.7
2024-01-21,SKU_08,higiene,erratic,181.0,14.13,0,22.4
2024-01-22,SKU_08,higiene,erratic,253.0,13.96,0,25.0
2024-01-23,SKU_08,higiene,erratic,31.0,13.82,0,25.3
2024-01-24,SKU_08,higiene,erratic,23.0,13.95,0,24.9
2024-01-25,SKU_08,higiene,erratic,82.0,14.16,0,21.6
2024-01-26,SKU_08,higiene,erratic,113.0,13.8,0,19.9
2024-01-27,SKU_08,higiene,erratic,62.0,14.04,0,24.7
2024-01-28,SKU_08,higiene,erratic,136.0,13.99,0,23.8
2024-01-29,SKU_08,higiene,erratic,27.0,13.85,0,25.7
2024-01-30,SKU_08,higiene,erratic,50.0,13.94,0,26.3
2024-01-31,SKU_08,higiene,erratic,20.0,11.59,1,25.3
2024-02-01,SKU_08,higiene,erratic,103.0,11.92,1,26.6
2024-02-02,SKU_08,higiene,erratic,12.0,11.63,1,25.7
2024-02-03,SKU_08,higiene,erratic,138.0,14.21,0,26.4
2024-02-04,SKU_08,higiene,erratic,279.0,13.98,0,24.0
2024-02-05,SKU_08,higiene,erratic,130.0,11.79,1,25.2
2024-02-06,SKU_08,higiene,erratic,24.0,14.23,0,26.0
2024-02-07,SKU_08,higiene,erratic,109.0,13.79,0,27.4
2024-02-08,SKU_08,higiene,erratic,359.0,13.85,0,25.0
2024-02-09,SKU_08,higiene,erratic,70.0,13.63,0,27.0
2024-02-10,SKU_08,higiene,erratic,124.0,14.26,0,25.5
2024-02-11,SKU_08,higiene,erratic,55.0,14.37,0,25.9
2024-02-12,SKU_08,higiene,erratic,41.0,13.67,0,27.9
2024-02-13,SKU_08,higiene,erratic,77.0,13.84,0,22.3
2024-02-14,SKU_08,higiene,erratic,17.0,14.01,0,23.8
2024-02-15,SKU_08,higiene,erratic,504.0,13.9,0,23.5
2024-02-16,SKU_08,higiene,erratic,54.0,13.99,0,21.9
2024-02-17,SKU_08,higiene,erratic,98.0,13.98,0,25.3
2024-02-18,SKU_08,higiene,erratic,57.0,14.08,0,28.3
2024-02-19,SKU_08,higiene,erratic,24.0,13.81,0,26.3
2024-02-20,SKU_08,higiene,erratic,260.0,14.04,0,27.4
2024-02-21,SKU_08,higiene,erratic,34.0,13.78,0,29.2
2024-02-22,SKU_08,higiene,erratic,110.0,13.92,0,29.8
2024-02-23,SKU_08,higiene,erratic,70.0,13.65,0,27.1
2024-02-24,SKU_08,higiene,erratic,52.0,13.92,0,30.0
2024-02-25,SKU_08,higiene,erratic,0.0,13.89,0,27.6
2024-02-26,SKU_08,higiene,erratic,74.0,14.19,0,25.8
2024-02-27,SKU_08,higiene,erratic,39.0,13.99,0,26.4
2024-02-28,SKU_08,higiene,erratic,0.0,14.02,0,24.7
2024-02-29,SKU_08,higiene,erratic,133.0,14.0,0,26.0
2024-03-01,SKU_08,higiene,erratic,49.0,13.57,0,27.1
2024-03-02,SKU_08,higiene,erratic,32.0,13.6,0,29.5
2024-03-03,SKU_08,higiene,erratic,458.0,13.94,0,31.4
2024-03-04,SKU_08,higiene,erratic,0.0,14.06,0,25.3
2024-03-05,SKU_08,higiene,erratic,25.0,13.95,0,28.9
2024-03-06,SKU_08,higiene,erratic,79.0,13.83,0,26.1
2024-03-07,SKU_08,higiene,erratic,69.0,13.95,0,29.2
2024-03-08,SKU_08,higiene,erratic,121.0,13.93,0,28.1
2024-03-09,SKU_08,higiene,erratic,85.0,14.16,0,24.8
2024-03-10,SKU_08,higiene,erratic,87.0,14.14,0,30.3
2024-03-11,SKU_08,higiene,erratic,128.0,13.89,0,27.3
2024-03-12,SKU_08,higiene,erratic,126.0,13.99,0,27.5
2024-03-13,SKU_08,higiene,erratic,462.0,14.06,0,26.5
2024-03-14,SKU_08,higiene,erratic,0.0,14.08,0,27.4
2024-03-15,SKU_08,higiene,erratic,29.0,14.33,0,29.7
2024-03-16,SKU_08,higiene,erratic,59.0,13.99,0,28.5
2024-03-17,SKU_08,higiene,erratic,11.0,14.23,0,29.6
2024-03-18,SKU_08,higiene,erratic,84.0,13.77,0,29.7
2024-03-19,SKU_08,higiene,erratic,207.0,13.87,0,31.7
2024-03-20,SKU_08,higiene,erratic,203.0,11.47,1,28.4
2024-03-21,SKU_08,higiene,erratic,160.0,11.93,1,26.2
2024-03-22,SKU_08,higiene,erratic,86.0,14.13,0,31.3
2024-03-23,SKU_08,higiene,erratic,124.0,13.49,0,28.6
2024-03-24,SKU_08,higiene,erratic,271.0,14.04,0,31.5
2024-03-25,SKU_08,higiene,erratic,124.0,14.12,0,30.1
2024-03-26,SKU_08,higiene,erratic,67.0,14.11,0,29.1
2024-03-27,SKU_08,higiene,erratic,14.0,13.76,0,30.1
2024-03-28,SKU_08,higiene,erratic,0.0,14.15,0,33.4
2024-03-29,SKU_08,higiene,erratic,77.0,14.0,0,33.7
2024-03-30,SKU_08,higiene,erratic,58.0,14.12,0,29.7
2024-03-31,SKU_08,higiene,erratic,0.0,13.97,0,29.9
2024-04-01,SKU_08,higiene,erratic,188.0,14.08,0,31.8
2024-04-02,SKU_08,higiene,erratic,71.0,14.22,0,28.0
2024-04-03,SKU_08,higiene,erratic,84.0,13.96,0,30.4
2024-04-04,SKU_08,higiene,erratic,120.0,11.96,1,29.7
2024-04-05,SKU_08,higiene,erratic,107.0,12.15,1,30.4
2024-04-06,SKU_08,higiene,erratic,20.0,13.97,0,28.1
2024-04-07,SKU_08,higiene,erratic,136.0,13.77,0,26.6
2024-04-08,SKU_08,higiene,erratic,49.0,14.14,0,25.7
2024-04-09,SKU_08,higiene,erratic,50.0,14.29,0,27.6
2024-04-10,SKU_08,higiene,erratic,177.0,14.26,0,29.0
2024-04-11,SKU_08,higiene,erratic,39.0,14.14,0,29.3
2024-04-12,SKU_08,higiene,erratic,104.0,13.53,0,33.8
2024-04-13,SKU_08,higiene,erratic,56.0,13.87,0,32.2
2024-04-14,SKU_08,higiene,erratic,0.0,11.78,1,28.0
2024-04-15,SKU_08,higiene,erratic,0.0,14.01,0,30.7
2024-04-16,SKU_08,higiene,erratic,111.0,14.34,0,29.2
2024-04-17,SKU_08,higiene,erratic,119.0,13.78,0,29.4
2024-04-18,SKU_08,higiene,erratic,195.0,14.45,0,30.4
2024-04-19,SKU_08,higiene,erratic,171.0,13.92,0,31.2
2024-04-20,SKU_08,higiene,erratic,60.0,13.85,0,29.3
2024-04-21,SKU_08,higiene,erratic,142.0,14.17,0,32.1
2024-04-22,SKU_08,higiene,erratic,117.0,14.18,0,27.7
2024-04-23,SKU_08,higiene,erratic,66.0,14.13,0,30.0
2024-04-24,SKU_08,higiene,erratic,24.0,13.85,0,35.2
2024-04-25,SKU_08,higiene,erratic,103.0,14.1,0,30.4
2024-04-26,SKU_08,higiene,erratic,0.0,13.79,0,32.8
2024-04-27,SKU_08,higiene,erratic,82.0,13.84,0,30.2
2024-04-28,SKU_08,higiene,erratic,54.0,11.88,1,31.1
2024-04-29,SKU_08,higiene,erratic,208.0,13.84,0,29.8
2024-04-30,SKU_08,higiene,erratic,67.0,14.21,0,29.6
2024-05-01,SKU_08,higiene,erratic,16.0,13.88,0,28.4
2024-05-02,SKU_08,higiene,erratic,195.0,13.96,0,30.8
2024-05-03,SKU_08,higiene,erratic,24.0,13.82,0,28.2
2024-05-04,SKU_08,higiene,erratic,212.0,14.21,0,31.2
2024-05-05,SKU_08,higiene,erratic,216.0,13.87,0,32.0
2024-05-06,SKU_08,higiene,erratic,71.0,14.23,0,30.5
2024-05-07,SKU_08,higiene,erratic,124.0,14.21,0,29.2
2024-05-08,SKU_08,higiene,erratic,598.0,13.91,0,30.7
2024-05-09,SKU_08,higiene,erratic,191.0,14.01,0,29.1
2024-05-10,SKU_08,higiene,erratic,61.0,13.91,0,31.6
2024-05-11,SKU_08,higiene,erratic,512.0,14.11,0,26.0
2024-05-12,SKU_08,higiene,erratic,94.0,13.96,0,29.0
2024-05-13,SKU_08,higiene,erratic,136.0,13.92,0,25.6
2024-05-14,SKU_08,higiene,erratic,40.0,14.01,0,26.6
2024-05-15,SKU_08,higiene,erratic,32.0,11.58,1,32.2
2024-05-16,SKU_08,higiene,erratic,0.0,13.98,0,31.3
2024-05-17,SKU_08,higiene,erratic,52.0,14.13,0,28.0
2024-05-18,SKU_08,higiene,erratic,65.0,14.03,0,26.4
2024-05-19,SKU_08,higiene,erratic,27.0,14.19,0,23.4
2024-05-20,SKU_08,higiene,erratic,143.0,13.92,0,28.2
2024-05-21,SKU_08,higiene,erratic,43.0,13.91,0,34.1
2024-05-22,SKU_08,higiene,erratic,137.0,13.78,0,30.0
2024-05-23,SKU_08,higiene,erratic,178.0,13.92,0,28.0
2024-05-24,SKU_08,higiene,erratic,36.0,14.39,0,30.0
2024-05-25,SKU_08,higiene,erratic,23.0,14.06,0,25.9
2024-05-26,SKU_08,higiene,erratic,288.0,13.88,0,28.4
2024-05-27,SKU_08,higiene,erratic,0.0,13.8,0,29.1
2024-05-28,SKU_08,higiene,erratic,94.0,13.68,0,28.7
2024-05-29,SKU_08,higiene,erratic,270.0,13.83,0,30.4
2024-05-30,SKU_08,higiene,erratic,0.0,14.15,0,29.4
2024-05-31,SKU_08,higiene,erratic,30.0,13.91,0,30.0
2024-06-01,SKU_08,higiene,erratic,22.0,13.81,0,27.2
2024-06-02,SKU_08,higiene,erratic,76.0,13.83,0,30.3
2024-06-03,SKU_08,higiene,erratic,153.0,14.13,0,31.7
2024-06-04,SKU_08,higiene,erratic,251.0,13.98,0,26.4
2024-06-05,SKU_08,higiene,erratic,84.0,13.87,0,26.5
2024-06-06,SKU_08,higiene,erratic,217.0,13.94,0,30.9
2024-06-07,SKU_08,higiene,erratic,41.0,14.44,0,27.8
2024-06-08,SKU_08,higiene,erratic,26.0,14.24,0,30.9
2024-06-09,SKU_08,higiene,erratic,29.0,14.29,0,27.1
2024-06-10,SKU_08,higiene,erratic,54.0,13.65,0,30.8
2024-06-11,SKU_08,higiene,erratic,29.0,13.97,0,28.1
2024-06-12,SKU_08,higiene,erratic,406.0,13.87,0,28.3
2024-06-13,SKU_08,higiene,erratic,115.0,14.11,0,30.8
2024-06-14,SKU_08,higiene,erratic,44.0,14.21,0,26.9
2024-06-15,SKU_08,higiene,erratic,190.0,14.07,0,25.6
2024-06-16,SKU_08,higiene,erratic,28.0,13.83,0,26.5
2024-06-17,SKU_08,higiene,erratic,72.0,13.87,0,28.3
2024-06-18,SKU_08,higiene,erratic,398.0,14.12,0,24.1
2024-06-19,SKU_08,higiene,erratic,71.0,14.14,0,28.5
2024-06-20,SKU_08,higiene,erratic,568.0,14.03,0,26.0
2024-06-21,SKU_08,higiene,erratic,88.0,14.03,0,29.3
2024-06-22,SKU_08,higiene,erratic,134.0,14.01,0,22.1
2024-06-23,SKU_08,higiene,erratic,231.0,14.05,0,25.3
2024-06-24,SKU_08,higiene,erratic,79.0,14.14,0,23.4
2024-06-25,SKU_08,higiene,erratic,53.0,14.13,0,25.0
2024-06-26,SKU_08,higiene,erratic,72.0,14.0,0,27.0
2024-06-27,SKU_08,higiene,erratic,36.0,13.99,0,26.1
2024-06-28,SKU_08,higiene,erratic,44.0,13.98,0,25.9
2024-06-29,SKU_08,higiene,erratic,0.0,13.84,0,25.9
2024-06-30,SKU_08,higiene,erratic,302.0,13.84,0,26.6
2024-07-01,SKU_08,higiene,erratic,125.0,14.11,0,24.1
2024-07-02,SKU_08,higiene,erratic,750.0,11.76,1,27.4
2024-07-03,SKU_08,higiene,erratic,14.0,14.16,0,27.2
2024-07-04,SKU_08,higiene,erratic,29.0,13.99,0,26.6
2024-07-05,SKU_08,higiene,erratic,34.0,14.16,0,26.8
2024-07-06,SKU_08,higiene,erratic,151.0,14.13,0,26.2
2024-07-07,SKU_08,higiene,erratic,102.0,12.07,1,29.6
2024-07-08,SKU_08,higiene,erratic,35.0,11.8,1,25.2
2024-07-09,SKU_08,higiene,erratic,63.0,14.08,0,24.7
2024-07-10,SKU_08,higiene,erratic,29.0,14.15,0,23.7
2024-07-11,SKU_08,higiene,erratic,36.0,11.59,1,23.0
2024-07-12,SKU_08,higiene,erratic,223.0,14.34,0,22.5
2024-07-13,SKU_08,higiene,erratic,34.0,14.45,0,23.1
2024-07-14,SKU_08,higiene,erratic,87.0,14.19,0,24.6
2024-07-15,SKU_08,higiene,erratic,70.0,14.16,0,25.3
2024-07-16,SKU_08,higiene,erratic,90.0,12.02,1,24.7
2024-07-17,SKU_08,higiene,erratic,38.0,13.94,0,22.9
2024-07-18,SKU_08,higiene,erratic,58.0,13.98,0,26.2
2024-07-19,SKU_08,higiene,erratic,58.0,14.19,0,25.7
2024-07-20,SKU_08,higiene,erratic,137.0,13.81,0,23.8
2024-07-21,SKU_08,higiene,erratic,159.0,13.79,0,22.7
2024-07-22,SKU_08,higiene,erratic,28.0,13.92,0,25.0
2024-07-23,SKU_08,higiene,erratic,164.0,14.13,0,24.2
2024-07-24,SKU_08,higiene,erratic,108.0,13.83,0,20.8
2024-07-25,SKU_08,higiene,erratic,45.0,13.95,0,23.5
2024-07-26,SKU_08,higiene,erratic,50.0,13.98,0,24.1
2024-07-27,SKU_08,higiene,erratic,69.0,13.8,0,21.6
2024-07-28,SKU_08,higiene,erratic,76.0,13.51,0,23.7
2024-07-29,SKU_08,higiene,erratic,107.0,13.79,0,20.3
2024-07-30,SKU_08,higiene,erratic,37.0,14.05,0,25.8
2024-07-31,SKU_08,higiene,erratic,360.0,14.1,0,25.5
2024-08-01,SKU_08,higiene,erratic,15.0,14.1,0,22.4
2024-08-02,SKU_08,higiene,erratic,0.0,14.12,0,23.5
2024-08-03,SKU_08,higiene,erratic,57.0,13.87,0,17.9
2024-08-04,SKU_08,higiene,erratic,121.0,13.83,0,20.3
2024-08-05,SKU_08,higiene,erratic,41.0,14.08,0,21.9
2024-08-06,SKU_08,higiene,erratic,184.0,13.96,0,20.3
2024-08-07,SKU_08,higiene,erratic,66.0,14.18,0,23.7
2024-08-08,SKU_08,higiene,erratic,28.0,14.08,0,26.2
2024-08-09,SKU_08,higiene,erratic,18.0,14.26,0,19.8
2024-08-10,SKU_08,higiene,erratic,47.0,13.91,0,20.3
2024-08-11,SKU_08,higiene,erratic,20.0,14.21,0,22.4
2024-08-12,SKU_08,higiene,erratic,301.0,14.41,0,25.1
2024-08-13,SKU_08,higiene,erratic,165.0,14.01,0,19.3
2024-08-14,SKU_08,higiene,erratic,307.0,14.1,0,22.1
2024-08-15,SKU_08,higiene,erratic,281.0,13.81,0,25.2
2024-08-16,SKU_08,higiene,erratic,0.0,14.18,0,18.1
2024-08-17,SKU_08,higiene,erratic,21.0,14.23,0,18.8
2024-08-18,SKU_08,higiene,erratic,12.0,11.8,1,20.4
2024-08-19,SKU_08,higiene,erratic,51.0,14.12,0,20.1
2024-08-20,SKU_08,higiene,erratic,289.0,14.06,0,22.7
2024-08-21,SKU_08,higiene,erratic,36.0,14.08,0,21.5
2024-08-22,SKU_08,higiene,erratic,59.0,14.16,0,17.4
2024-08-23,SKU_08,higiene,erratic,26.0,14.1,0,21.8
2024-08-24,SKU_08,higiene,erratic,56.0,13.97,0,19.6
2024-08-25,SKU_08,higiene,erratic,195.0,14.17,0,23.2
2024-08-26,SKU_08,higiene,erratic,29.0,12.12,1,19.3
2024-08-27,SKU_08,higiene,erratic,24.0,13.89,0,19.2
2024-08-28,SKU_08,higiene,erratic,228.0,14.0,0,21.5
2024-08-29,SKU_08,higiene,erratic,125.0,13.65,0,21.8
2024-08-30,SKU_08,higiene,erratic,33.0,14.12,0,21.1
2024-08-31,SKU_08,higiene,erratic,160.0,14.24,0,16.8
2024-09-01,SKU_08,higiene,erratic,23.0,13.95,0,21.1
2024-09-02,SKU_08,higiene,erratic,145.0,14.03,0,17.9
2024-09-03,SKU_08,higiene,erratic,65.0,13.96,0,20.4
2024-09-04,SKU_08,higiene,erratic,112.0,13.92,0,17.0
2024-09-05,SKU_08,higiene,erratic,10.0,14.05,0,20.7
2024-09-06,SKU_08,higiene,erratic,33.0,13.84,0,18.1
2024-09-07,SKU_08,higiene,erratic,73.0,13.95,0,17.1
2024-09-08,SKU_08,higiene,erratic,65.0,13.82,0,21.0
2024-09-09,SKU_08,higiene,erratic,187.0,14.12,0,20.0
2024-09-10,SKU_08,higiene,erratic,0.0,14.05,0,18.2
2024-09-11,SKU_08,higiene,erratic,0.0,13.91,0,22.3
2024-09-12,SKU_08,higiene,erratic,132.0,14.01,0,18.4
2024-09-13,SKU_08,higiene,erratic,26.0,11.86,1,19.3
2024-09-14,SKU_08,higiene,erratic,42.0,14.23,0,19.7
2024-09-15,SKU_08,higiene,erratic,115.0,13.91,0,17.9
2024-09-16,SKU_08,higiene,erratic,0.0,14.13,0,20.0
2024-09-17,SKU_08,higiene,erratic,186.0,11.76,1,17.9
2024-09-18,SKU_08,higiene,erratic,45.0,14.16,0,18.1
2024-09-19,SKU_08,higiene,erratic,43.0,14.21,0,21.6
2024-09-20,SKU_08,higiene,erratic,71.0,14.22,0,16.7
2024-09-21,SKU_08,higiene,erratic,30.0,12.19,1,13.9
2024-09-22,SKU_08,higiene,erratic,33.0,14.06,0,21.9
2024-09-23,SKU_08,higiene,erratic,157.0,14.25,0,23.8
2024-09-24,SKU_08,higiene,erratic,74.0,14.32,0,17.8
2024-09-25,SKU_08,higiene,erratic,30.0,11.68,1,14.7
2024-09-26,SKU_08,higiene,erratic,135.0,13.88,0,17.9
2024-09-27,SKU_08,higiene,erratic,29.0,13.7,0,17.9
2024-09-28,SKU_08,higiene,erratic,13.0,14.21,0,18.1
2024-09-29,SKU_08,higiene,erratic,9.0,13.7,0,16.2
2024-09-30,SKU_08,higiene,erratic,0.0,13.64,0,19.5
2024-10-01,SKU_08,higiene,erratic,34.0,13.78,0,19.4
2024-10-02,SKU_08,higiene,erratic,25.0,13.65,0,15.3
2024-10-03,SKU_08,higiene,erratic,165.0,11.95,1,19.7
2024-10-04,SKU_08,higiene,erratic,77.0,13.78,0,22.4
2024-10-05,SKU_08,higiene,erratic,21.0,13.66,0,18.6
2024-10-06,SKU_08,higiene,erratic,142.0,13.99,0,17.5
2024-10-07,SKU_08,higiene,erratic,355.0,14.0,0,17.9
2024-10-08,SKU_08,higiene,erratic,201.0,13.63,0,19.4
2024-10-09,SKU_08,higiene,erratic,178.0,13.86,0,14.7
2024-10-10,SKU_08,higiene,erratic,88.0,13.99,0,18.4
2024-10-11,SKU_08,higiene,erratic,28.0,13.93,0,17.3
2024-10-12,SKU_08,higiene,erratic,39.0,13.93,0,21.8
2024-10-13,SKU_08,higiene,erratic,98.0,14.24,0,17.7
2024-10-14,SKU_08,higiene,erratic,25.0,14.43,0,21.4
2024-10-15,SKU_08,higiene,erratic,0.0,13.94,0,15.8
2024-10-16,SKU_08,higiene,erratic,22.0,13.74,0,19.2
2024-10-17,SKU_08,higiene,erratic,83.0,13.95,0,18.7
2024-10-18,SKU_08,higiene,erratic,44.0,14.04,0,16.3
2024-10-19,SKU_08,higiene,erratic,24.0,13.99,0,18.4
2024-10-20,SKU_08,higiene,erratic,134.0,14.12,0,20.4
2024-10-21,SKU_08,higiene,erratic,30.0,14.44,0,17.4
2024-10-22,SKU_08,higiene,erratic,40.0,13.66,0,14.6
2024-10-23,SKU_08,higiene,erratic,130.0,13.9,0,18.0
2024-10-24,SKU_08,higiene,erratic,146.0,14.31,0,16.2
2024-10-25,SKU_08,higiene,erratic,22.0,13.9,0,17.3
2024-10-26,SKU_08,higiene,erratic,50.0,14.16,0,17.9
2024-10-27,SKU_08,higiene,erratic,37.0,14.13,0,14.6
2024-10-28,SKU_08,higiene,erratic,60.0,14.25,0,14.8
2024-10-29,SKU_08,higiene,erratic,115.0,12.28,1,19.0
2024-10-30,SKU_08,higiene,erratic,110.0,14.07,0,17.0
2024-10-31,SKU_08,higiene,erratic,91.0,13.65,0,13.0
2024-11-01,SKU_08,higiene,erratic,0.0,13.86,0,19.7
2024-11-02,SKU_08,higiene,erratic,18.0,14.44,0,18.7
2024-11-03,SKU_08,higiene,erratic,141.0,11.62,1,16.7
2024-11-04,SKU_08,higiene,erratic,110.0,14.1,0,15.5
2024-11-05,SKU_08,higiene,erratic,123.0,13.5,0,19.9
2024-11-06,SKU_08,higiene,erratic,40.0,13.73,0,18.9
2024-11-07,SKU_08,higiene,erratic,149.0,14.18,0,23.0
2024-11-08,SKU_08,higiene,erratic,15.0,14.01,0,19.1
2024-11-09,SKU_08,higiene,erratic,30.0,13.92,0,19.1
2024-11-10,SKU_08,higiene,erratic,58.0,13.84,0,18.0
2024-11-11,SKU_08,higiene,erratic,0.0,13.6,0,20.0
2024-11-12,SKU_08,higiene,erratic,83.0,12.04,1,19.7
2024-11-13,SKU_08,higiene,erratic,86.0,13.94,0,21.0
2024-11-14,SKU_08,higiene,erratic,25.0,11.6,1,17.5
2024-11-15,SKU_08,higiene,erratic,31.0,14.01,0,17.7
2024-11-16,SKU_08,higiene,erratic,11.0,14.12,0,17.6
2024-11-17,SKU_08,higiene,erratic,375.0,13.96,0,20.2
2024-11-18,SKU_08,higiene,erratic,87.0,14.02,0,21.7
2024-11-19,SKU_08,higiene,erratic,81.0,14.01,0,17.8
2024-11-20,SKU_08,higiene,erratic,88.0,13.86,0,17.9
2024-11-21,SKU_08,higiene,erratic,120.0,14.01,0,19.5
2024-11-22,SKU_08,higiene,erratic,96.0,14.15,0,18.4
2024-11-23,SKU_08,higiene,erratic,12.0,14.21,0,20.9
2024-11-24,SKU_08,higiene,erratic,0.0,14.16,0,14.5
2024-11-25,SKU_08,higiene,erratic,202.0,13.86,0,17.4
2024-11-26,SKU_08,higiene,erratic,71.0,14.13,0,17.6
2024-11-27,SKU_08,higiene,erratic,68.0,14.09,0,14.6
2024-11-28,SKU_08,higiene,erratic,0.0,13.86,0,17.3
2024-11-29,SKU_08,higiene,erratic,16.0,13.91,0,17.5
2024-11-30,SKU_08,higiene,erratic,68.0,14.14,0,19.0
2024-12-01,SKU_08,higiene,erratic,198.0,14.28,0,21.7
2024-12-02,SKU_08,higiene,erratic,136.0,13.64,0,19.0
2024-12-03,SKU_08,higiene,erratic,72.0,14.33,0,17.5
2024-12-04,SKU_08,higiene,erratic,0.0,14.23,0,19.5
2024-12-05,SKU_08,higiene,erratic,171.0,14.04,0,21.8
2024-12-06,SKU_08,higiene,erratic,33.0,13.95,0,17.9
2024-12-07,SKU_08,higiene,erratic,261.0,14.08,0,18.1
2024-12-08,SKU_08,higiene,erratic,32.0,13.87,0,21.1
2024-12-09,SKU_08,higiene,erratic,24.0,13.96,0,19.6
2024-12-10,SKU_08,higiene,erratic,55.0,13.7,0,21.4
2024-12-11,SKU_08,higiene,erratic,42.0,13.65,0,20.2
2024-12-12,SKU_08,higiene,erratic,58.0,14.47,0,21.7
2024-12-13,SKU_08,higiene,erratic,88.0,14.01,0,18.3
2024-12-14,SKU_08,higiene,erratic,45.0,14.04,0,20.4
2024-12-15,SKU_08,higiene,erratic,78.0,13.99,0,20.1
2024-12-16,SKU_08,higiene,erratic,83.0,13.83,0,18.2
2024-12-17,SKU_08,higiene,erratic,12.0,13.94,0,17.6
2024-12-18,SKU_08,higiene,erratic,0.0,14.02,0,22.1
2024-12-19,SKU_08,higiene,erratic,58.0,13.96,0,20.2
2024-12-20,SKU_08,higiene,erratic,24.0,13.85,0,18.9
2024-12-21,SKU_08,higiene,erratic,39.0,14.1,0,20.8
2024-12-22,SKU_08,higiene,erratic,360.0,11.94,1,23.4
2024-12-23,SKU_08,higiene,erratic,76.0,14.08,0,16.7
2024-12-24,SKU_08,higiene,erratic,28.0,14.14,0,18.3
2024-12-25,SKU_08,higiene,erratic,43.0,13.97,0,19.6
2024-12-26,SKU_08,higiene,erratic,464.0,11.87,1,24.4
2024-12-27,SKU_08,higiene,erratic,165.0,14.3,0,22.2
2024-12-28,SKU_08,higiene,erratic,78.0,13.81,0,23.2
2024-12-29,SKU_08,higiene,erratic,23.0,13.63,0,19.5
2024-12-30,SKU_08,higiene,erratic,105.0,14.11,0,19.6
2023-01-01,SKU_09,higiene,erratic,0.0,16.04,0,22.6
2023-01-02,SKU_09,higiene,erratic,27.0,15.84,0,20.0
2023-01-03,SKU_09,higiene,erratic,190.0,13.58,1,23.7
2023-01-04,SKU_09,higiene,erratic,57.0,15.99,0,24.2
2023-01-05,SKU_09,higiene,erratic,23.0,15.99,0,18.5
2023-01-06,SKU_09,higiene,erratic,262.0,13.85,1,19.9
2023-01-07,SKU_09,higiene,erratic,11.0,15.74,0,22.8
2023-01-08,SKU_09,higiene,erratic,88.0,14.01,1,22.0
2023-01-09,SKU_09,higiene,erratic,14.0,15.99,0,22.7
2023-01-10,SKU_09,higiene,erratic,81.0,16.12,0,21.2
2023-01-11,SKU_09,higiene,erratic,39.0,16.03,0,24.7
2023-01-12,SKU_09,higiene,erratic,127.0,15.65,0,24.6
2023-01-13,SKU_09,higiene,erratic,39.0,15.79,0,23.3
2023-01-14,SKU_09,higiene,erratic,116.0,15.9,0,25.5
2023-01-15,SKU_09,higiene,erratic,68.0,13.8,1,24.3
2023-01-16,SKU_09,higiene,erratic,18.0,15.72,0,21.8
2023-01-17,SKU_09,higiene,erratic,81.0,15.83,0,24.3
2023-01-18,SKU_09,higiene,erratic,55.0,16.03,0,21.8
2023-01-19,SKU_09,higiene,erratic,0.0,16.09,0,25.6
2023-01-20,SKU_09,higiene,erratic,17.0,16.09,0,23.8
2023-01-21,SKU_09,higiene,erratic,22.0,15.8,0,23.6
2023-01-22,SKU_09,higiene,erratic,236.0,15.68,0,22.7
2023-01-23,SKU_09,higiene,erratic,120.0,16.11,0,26.7
2023-01-24,SKU_09,higiene,erratic,52.0,16.29,0,24.0
2023-01-25,SKU_09,higiene,erratic,100.0,15.93,0,23.6
2023-01-26,SKU_09,higiene,erratic,13.0,15.77,0,23.8
2023-01-27,SKU_09,higiene,erratic,26.0,15.91,0,25.7
2023-01-28,SKU_09,higiene,erratic,56.0,16.08,0,25.5
2023-01-29,SKU_09,higiene,erratic,79.0,15.95,0,25.6
2023-01-30,SKU_09,higiene,erratic,45.0,16.28,0,25.8
2023-01-31,SKU_09,higiene,erratic,67.0,16.18,0,29.3
2023-02-01,SKU_09,higiene,erratic,91.0,16.04,0,24.3
2023-02-02,SKU_09,higiene,erratic,69.0,15.61,0,24.2
2023-02-03,SKU_09,higiene,erratic,119.0,13.46,1,23.7
2023-02-04,SKU_09,higiene,erratic,77.0,13.49,1,26.7
2023-02-05,SKU_09,higiene,erratic,106.0,15.85,0,27.8
2023-02-06,SKU_09,higiene,erratic,403.0,13.64,1,25.4
2023-02-07,SKU_09,higiene,erratic,137.0,16.04,0,24.1
2023-02-08,SKU_09,higiene,erratic,286.0,15.67,0,24.2
2023-02-09,SKU_09,higiene,erratic,41.0,16.16,0,27.2
2023-02-10,SKU_09,higiene,erratic,12.0,16.0,0,27.5
2023-02-11,SKU_09,higiene,erratic,38.0,16.07,0,27.2
2023-02-12,SKU_09,higiene,erratic,60.0,16.15,0,24.9
2023-02-13,SKU_09,higiene,erratic,230.0,15.85,0,26.8
2023-02-14,SKU_09,higiene,erratic,29.0,16.25,0,26.6
2023-02-15,SKU_09,higiene,erratic,67.0,15.97,0,26.9
2023-02-16,SKU_09,higiene,erratic,0.0,16.3,0,28.3
2023-02-17,SKU_09,higiene,erratic,46.0,15.82,0,27.1
2023-02-18,SKU_09,higiene,erratic,37.0,16.29,0,28.1
2023-02-19,SKU_09,higiene,erratic,96.0,15.82,0,27.0
2023-02-20,SKU_09,higiene,erratic,249.0,14.11,1,27.5
2023-02-21,SKU_09,higiene,erratic,361.0,13.41,1,28.3
2023-02-22,SKU_09,higiene,erratic,75.0,16.21,0,24.2
2023-02-23,SKU_09,higiene,erratic,38.0,15.93,0,26.6
2023-02-24,SKU_09,higiene,erratic,148.0,16.14,0,26.4
2023-02-25,SKU_09,higiene,erratic,18.0,15.99,0,26.1
2023-02-26,SKU_09,higiene,erratic,308.0,15.78,0,26.9
2023-02-27,SKU_09,higiene,erratic,216.0,15.44,0,30.6
2023-02-28,SKU_09,higiene,erratic,243.0,16.5,0,25.9
2023-03-01,SKU_09,higiene,erratic,128.0,16.01,0,29.7
2023-03-02,SKU_09,higiene,erratic,20.0,13.01,1,24.4
2023-03-03,SKU_09,higiene,erratic,19.0,16.06,0,27.2
2023-03-04,SKU_09,higiene,erratic,56.0,16.14,0,28.3
2023-03-05,SKU_09,higiene,erratic,43.0,15.86,0,29.2
2023-03-06,SKU_09,higiene,erratic,0.0,15.86,0,29.5
2023-03-07,SKU_09,higiene,erratic,175.0,13.6,1,29.8
2023-03-08,SKU_09,higiene,erratic,65.0,16.24,0,27.6
2023-03-09,SKU_09,higiene,erratic,28.0,16.02,0,27.4
2023-03-10,SKU_09,higiene,erratic,90.0,16.29,0,30.1
2023-03-11,SKU_09,higiene,erratic,67.0,16.23,0,28.1
2023-03-12,SKU_09,higiene,erratic,61.0,15.95,0,26.0
2023-03-13,SKU_09,higiene,erratic,132.0,15.69,0,26.3
2023-03-14,SKU_09,higiene,erratic,81.0,15.95,0,26.8
2023-03-15,SKU_09,higiene,erratic,218.0,16.11,0,29.7
2023-03-16,SKU_09,higiene,erratic,85.0,16.01,0,29.1
2023-03-17,SKU_09,higiene,erratic,128.0,16.13,0,30.3
2023-03-18,SKU_09,higiene,erratic,10.0,16.17,0,28.1
2023-03-19,SKU_09,higiene,erratic,109.0,16.11,0,29.3
2023-03-20,SKU_09,higiene,erratic,55.0,15.94,0,30.3
2023-03-21,SKU_09,higiene,erratic,38.0,16.1,0,28.5
2023-03-22,SKU_09,higiene,erratic,277.0,14.05,1,30.1
2023-03-23,SKU_09,higiene,erratic,154.0,15.7,0,27.9
2023-03-24,SKU_09,higiene,erratic,9.0,16.1,0,28.5
2023-03-25,SKU_09,higiene,erratic,79.0,16.37,0,28.5
2023-03-26,SKU_09,higiene,erratic,122.0,15.77,0,27.0
2023-03-27,SKU_09,higiene,erratic,42.0,16.2,0,30.4
2023-03-28,SKU_09,higiene,erratic,39.0,16.23,0,28.5
2023-03-29,SKU_09,higiene,erratic,21.0,15.7,0,29.5
2023-03-30,SKU_09,higiene,erratic,58.0,16.14,0,30.5
2023-03-31,SKU_09,higiene,erratic,39.0,15.95,0,30.5
2023-04-01,SKU_09,higiene,erratic,85.0,15.99,0,30.9
2023-04-02,SKU_09,higiene,erratic,94.0,15.94,0,29.4
2023-04-03,SKU_09,higiene,erratic,33.0,16.26,0,28.8
2023-04-04,SKU_09,higiene,erratic,92.0,15.98,0,29.5
2023-04-05,SKU_09,higiene,erratic,62.0,15.91,0,26.4
2023-04-06,SKU_09,higiene,erratic,36.0,15.91,0,26.9
2023-04-07,SKU_09,higiene,erratic,13.0,15.93,0,27.1
2023-04-08,SKU_09,higiene,erratic,74.0,15.78,0,27.8
2023-04-09,SKU_09,higiene,erratic,109.0,15.91,0,30.6
2023-04-10,SKU_09,higiene,erratic,119.0,16.02,0,28.1
2023-04-11,SKU_09,higiene,erratic,42.0,16.08,0,29.1
2023-04-12,SKU_09,higiene,erratic,87.0,16.24,0,32.5
2023-04-13,SKU_09,higiene,erratic,25.0,16.05,0,29.2
2023-04-14,SKU_09,higiene,erratic,20.0,15.91,0,31.4
2023-04-15,SKU_09,higiene,erratic,46.0,15.8,0,28.1
2023-04-16,SKU_09,higiene,erratic,94.0,16.06,0,29.6
2023-04-17,SKU_09,higiene,erratic,21.0,15.98,0,28.1
2023-04-18,SKU_09,higiene,erratic,33.0,15.98,0,29.3
2023-04-19,SKU_09,higiene,erratic,57.0,16.05,0,31.7
2023-04-20,SKU_09,higiene,erratic,164.0,16.1,0,26.5
2023-04-21,SKU_09,higiene,erratic,23.0,16.05,0,30.9
2023-04-22,SKU_09,higiene,erratic,72.0,13.57,1,30.5
2023-04-23,SKU_09,higiene,erratic,93.0,15.84,0,28.8
2023-04-24,SKU_09,higiene,erratic,62.0,15.88,0,27.1
2023-04-25,SKU_09,higiene,erratic,94.0,16.17,0,30.1
2023-04-26,SKU_09,higiene,erratic,26.0,15.92,0,28.9
2023-04-27,SKU_09,higiene,erratic,45.0,15.73,0,30.4
2023-04-28,SKU_09,higiene,erratic,142.0,16.23,0,30.0
2023-04-29,SKU_09,higiene,erratic,150.0,15.81,0,33.2
2023-04-30,SKU_09,higiene,erratic,149.0,16.01,0,29.5
2023-05-01,SKU_09,higiene,erratic,183.0,16.1,0,27.9
2023-05-02,SKU_09,higiene,erratic,17.0,16.0,0,30.3
2023-05-03,SKU_09,higiene,erratic,35.0,15.5,0,30.3
2023-05-04,SKU_09,higiene,erratic,0.0,16.08,0,32.6
2023-05-05,SKU_09,higiene,erratic,309.0,16.27,0,31.5
2023-05-06,SKU_09,higiene,erratic,35.0,16.16,0,30.5
2023-05-07,SKU_09,higiene,erratic,137.0,15.58,0,32.7
2023-05-08,SKU_09,higiene,erratic,102.0,16.43,0,27.4
2023-05-09,SKU_09,higiene,erratic,100.0,15.73,0,28.5
2023-05-10,SKU_09,higiene,erratic,74.0,15.78,0,27.9
2023-05-11,SKU_09,higiene,erratic,29.0,16.16,0,28.9
2023-05-12,SKU_09,higiene,erratic,5.0,16.09,0,26.9
2023-05-13,SKU_09,higiene,erratic,124.0,16.02,0,30.9
2023-05-14,SKU_09,higiene,erratic,46.0,15.89,0,29.1
2023-05-15,SKU_09,higiene,erratic,17.0,16.27,0,26.6
2023-05-16,SKU_09,higiene,erratic,106.0,15.99,0,27.5
2023-05-17,SKU_09,higiene,erratic,104.0,15.69,0,30.1
2023-05-18,SKU_09,higiene,erratic,138.0,16.25,0,31.1
2023-05-19,SKU_09,higiene,erratic,107.0,16.04,0,33.4
2023-05-20,SKU_09,higiene,erratic,21.0,16.22,0,35.2
2023-05-21,SKU_09,higiene,erratic,37.0,16.11,0,30.1
2023-05-22,SKU_09,higiene,erratic,57.0,16.48,0,27.3
2023-05-23,SKU_09,higiene,erratic,207.0,13.54,1,24.9
2023-05-24,SKU_09,higiene,erratic,14.0,16.0,0,29.7
2023-05-25,SKU_09,higiene,erratic,82.0,16.14,0,27.4
2023-05-26,SKU_09,higiene,erratic,92.0,15.94,0,28.2
2023-05-27,SKU_09,higiene,erratic,89.0,16.16,0,27.7
2023-05-28,SKU_09,higiene,erratic,130.0,15.41,0,28.6
2023-05-29,SKU_09,higiene,erratic,172.0,15.99,0,31.0
2023-05-30,SKU_09,higiene,erratic,8.0,15.98,0,29.1
2023-05-31,SKU_09,higiene,erratic,266.0,15.97,0,28.4
2023-06-01,SKU_09,higiene,erratic,95.0,15.82,0,26.6
2023-06-02,SKU_09,higiene,erratic,125.0,16.18,0,25.2
2023-06-03,SKU_09,higiene,erratic,17.0,15.9,0,27.5
2023-06-04,SKU_09,higiene,erratic,18.0,16.04,0,28.3
2023-06-05,SKU_09,higiene,erratic,303.0,15.99,0,31.9
2023-06-06,SKU_09,higiene,erratic,49.0,13.7,1,28.6
2023-06-07,SKU_09,higiene,erratic,56.0,16.29,0,30.2
2023-06-08,SKU_09,higiene,erratic,110.0,16.04,0,27.2
2023-06-09,SKU_09,higiene,erratic,79.0,16.17,0,25.7
2023-06-10,SKU_09,higiene,erratic,101.0,16.03,0,26.1
2023-06-11,SKU_09,higiene,erratic,86.0,15.9,0,26.5
2023-06-12,SKU_09,higiene,erratic,31.0,15.97,0,32.1
2023-06-13,SKU_09,higiene,erratic,126.0,15.94,0,26.1
2023-06-14,SKU_09,higiene,erratic,127.0,16.11,0,29.4
2023-06-15,SKU_09,higiene,erratic,17.0,16.02,0,25.8
2023-06-16,SKU_09,higiene,erratic,131.0,15.84,0,29.4
2023-06-17,SKU_09,higiene,erratic,6.0,15.96,0,28.2
2023-06-18,SKU_09,higiene,erratic,162.0,15.69,0,27.0
2023-06-19,SKU_09,higiene,erratic,42.0,15.96,0,27.2
2023-06-20,SKU_09,higiene,erratic,124.0,16.0,0,25.9
2023-06-21,SKU_09,higiene,erratic,106.0,16.36,0,28.0
2023-06-22,SKU_09,higiene,erratic,68.0,16.27,0,26.1
2023-06-23,SKU_09,higiene,erratic,59.0,15.79,0,24.5
2023-06-24,SKU_09,higiene,erratic,38.0,16.04,0,24.3
2023-06-25,SKU_09,higiene,erratic,123.0,16.04,0,27.1
2023-06-26,SKU_09,higiene,erratic,401.0,15.95,0,29.8
2023-06-27,SKU_09,higiene,erratic,24.0,15.97,0,26.9
2023-06-28,SKU_09,higiene,erratic,5.0,15.93,0,26.2
2023-06-29,SKU_09,higiene,erratic,49.0,16.37,0,26.9
2023-06-30,SKU_09,higiene,erratic,28.0,15.92,0,28.9
2023-07-01,SKU_09,higiene,erratic,30.0,16.07,0,26.6
2023-07-02,SKU_09,higiene,erratic,33.0,15.49,0,25.3
2023-07-03,SKU_09,higiene,erratic,138.0,16.16,0,28.2
2023-07-04,SKU_09,higiene,erratic,23.0,16.24,0,26.7
2023-07-05,SKU_09,higiene,erratic,98.0,15.79,0,28.9
2023-07-06,SKU_09,higiene,erratic,113.0,15.9,0,26.0
2023-07-07,SKU_09,higiene,erratic,52.0,16.09,0,23.1
2023-07-08,SKU_09,higiene,erratic,59.0,16.0,0,22.7
2023-07-09,SKU_09,higiene,erratic,144.0,16.09,0,28.7
2023-07-10,SKU_09,higiene,erratic,70.0,15.94,0,28.7
2023-07-11,SKU_09,higiene,erratic,51.0,16.37,0,24.8
2023-07-12,SKU_09,higiene,erratic,99.0,15.87,0,24.3
2023-07-13,SKU_09,higiene,erratic,108.0,16.54,0,27.9
2023-07-14,SKU_09,higiene,erratic,80.0,16.25,0,22.7
2023-07-15,SKU_09,higiene,erratic,10.0,16.17,0,23.0
2023-07-16,SKU_09,higiene,erratic,57.0,15.79,0,26.0
2023-07-17,SKU_09,higiene,erratic,28.0,16.18,0,23.8
2023-07-18,SKU_09,higiene,erratic,0.0,16.12,0,24.5
2023-07-19,SKU_09,higiene,erratic,118.0,15.58,0,24.0
2023-07-20,SKU_09,higiene,erratic,53.0,15.72,0,24.9
2023-07-21,SKU_09,higiene,erratic,22.0,16.07,0,27.0
2023-07-22,SKU_09,higiene,erratic,63.0,15.97,0,24.2
2023-07-23,SKU_09,higiene,erratic,59.0,15.9,0,25.2
2023-07-24,SKU_09,higiene,erratic,205.0,16.22,0,19.7
2023-07-25,SKU_09,higiene,erratic,270.0,15.82,0,23.6
2023-07-26,SKU_09,higiene,erratic,145.0,15.91,0,22.0
2023-07-27,SKU_09,higiene,erratic,78.0,15.87,0,21.1
2023-07-28,SKU_09,higiene,erratic,165.0,16.1,0,21.7
2023-07-29,SKU_09,higiene,erratic,46.0,15.66,0,22.7
2023-07-30,SKU_09,higiene,erratic,44.0,15.9,0,25.1
2023-07-31,SKU_09,higiene,erratic,54.0,13.26,1,20.5
2023-08-01,SKU_09,higiene,erratic,36.0,15.94,0,23.1
2023-08-02,SKU_09,higiene,erratic,64.0,16.14,0,22.0
2023-08-03,SKU_09,higiene,erratic,93.0,16.15,0,22.2
2023-08-04,SKU_09,higiene,erratic,12.0,15.85,0,24.7
2023-08-05,SKU_09,higiene,erratic,26.0,16.11,0,23.7
2023-08-06,SKU_09,higiene,erratic,75.0,15.96,0,25.2
2023-08-07,SKU_09,higiene,erratic,106.0,16.27,0,22.1
2023-08-08,SKU_09,higiene,erratic,62.0,15.97,0,20.9
2023-08-09,SKU_09,higiene,erratic,77.0,15.41,0,21.8
2023-08-10,SKU_09,higiene,erratic,23.0,16.18,0,22.6
2023-08-11,SKU_09,higiene,erratic,18.0,15.91,0,22.4
2023-08-12,SKU_09,higiene,erratic,35.0,15.95,0,19.8
2023-08-13,SKU_09,higiene,erratic,94.0,16.07,0,22.0
2023-08-14,SKU_09,higiene,erratic,75.0,15.72,0,22.2
2023-08-15,SKU_09,higiene,erratic,32.0,16.01,0,26.7
2023-08-16,SKU_09,higiene,erratic,75.0,13.71,1,25.3
2023-08-17,SKU_09,higiene,erratic,209.0,16.07,0,19.7
2023-08-18,SKU_09,higiene,erratic,57.0,15.88,0,20.8
2023-08-19,SKU_09,higiene,erratic,32.0,16.2,0,18.3
2023-08-20,SKU_09,higiene,erratic,27.0,15.8,0,20.0
2023-08-21,SKU_09,higiene,erratic,35.0,15.87,0,21.7
2023-08-22,SKU_09,higiene,erratic,0.0,15.97,0,23.4
2023-08-23,SKU_09,higiene,erratic,77.0,16.06,0,19.4
2023-08-24,SKU_09,higiene,erratic,97.0,15.94,0,19.5
2023-08-25,SKU_09,higiene,erratic,50.0,16.25,0,16.4
2023-08-26,SKU_09,higiene,erratic,39.0,13.66,1,20.3
2023-08-27,SKU_09,higiene,erratic,41.0,16.02,0,18.4
2023-08-28,SKU_09,higiene,erratic,316.0,16.05,0,19.4
2023-08-29,SKU_09,higiene,erratic,57.0,13.75,1,18.6
2023-08-30,SKU_09,higiene,erratic,22.0,16.05,0,20.1
2023-08-31,SKU_09,higiene,erratic,16.0,15.64,0,16.7
2023-09-01,SKU_09,higiene,erratic,27.0,16.22,0,17.2
2023-09-02,SKU_09,higiene,erratic,76.0,16.02,0,24.3
2023-09-03,SKU_09,higiene,erratic,38.0,16.14,0,17.4
2023-09-04,SKU_09,higiene,erratic,199.0,15.92,0,17.7
2023-09-05,SKU_09,higiene,erratic,60.0,15.63,0,23.5
2023-09-06,SKU_09,higiene,erratic,148.0,15.54,0,25.6
2023-09-07,SKU_09,higiene,erratic,33.0,15.81,0,17.4
2023-09-08,SKU_09,higiene,erratic,0.0,16.1,0,18.9
2023-09-09,SKU_09,higiene,erratic,38.0,16.26,0,20.2
2023-09-10,SKU_09,higiene,erratic,89.0,16.06,0,22.9
2023-09-11,SKU_09,higiene,erratic,52.0,15.79,0,17.4
2023-09-12,SKU_09,higiene,erratic,76.0,15.84,0,18.9
2023-09-13,SKU_09,higiene,erratic,97.0,16.27,0,20.8
2023-09-14,SKU_09,higiene,erratic,19.0,15.74,0,20.1
2023-09-15,SKU_09,higiene,erratic,27.0,16.42,0,18.4
2023-09-16,SKU_09,higiene,erratic,33.0,13.98,1,18.8
2023-09-17,SKU_09,higiene,erratic,41.0,16.43,0,16.3
2023-09-18,SKU_09,higiene,erratic,0.0,16.08,0,18.5
2023-09-19,SKU_09,higiene,erratic,40.0,15.93,0,18.4
2023-09-20,SKU_09,higiene,erratic,12.0,16.07,0,19.3
2023-09-21,SKU_09,higiene,erratic,50.0,16.18,0,17.7
2023-09-22,SKU_09,higiene,erratic,15.0,15.87,0,19.7
2023-09-23,SKU_09,higiene,erratic,53.0,15.78,0,20.7
2023-09-24,SKU_09,higiene,erratic,115.0,15.94,0,19.0
2023-09-25,SKU_09,higiene,erratic,11.0,15.85,0,19.3
2023-09-26,SKU_09,higiene,erratic,32.0,16.25,0,18.7
2023-09-27,SKU_09,higiene,erratic,80.0,15.88,0,18.5
2023-09-28,SKU_09,higiene,erratic,19.0,16.02,0,17.1
2023-09-29,SKU_09,higiene,erratic,67.0,16.2,0,19.1
2023-09-30,SKU_09,higiene,erratic,82.0,16.26,0,18.2
2023-10-01,SKU_09,higiene,erratic,53.0,16.04,0,22.6
2023-10-02,SKU_09,higiene,erratic,32.0,16.08,0,21.5
2023-10-03,SKU_09,higiene,erratic,9.0,15.8,0,19.1
2023-10-04,SKU_09,higiene,erratic,116.0,16.2,0,16.8
2023-10-05,SKU_09,higiene,erratic,300.0,16.25,0,16.0
2023-10-06,SKU_09,higiene,erratic,0.0,15.63,0,20.6
2023-10-07,SKU_09,higiene,erratic,30.0,16.35,0,18.7
2023-10-08,SKU_09,higiene,erratic,25.0,15.86,0,19.1
2023-10-09,SKU_09,higiene,erratic,118.0,16.12,0,14.7
2023-10-10,SKU_09,higiene,erratic,55.0,16.02,0,20.0
2023-10-11,SKU_09,higiene,erratic,89.0,15.99,0,19.0
2023-10-12,SKU_09,higiene,erratic,112.0,13.56,1,15.9
2023-10-13,SKU_09,higiene,erratic,39.0,15.8,0,17.1
2023-10-14,SKU_09,higiene,erratic,82.0,16.1,0,18.6
2023-10-15,SKU_09,higiene,erratic,143.0,15.94,0,18.1
2023-10-16,SKU_09,higiene,erratic,40.0,15.74,0,17.4
2023-10-17,SKU_09,higiene,erratic,29.0,15.79,0,17.8
2023-10-18,SKU_09,higiene,erratic,8.0,15.74,0,17.5
2023-10-19,SKU_09,higiene,erratic,46.0,15.9,0,18.3
2023-10-20,SKU_09,higiene,erratic,15.0,16.1,0,20.9
2023-10-21,SKU_09,higiene,erratic,51.0,15.86,0,12.9
2023-10-22,SKU_09,higiene,erratic,47.0,16.2,0,17.5
2023-10-23,SKU_09,higiene,erratic,51.0,15.98,0,18.4
2023-10-24,SKU_09,higiene,erratic,118.0,15.94,0,18.6
2023-10-25,SKU_09,higiene,erratic,85.0,16.0,0,17.3
2023-10-26,SKU_09,higiene,erratic,0.0,16.28,0,14.5
2023-10-27,SKU_09,higiene,erratic,141.0,15.73,0,18.7
2023-10-28,SKU_09,higiene,erratic,66.0,16.33,0,21.5
2023-10-29,SKU_09,higiene,erratic,44.0,16.19,0,15.0
2023-10-30,SKU_09,higiene,erratic,46.0,16.0,0,19.8
2023-10-31,SKU_09,higiene,erratic,117.0,16.24,0,17.4
2023-11-01,SKU_09,higiene,erratic,73.0,15.94,0,18.0
2023-11-02,SKU_09,higiene,erratic,25.0,16.06,0,16.0
2023-11-03,SKU_09,higiene,erratic,76.0,15.89,0,17.5
2023-11-04,SKU_09,higiene,erratic,0.0,16.19,0,20.8
2023-11-05,SKU_09,higiene,erratic,235.0,13.46,1,19.3
2023-11-06,SKU_09,higiene,erratic,217.0,15.99,0,21.7
2023-11-07,SKU_09,higiene,erratic,331.0,16.14,0,20.6
2023-11-08,SKU_09,higiene,erratic,253.0,16.21,0,19.1
2023-11-09,SKU_09,higiene,erratic,83.0,15.84,0,21.8
2023-11-10,SKU_09,higiene,erratic,32.0,16.15,0,19.2
2023-11-11,SKU_09,higiene,erratic,9.0,15.8,0,20.0
2023-11-12,SKU_09,higiene,erratic,64.0,15.57,0,17.8
2023-11-13,SKU_09,higiene,erratic,97.0,15.85,0,18.6
2023-11-14,SKU_09,higiene,erratic,66.0,16.17,0,17.1
2023-11-15,SKU_09,higiene,erratic,14.0,16.0,0,20.5
2023-11-16,SKU_09,higiene,erratic,51.0,15.89,0,16.2
2023-11-17,SKU_09,higiene,erratic,64.0,16.01,0,20.2
2023-11-18,SKU_09,higiene,erratic,17.0,16.0,0,18.3
2023-11-19,SKU_09,higiene,erratic,74.0,16.12,0,21.0
2023-11-20,SKU_09,higiene,erratic,92.0,15.68,0,20.2
2023-11-21,SKU_09,higiene,erratic,159.0,15.98,0,22.4
2023-11-22,SKU_09,higiene,erratic,258.0,16.02,0,20.3
2023-11-23,SKU_09,higiene,erratic,48.0,15.73,0,15.8
2023-11-24,SKU_09,higiene,erratic,45.0,15.72,0,18.8
2023-11-25,SKU_09,higiene,erratic,46.0,15.93,0,16.7
2023-11-26,SKU_09,higiene,erratic,111.0,16.0,0,18.0
2023-11-27,SKU_09,higiene,erratic,102.0,16.0,0,22.2
2023-11-28,SKU_09,higiene,erratic,208.0,15.89,0,20.5
2023-11-29,SKU_09,higiene,erratic,10.0,15.88,0,17.9
2023-11-30,SKU_09,higiene,erratic,93.0,15.92,0,17.3
2023-12-01,SKU_09,higiene,erratic,58.0,16.06,0,19.4
2023-12-02,SKU_09,higiene,erratic,33.0,16.25,0,17.0
2023-12-03,SKU_09,higiene,erratic,11.0,15.56,0,18.2
2023-12-04,SKU_09,higiene,erratic,64.0,16.12,0,20.2
2023-12-05,SKU_09,higiene,erratic,38.0,15.98,0,22.0
2023-12-06,SKU_09,higiene,erratic,260.0,16.11,0,20.9
2023-12-07,SKU_09,higiene,erratic,133.0,13.84,1,15.2
2023-12-08,SKU_09,higiene,erratic,21.0,15.85,0,20.5
2023-12-09,SKU_09,higiene,erratic,8.0,16.19,0,20.1
2023-12-10,SKU_09,higiene,erratic,110.0,15.75,0,20.9
2023-12-11,SKU_09,higiene,erratic,120.0,16.03,0,23.3
2023-12-12,SKU_09,higiene,erratic,58.0,15.95,0,16.1
2023-12-13,SKU_09,higiene,erratic,112.0,16.01,0,19.1
2023-12-14,SKU_09,higiene,erratic,52.0,15.8,0,21.5
2023-12-15,SKU_09,higiene,erratic,97.0,16.09,0,17.3
2023-12-16,SKU_09,higiene,erratic,91.0,16.32,0,23.5
2023-12-17,SKU_09,higiene,erratic,19.0,15.81,0,21.3
2023-12-18,SKU_09,higiene,erratic,23.0,16.04,0,22.4
2023-12-19,SKU_09,higiene,erratic,359.0,16.17,0,19.6
2023-12-20,SKU_09,higiene,erratic,149.0,15.94,0,22.5
2023-12-21,SKU_09,higiene,erratic,26.0,16.27,0,23.1
2023-12-22,SKU_09,higiene,erratic,17.0,13.51,1,21.5
2023-12-23,SKU_09,higiene,erratic,50.0,15.98,0,21.6
2023-12-24,SKU_09,higiene,erratic,29.0,15.8,0,21.8
2023-12-25,SKU_09,higiene,erratic,56.0,16.03,0,19.6
2023-12-26,SKU_09,higiene,erratic,69.0,16.0,0,21.1
2023-12-27,SKU_09,higiene,erratic,67.0,16.13,0,21.2
2023-12-28,SKU_09,higiene,erratic,178.0,15.87,0,22.4
2023-12-29,SKU_09,higiene,erratic,187.0,15.86,0,23.7
2023-12-30,SKU_09,higiene,erratic,29.0,16.09,0,19.7
2023-12-31,SKU_09,higiene,erratic,29.0,16.28,0,21.6
2024-01-01,SKU_09,higiene,erratic,100.0,16.13,0,24.9
2024-01-02,SKU_09,higiene,erratic,271.0,16.37,0,20.6
2024-01-03,SKU_09,higiene,erratic,53.0,16.11,0,20.5
2024-01-04,SKU_09,higiene,erratic,146.0,16.1,0,22.7
2024-01-05,SKU_09,higiene,erratic,22.0,16.14,0,24.1
2024-01-06,SKU_09,higiene,erratic,45.0,16.3,0,22.5
2024-01-07,SKU_09,higiene,erratic,29.0,16.25,0,25.2
2024-01-08,SKU_09,higiene,erratic,75.0,15.78,0,24.4
2024-01-09,SKU_09,higiene,erratic,68.0,16.16,0,24.5
2024-01-10,SKU_09,higiene,erratic,122.0,16.05,0,24.0
2024-01-11,SKU_09,higiene,erratic,313.0,15.96,0,27.6
2024-01-12,SKU_09,higiene,erratic,33.0,15.65,0,22.7
2024-01-13,SKU_09,higiene,erratic,9.0,15.69,0,19.2
2024-01-14,SKU_09,higiene,erratic,94.0,13.53,1,26.5
2024-01-15,SKU_09,higiene,erratic,97.0,15.71,0,22.5
2024-01-16,SKU_09,higiene,erratic,90.0,15.93,0,23.7
2024-01-17,SKU_09,higiene,erratic,67.0,16.14,0,26.2
2024-01-18,SKU_09,higiene,erratic,0.0,15.88,0,20.5
2024-01-19,SKU_09,higiene,erratic,51.0,16.02,0,21.3
2024-01-20,SKU_09,higiene,erratic,0.0,15.79,0,20.7
2024-01-21,SKU_09,higiene,erratic,41.0,16.06,0,22.4
2024-01-22,SKU_09,higiene,erratic,19.0,16.1,0,25.0
2024-01-23,SKU_09,higiene,erratic,101.0,15.72,0,25.3
2024-01-24,SKU_09,higiene,erratic,95.0,15.85,0,24.9
2024-01-25,SKU_09,higiene,erratic,33.0,15.75,0,21.6
2024-01-26,SKU_09,higiene,erratic,45.0,16.1,0,19.9
2024-01-27,SKU_09,higiene,erratic,41.0,16.03,0,24.7
2024-01-28,SKU_09,higiene,erratic,48.0,15.99,0,23.8
2024-01-29,SKU_09,higiene,erratic,42.0,15.97,0,25.7
2024-01-30,SKU_09,higiene,erratic,110.0,16.06,0,26.3
2024-01-31,SKU_09,higiene,erratic,96.0,13.67,1,25.3
2024-02-01,SKU_09,higiene,erratic,72.0,13.5,1,26.6
2024-02-02,SKU_09,higiene,erratic,35.0,13.47,1,25.7
2024-02-03,SKU_09,higiene,erratic,43.0,15.99,0,26.4
2024-02-04,SKU_09,higiene,erratic,168.0,15.96,0,24.0
2024-02-05,SKU_09,higiene,erratic,138.0,14.01,1,25.2
2024-02-06,SKU_09,higiene,erratic,67.0,15.92,0,26.0
2024-02-07,SKU_09,higiene,erratic,103.0,16.06,0,27.4
2024-02-08,SKU_09,higiene,erratic,241.0,16.09,0,25.0
2024-02-09,SKU_09,higiene,erratic,71.0,16.28,0,27.0
2024-02-10,SKU_09,higiene,erratic,59.0,15.84,0,25.5
2024-02-11,SKU_09,higiene,erratic,136.0,16.27,0,25.9
2024-02-12,SKU_09,higiene,erratic,72.0,15.97,0,27.9
2024-02-13,SKU_09,higiene,erratic,95.0,16.5,0,22.3
2024-02-14,SKU_09,higiene,erratic,55.0,16.07,0,23.8
2024-02-15,SKU_09,higiene,erratic,24.0,15.75,0,23.5
2024-02-16,SKU_09,higiene,erratic,64.0,15.96,0,21.9
2024-02-17,SKU_09,higiene,erratic,64.0,16.27,0,25.3
2024-02-18,SKU_09,higiene,erratic,66.0,16.02,0,28.3
2024-02-19,SKU_09,higiene,erratic,190.0,15.99,0,26.3
2024-02-20,SKU_09,higiene,erratic,46.0,16.14,0,27.4
2024-02-21,SKU_09,higiene,erratic,20.0,15.93,0,29.2
2024-02-22,SKU_09,higiene,erratic,48.0,15.96,0,29.8
2024-02-23,SKU_09,higiene,erratic,14.0,15.81,0,27.1
2024-02-24,SKU_09,higiene,erratic,65.0,16.35,0,30.0
2024-02-25,SKU_09,higiene,erratic,46.0,15.76,0,27.6
2024-02-26,SKU_09,higiene,erratic,184.0,16.03,0,25.8
2024-02-27,SKU_09,higiene,erratic,182.0,16.1,0,26.4
2024-02-28,SKU_09,higiene,erratic,40.0,16.0,0,24.7
2024-02-29,SKU_09,higiene,erratic,44.0,15.75,0,26.0
2024-03-01,SKU_09,higiene,erratic,76.0,15.8,0,27.1
2024-03-02,SKU_09,higiene,erratic,109.0,16.1,0,29.5
2024-03-03,SKU_09,higiene,erratic,17.0,15.84,0,31.4
2024-03-04,SKU_09,higiene,erratic,106.0,15.59,0,25.3
2024-03-05,SKU_09,higiene,erratic,15.0,16.08,0,28.9
2024-03-06,SKU_09,higiene,erratic,55.0,15.83,0,26.1
2024-03-07,SKU_09,higiene,erratic,204.0,16.13,0,29.2
2024-03-08,SKU_09,higiene,erratic,562.0,15.96,0,28.1
2024-03-09,SKU_09,higiene,erratic,42.0,15.95,0,24.8
2024-03-10,SKU_09,higiene,erratic,31.0,16.01,0,30.3
2024-03-11,SKU_09,higiene,erratic,57.0,15.77,0,27.3
2024-03-12,SKU_09,higiene,erratic,90.0,15.83,0,27.5
2024-03-13,SKU_09,higiene,erratic,50.0,15.95,0,26.5
2024-03-14,SKU_09,higiene,erratic,41.0,15.77,0,27.4
2024-03-15,SKU_09,higiene,erratic,36.0,16.14,0,29.7
2024-03-16,SKU_09,higiene,erratic,70.0,15.94,0,28.5
2024-03-17,SKU_09,higiene,erratic,75.0,15.71,0,29.6
2024-03-18,SKU_09,higiene,erratic,42.0,15.89,0,29.7
2024-03-19,SKU_09,higiene,erratic,50.0,16.02,0,31.7
2024-03-20,SKU_09,higiene,erratic,90.0,13.51,1,28.4
2024-03-21,SKU_09,higiene,erratic,57.0,13.68,1,26.2
2024-03-22,SKU_09,higiene,erratic,29.0,16.11,0,31.3
2024-03-23,SKU_09,higiene,erratic,85.0,16.48,0,28.6
2024-03-24,SKU_09,higiene,erratic,72.0,16.23,0,31.5
2024-03-25,SKU_09,higiene,erratic,21.0,15.67,0,30.1
2024-03-26,SKU_09,higiene,erratic,0.0,15.93,0,29.1
2024-03-27,SKU_09,higiene,erratic,121.0,15.95,0,30.1
2024-03-28,SKU_09,higiene,erratic,29.0,16.12,0,33.4
2024-03-29,SKU_09,higiene,erratic,38.0,15.81,0,33.7
2024-03-30,SKU_09,higiene,erratic,27.0,15.89,0,29.7
2024-03-31,SKU_09,higiene,erratic,149.0,15.75,0,29.9
2024-04-01,SKU_09,higiene,erratic,64.0,15.88,0,31.8
2024-04-02,SKU_09,higiene,erratic,82.0,15.89,0,28.0
2024-04-03,SKU_09,higiene,erratic,75.0,15.94,0,30.4
2024-04-04,SKU_09,higiene,erratic,38.0,13.36,1,29.7
2024-04-05,SKU_09,higiene,erratic,229.0,13.8,1,30.4
2024-04-06,SKU_09,higiene,erratic,87.0,16.09,0,28.1
2024-04-07,SKU_09,higiene,erratic,48.0,15.71,0,26.6
2024-04-08,SKU_09,higiene,erratic,0.0,16.01,0,25.7
2024-04-09,SKU_09,higiene,erratic,190.0,15.69,0,27.6
2024-04-10,SKU_09,higiene,erratic,91.0,16.27,0,29.0
2024-04-11,SKU_09,higiene,erratic,303.0,16.32,0,29.3
2024-04-12,SKU_09,higiene,erratic,533.0,15.99,0,33.8
2024-04-13,SKU_09,higiene,erratic,46.0,15.83,0,32.2
2024-04-14,SKU_09,higiene,erratic,78.0,13.47,1,28.0
2024-04-15,SKU_09,higiene,erratic,39.0,15.91,0,30.7
2024-04-16,SKU_09,higiene,erratic,15.0,15.98,0,29.2
2024-04-17,SKU_09,higiene,erratic,236.0,16.27,0,29.4
2024-04-18,SKU_09,higiene,erratic,0.0,16.19,0,30.4
2024-04-19,SKU_09,higiene,erratic,103.0,16.19,0,31.2
2024-04-20,SKU_09,higiene,erratic,121.0,16.03,0,29.3
2024-04-21,SKU_09,higiene,erratic,36.0,15.77,0,32.1
2024-04-22,SKU_09,higiene,erratic,41.0,15.85,0,27.7
2024-04-23,SKU_09,higiene,erratic,351.0,16.01,0,30.0
2024-04-24,SKU_09,higiene,erratic,82.0,15.76,0,35.2
2024-04-25,SKU_09,higiene,erratic,51.0,16.06,0,30.4
2024-04-26,SKU_09,higiene,erratic,22.0,16.16,0,32.8
2024-04-27,SKU_09,higiene,erratic,46.0,16.11,0,30.2
2024-04-28,SKU_09,higiene,erratic,419.0,13.7,1,31.1
2024-04-29,SKU_09,higiene,erratic,150.0,15.63,0,29.8
2024-04-30,SKU_09,higiene,erratic,100.0,16.27,0,29.6
2024-05-01,SKU_09,higiene,erratic,308.0,15.69,0,28.4
2024-05-02,SKU_09,higiene,erratic,264.0,15.97,0,30.8
2024-05-03,SKU_09,higiene,erratic,66.0,16.12,0,28.2
2024-05-04,SKU_09,higiene,erratic,471.0,16.07,0,31.2
2024-05-05,SKU_09,higiene,erratic,70.0,15.74,0,32.0
2024-05-06,SKU_09,higiene,erratic,207.0,15.78,0,30.5
2024-05-07,SKU_09,higiene,erratic,63.0,16.06,0,29.2
2024-05-08,SKU_09,higiene,erratic,177.0,16.1,0,30.7
2024-05-09,SKU_09,higiene,erratic,70.0,15.78,0,29.1
2024-05-10,SKU_09,higiene,erratic,73.0,16.08,0,31.6
2024-05-11,SKU_09,higiene,erratic,343.0,15.7,0,26.0
2024-05-12,SKU_09,higiene,erratic,183.0,16.12,0,29.0
2024-05-13,SKU_09,higiene,erratic,125.0,15.82,0,25.6
2024-05-14,SKU_09,higiene,erratic,46.0,16.02,0,26.6
2024-05-15,SKU_09,higiene,erratic,144.0,13.58,1,32.2
2024-05-16,SKU_09,higiene,erratic,38.0,16.23,0,31.3
2024-05-17,SKU_09,higiene,erratic,102.0,16.05,0,28.0
2024-05-18,SKU_09,higiene,erratic,100.0,15.88,0,26.4
2024-05-19,SKU_09,higiene,erratic,73.0,16.07,0,23.4
2024-05-20,SKU_09,higiene,erratic,320.0,16.43,0,28.2
2024-05-21,SKU_09,higiene,erratic,0.0,16.15,0,34.1
2024-05-22,SKU_09,higiene,erratic,95.0,15.99,0,30.0
2024-05-23,SKU_09,higiene,erratic,132.0,15.83,0,28.0
2024-05-24,SKU_09,higiene,erratic,31.0,15.88,0,30.0
2024-05-25,SKU_09,higiene,erratic,40.0,16.14,0,25.9
2024-05-26,SKU_09,higiene,erratic,35.0,15.82,0,28.4
2024-05-27,SKU_09,higiene,erratic,57.0,16.0,0,29.1
2024-05-28,SKU_09,higiene,erratic,77.0,16.29,0,28.7
2024-05-29,SKU_09,higiene,erratic,22.0,16.03,0,30.4
2024-05-30,SKU_09,higiene,erratic,132.0,15.78,0,29.4
2024-05-31,SKU_09,higiene,erratic,111.0,16.44,0,30.0
2024-06-01,SKU_09,higiene,erratic,49.0,16.35,0,27.2
2024-06-02,SKU_09,higiene,erratic,10.0,16.1,0,30.3
2024-06-03,SKU_09,higiene,erratic,67.0,16.26,0,31.7
2024-06-04,SKU_09,higiene,erratic,27.0,15.95,0,26.4
2024-06-05,SKU_09,higiene,erratic,0.0,16.14,0,26.5
2024-06-06,SKU_09,higiene,erratic,263.0,15.92,0,30.9
2024-06-07,SKU_09,higiene,erratic,7.0,15.73,0,27.8
2024-06-08,SKU_09,higiene,erratic,25.0,16.52,0,30.9
2024-06-09,SKU_09,higiene,erratic,159.0,15.72,0,27.1
2024-06-10,SKU_09,higiene,erratic,46.0,16.06,0,30.8
2024-06-11,SKU_09,higiene,erratic,44.0,16.06,0,28.1
2024-06-12,SKU_09,higiene,erratic,414.0,16.1,0,28.3
2024-06-13,SKU_09,higiene,erratic,110.0,15.98,0,30.8
2024-06-14,SKU_09,higiene,erratic,101.0,15.98,0,26.9
2024-06-15,SKU_09,higiene,erratic,71.0,16.03,0,25.6
2024-06-16,SKU_09,higiene,erratic,92.0,16.1,0,26.5
2024-06-17,SKU_09,higiene,erratic,221.0,16.0,0,28.3
2024-06-18,SKU_09,higiene,erratic,369.0,15.99,0,24.1
2024-06-19,SKU_09,higiene,erratic,0.0,15.74,0,28.5
2024-06-20,SKU_09,higiene,erratic,78.0,16.4,0,26.0
2024-06-21,SKU_09,higiene,erratic,45.0,16.11,0,29.3
2024-06-22,SKU_09,higiene,erratic,33.0,16.04,0,22.1
2024-06-23,SKU_09,higiene,erratic,174.0,15.88,0,25.3
2024-06-24,SKU_09,higiene,erratic,97.0,15.8,0,23.4
2024-06-25,SKU_09,higiene,erratic,370.0,16.17,0,25.0
2024-06-26,SKU_09,higiene,erratic,190.0,15.97,0,27.0
2024-06-27,SKU_09,higiene,erratic,235.0,16.12,0,26.1
2024-06-28,SKU_09,higiene,erratic,18.0,15.73,0,25.9
2024-06-29,SKU_09,higiene,erratic,24.0,16.31,0,25.9
2024-06-30,SKU_09,higiene,erratic,44.0,16.18,0,26.6
2024-07-01,SKU_09,higiene,erratic,225.0,15.98,0,24.1
2024-07-02,SKU_09,higiene,erratic,52.0,13.69,1,27.4
2024-07-03,SKU_09,higiene,erratic,37.0,16.15,0,27.2
2024-07-04,SKU_09,higiene,erratic,31.0,15.73,0,26.6
2024-07-05,SKU_09,higiene,erratic,415.0,16.34,0,26.8
2024-07-06,SKU_09,higiene,erratic,41.0,16.1,0,26.2
2024-07-07,SKU_09,higiene,erratic,170.0,13.46,1,29.6
2024-07-08,SKU_09,higiene,erratic,45.0,13.38,1,25.2
2024-07-09,SKU_09,higiene,erratic,165.0,16.2,0,24.7
2024-07-10,SKU_09,higiene,erratic,18.0,16.04,0,23.7
2024-07-11,SKU_09,higiene,erratic,51.0,13.7,1,23.0
2024-07-12,SKU_09,higiene,erratic,25.0,16.01,0,22.5
2024-07-13,SKU_09,higiene,erratic,53.0,15.8,0,23.1
2024-07-14,SKU_09,higiene,erratic,40.0,16.1,0,24.6
2024-07-15,SKU_09,higiene,erratic,256.0,15.96,0,25.3
2024-07-16,SKU_09,higiene,erratic,0.0,13.6,1,24.7
2024-07-17,SKU_09,higiene,erratic,43.0,16.48,0,22.9
2024-07-18,SKU_09,higiene,erratic,167.0,16.17,0,26.2
2024-07-19,SKU_09,higiene,erratic,32.0,16.19,0,25.7
2024-07-20,SKU_09,higiene,erratic,27.0,16.54,0,23.8
2024-07-21,SKU_09,higiene,erratic,153.0,16.08,0,22.7
2024-07-22,SKU_09,higiene,erratic,10.0,16.02,0,25.0
2024-07-23,SKU_09,higiene,erratic,134.0,15.86,0,24.2
2024-07-24,SKU_09,higiene,erratic,42.0,15.91,0,20.8
2024-07-25,SKU_09,higiene,erratic,42.0,15.59,0,23.5
2024-07-26,SKU_09,higiene,erratic,209.0,16.16,0,24.1
2024-07-27,SKU_09,higiene,erratic,0.0,15.75,0,21.6
2024-07-28,SKU_09,higiene,erratic,158.0,16.18,0,23.7
2024-07-29,SKU_09,higiene,erratic,91.0,15.99,0,20.3
2024-07-30,SKU_09,higiene,erratic,99.0,16.03,0,25.8
2024-07-31,SKU_09,higiene,erratic,60.0,15.99,0,25.5
2024-08-01,SKU_09,higiene,erratic,57.0,16.28,0,22.4
2024-08-02,SKU_09,higiene,erratic,146.0,16.24,0,23.5
2024-08-03,SKU_09,higiene,erratic,90.0,15.99,0,17.9
2024-08-04,SKU_09,higiene,erratic,48.0,15.82,0,20.3
2024-08-05,SKU_09,higiene,erratic,31.0,16.18,0,21.9
2024-08-06,SKU_09,higiene,erratic,45.0,15.81,0,20.3
2024-08-07,SKU_09,higiene,erratic,158.0,15.69,0,23.7
2024-08-08,SKU_09,higiene,erratic,184.0,16.1,0,26.2
2024-08-09,SKU_09,higiene,erratic,66.0,16.24,0,19.8
2024-08-10,SKU_09,higiene,erratic,12.0,15.92,0,20.3
2024-08-11,SKU_09,higiene,erratic,130.0,16.08,0,22.4
2024-08-12,SKU_09,higiene,erratic,202.0,15.92,0,25.1
2024-08-13,SKU_09,higiene,erratic,82.0,16.14,0,19.3
2024-08-14,SKU_09,higiene,erratic,347.0,16.22,0,22.1
2024-08-15,SKU_09,higiene,erratic,25.0,15.95,0,25.2
2024-08-16,SKU_09,higiene,erratic,72.0,15.79,0,18.1
2024-08-17,SKU_09,higiene,erratic,18.0,15.71,0,18.8
2024-08-18,SKU_09,higiene,erratic,238.0,13.79,1,20.4
2024-08-19,SKU_09,higiene,erratic,115.0,15.77,0,20.1
2024-08-20,SKU_09,higiene,erratic,297.0,16.07,0,22.7
2024-08-21,SKU_09,higiene,erratic,105.0,16.16,0,21.5
2024-08-22,SKU_09,higiene,erratic,51.0,15.9,0,17.4
2024-08-23,SKU_09,higiene,erratic,28.0,15.97,0,21.8
2024-08-24,SKU_09,higiene,erratic,34.0,16.2,0,19.6
2024-08-25,SKU_09,higiene,erratic,46.0,15.84,0,23.2
2024-08-26,SKU_09,higiene,erratic,297.0,13.42,1,19.3
2024-08-27,SKU_09,higiene,erratic,193.0,15.95,0,19.2
2024-08-28,SKU_09,higiene,erratic,21.0,16.26,0,21.5
2024-08-29,SKU_09,higiene,erratic,71.0,16.32,0,21.8
2024-08-30,SKU_09,higiene,erratic,43.0,15.98,0,21.1
2024-08-31,SKU_09,higiene,erratic,22.0,15.86,0,16.8
2024-09-01,SKU_09,higiene,erratic,98.0,16.21,0,21.1
2024-09-02,SKU_09,higiene,erratic,222.0,15.67,0,17.9
2024-09-03,SKU_09,higiene,erratic,141.0,16.05,0,20.4
2024-09-04,SKU_09,higiene,erratic,203.0,15.99,0,17.0
2024-09-05,SKU_09,higiene,erratic,39.0,16.26,0,20.7
2024-09-06,SKU_09,higiene,erratic,42.0,16.28,0,18.1
2024-09-07,SKU_09,higiene,erratic,22.0,15.81,0,17.1
2024-09-08,SKU_09,higiene,erratic,83.0,16.03,0,21.0
2024-09-09,SKU_09,higiene,erratic,0.0,15.89,0,20.0
2024-09-10,SKU_09,higiene,erratic,148.0,15.94,0,18.2
2024-09-11,SKU_09,higiene,erratic,196.0,16.12,0,22.3
2024-09-12,SKU_09,higiene,erratic,0.0,15.93,0,18.4
2024-09-13,SKU_09,higiene,erratic,29.0,13.64,1,19.3
2024-09-14,SKU_09,higiene,erratic,14.0,16.19,0,19.7
2024-09-15,SKU_09,higiene,erratic,103.0,16.3,0,17.9
2024-09-16,SKU_09,higiene,erratic,227.0,16.06,0,20.0
2024-09-17,SKU_09,higiene,erratic,97.0,13.62,1,17.9
2024-09-18,SKU_09,higiene,erratic,20.0,15.78,0,18.1
2024-09-19,SKU_09,higiene,erratic,362.0,16.32,0,21.6
2024-09-20,SKU_09,higiene,erratic,60.0,16.1,0,16.7
2024-09-21,SKU_09,higiene,erratic,67.0,13.63,1,13.9
2024-09-22,SKU_09,higiene,erratic,27.0,16.02,0,21.9
2024-09-23,SKU_09,higiene,erratic,69.0,16.07,0,23.8
2024-09-24,SKU_09,higiene,erratic,118.0,16.15,0,17.8
2024-09-25,SKU_09,higiene,erratic,148.0,13.78,1,14.7
2024-09-26,SKU_09,higiene,erratic,39.0,16.32,0,17.9
2024-09-27,SKU_09,higiene,erratic,38.0,16.05,0,17.9
2024-09-28,SKU_09,higiene,erratic,25.0,16.35,0,18.1
2024-09-29,SKU_09,higiene,erratic,259.0,16.21,0,16.2
2024-09-30,SKU_09,higiene,erratic,140.0,15.99,0,19.5
2024-10-01,SKU_09,higiene,erratic,45.0,15.67,0,19.4
2024-10-02,SKU_09,higiene,erratic,27.0,16.02,0,15.3
2024-10-03,SKU_09,higiene,erratic,123.0,13.91,1,19.7
2024-10-04,SKU_09,higiene,erratic,27.0,15.84,0,22.4
2024-10-05,SKU_09,higiene,erratic,29.0,16.02,0,18.6
2024-10-06,SKU_09,higiene,erratic,27.0,16.03,0,17.5
2024-10-07,SKU_09,higiene,erratic,30.0,16.19,0,17.9
2024-10-08,SKU_09,higiene,erratic,78.0,15.92,0,19.4
2024-10-09,SKU_09,higiene,erratic,55.0,15.83,0,14.7
2024-10-10,SKU_09,higiene,erratic,507.0,16.11,0,18.4
2024-10-11,SKU_09,higiene,erratic,65.0,15.85,0,17.3
2024-10-12,SKU_09,higiene,erratic,16.0,15.63,0,21.8
2024-10-13,SKU_09,higiene,erratic,20.0,16.37,0,17.7
2024-10-14,SKU_09,higiene,erratic,95.0,16.19,0,21.4
2024-10-15,SKU_09,higiene,erratic,50.0,16.38,0,15.8
2024-10-16,SKU_09,higiene,erratic,200.0,16.17,0,19.2
2024-10-17,SKU_09,higiene,erratic,86.0,16.14,0,18.7
2024-10-18,SKU_09,higiene,erratic,8.0,16.07,0,16.3
2024-10-19,SKU_09,higiene,erratic,18.0,15.96,0,18.4
2024-10-20,SKU_09,higiene,erratic,40.0,16.1,0,20.4
2024-10-21,SKU_09,higiene,erratic,99.0,15.89,0,17.4
2024-10-22,SKU_09,higiene,erratic,30.0,15.79,0,14.6
2024-10-23,SKU_09,higiene,erratic,78.0,15.93,0,18.0
2024-10-24,SKU_09,higiene,erratic,24.0,16.26,0,16.2
2024-10-25,SKU_09,higiene,erratic,41.0,15.75,0,17.3
2024-10-26,SKU_09,higiene,erratic,55.0,15.76,0,17.9
2024-10-27,SKU_09,higiene,erratic,226.0,16.12,0,14.6
2024-10-28,SKU_09,higiene,erratic,85.0,15.92,0,14.8
2024-10-29,SKU_09,higiene,erratic,52.0,13.7,1,19.0
2024-10-30,SKU_09,higiene,erratic,233.0,16.2,0,17.0
2024-10-31,SKU_09,higiene,erratic,61.0,16.09,0,13.0
2024-11-01,SKU_09,higiene,erratic,77.0,15.87,0,19.7
2024-11-02,SKU_09,higiene,erratic,26.0,16.26,0,18.7
2024-11-03,SKU_09,higiene,erratic,110.0,13.75,1,16.7
2024-11-04,SKU_09,higiene,erratic,37.0,16.01,0,15.5
2024-11-05,SKU_09,higiene,erratic,92.0,16.0,0,19.9
2024-11-06,SKU_09,higiene,erratic,136.0,16.07,0,18.9
2024-11-07,SKU_09,higiene,erratic,48.0,15.94,0,23.0
2024-11-08,SKU_09,higiene,erratic,27.0,15.67,0,19.1
2024-11-09,SKU_09,higiene,erratic,56.0,16.15,0,19.1
2024-11-10,SKU_09,higiene,erratic,37.0,16.14,0,18.0
2024-11-11,SKU_09,higiene,erratic,21.0,15.54,0,20.0
2024-11-12,SKU_09,higiene,erratic,139.0,13.7,1,19.7
2024-11-13,SKU_09,higiene,erratic,66.0,16.35,0,21.0
2024-11-14,SKU_09,higiene,erratic,94.0,13.37,1,17.5
2024-11-15,SKU_09,higiene,erratic,65.0,15.99,0,17.7
2024-11-16,SKU_09,higiene,erratic,73.0,15.96,0,17.6
2024-11-17,SKU_09,higiene,erratic,64.0,16.33,0,20.2
2024-11-18,SKU_09,higiene,erratic,30.0,16.22,0,21.7
2024-11-19,SKU_09,higiene,erratic,44.0,15.82,0,17.8
2024-11-20,SKU_09,higiene,erratic,117.0,16.07,0,17.9
2024-11-21,SKU_09,higiene,erratic,82.0,16.46,0,19.5
2024-11-22,SKU_09,higiene,erratic,28.0,15.88,0,18.4
2024-11-23,SKU_09,higiene,erratic,23.0,16.0,0,20.9
2024-11-24,SKU_09,higiene,erratic,122.0,16.1,0,14.5
2024-11-25,SKU_09,higiene,erratic,62.0,15.88,0,17.4
2024-11-26,SKU_09,higiene,erratic,136.0,16.35,0,17.6
2024-11-27,SKU_09,higiene,erratic,151.0,15.91,0,14.6
2024-11-28,SKU_09,higiene,erratic,58.0,15.72,0,17.3
2024-11-29,SKU_09,higiene,erratic,95.0,15.9,0,17.5
2024-11-30,SKU_09,higiene,erratic,50.0,16.13,0,19.0
2024-12-01,SKU_09,higiene,erratic,94.0,15.84,0,21.7
2024-12-02,SKU_09,higiene,erratic,13.0,16.06,0,19.0
2024-12-03,SKU_09,higiene,erratic,35.0,16.11,0,17.5
2024-12-04,SKU_09,higiene,erratic,37.0,15.76,0,19.5
2024-12-05,SKU_09,higiene,erratic,59.0,15.89,0,21.8
2024-12-06,SKU_09,higiene,erratic,50.0,16.07,0,17.9
2024-12-07,SKU_09,higiene,erratic,51.0,16.14,0,18.1
2024-12-08,SKU_09,higiene,erratic,97.0,15.89,0,21.1
2024-12-09,SKU_09,higiene,erratic,45.0,16.03,0,19.6
2024-12-10,SKU_09,higiene,erratic,135.0,15.94,0,21.4
2024-12-11,SKU_09,higiene,erratic,332.0,16.15,0,20.2
2024-12-12,SKU_09,higiene,erratic,59.0,16.1,0,21.7
2024-12-13,SKU_09,higiene,erratic,27.0,15.93,0,18.3
2024-12-14,SKU_09,higiene,erratic,27.0,16.1,0,20.4
2024-12-15,SKU_09,higiene,erratic,84.0,15.92,0,20.1
2024-12-16,SKU_09,higiene,erratic,52.0,16.09,0,18.2
2024-12-17,SKU_09,higiene,erratic,20.0,16.09,0,17.6
2024-12-18,SKU_09,higiene,erratic,25.0,16.47,0,22.1
2024-12-19,SKU_09,higiene,erratic,180.0,15.93,0,20.2
2024-12-20,SKU_09,higiene,erratic,132.0,15.97,0,18.9
2024-12-21,SKU_09,higiene,erratic,171.0,15.87,0,20.8
2024-12-22,SKU_09,higiene,erratic,139.0,13.39,1,23.4
2024-12-23,SKU_09,higiene,erratic,36.0,15.91,0,16.7
2024-12-24,SKU_09,higiene,erratic,57.0,16.13,0,18.3
2024-12-25,SKU_09,higiene,erratic,24.0,16.15,0,19.6
2024-12-26,SKU_09,higiene,erratic,35.0,13.66,1,24.4
2024-12-27,SKU_09,higiene,erratic,59.0,15.94,0,22.2
2024-12-28,SKU_09,higiene,erratic,74.0,15.9,0,23.2
2024-12-29,SKU_09,higiene,erratic,394.0,15.82,0,19.5
2024-12-30,SKU_09,higiene,erratic,77.0,15.89,0,19.6
2023-01-01,SKU_10,higiene,erratic,23.0,7.88,0,22.6
2023-01-02,SKU_10,higiene,erratic,190.0,8.1,0,20.0
2023-01-03,SKU_10,higiene,erratic,406.0,6.76,1,23.7
2023-01-04,SKU_10,higiene,erratic,14.0,8.26,0,24.2
2023-01-05,SKU_10,higiene,erratic,81.0,7.83,0,18.5
2023-01-06,SKU_10,higiene,erratic,70.0,6.71,1,19.9
2023-01-07,SKU_10,higiene,erratic,45.0,7.88,0,22.8
2023-01-08,SKU_10,higiene,erratic,58.0,7.17,1,22.0
2023-01-09,SKU_10,higiene,erratic,148.0,7.96,0,22.7
2023-01-10,SKU_10,higiene,erratic,91.0,7.89,0,21.2
2023-01-11,SKU_10,higiene,erratic,151.0,7.58,0,24.7
2023-01-12,SKU_10,higiene,erratic,0.0,7.82,0,24.6
2023-01-13,SKU_10,higiene,erratic,13.0,8.11,0,23.3
2023-01-14,SKU_10,higiene,erratic,55.0,8.1,0,25.5
2023-01-15,SKU_10,higiene,erratic,45.0,6.67,1,24.3
2023-01-16,SKU_10,higiene,erratic,155.0,7.88,0,21.8
2023-01-17,SKU_10,higiene,erratic,12.0,8.37,0,24.3
2023-01-18,SKU_10,higiene,erratic,46.0,8.54,0,21.8
2023-01-19,SKU_10,higiene,erratic,41.0,8.23,0,25.6
2023-01-20,SKU_10,higiene,erratic,31.0,8.31,0,23.8
2023-01-21,SKU_10,higiene,erratic,49.0,8.35,0,23.6
2023-01-22,SKU_10,higiene,erratic,93.0,8.44,0,22.7
2023-01-23,SKU_10,higiene,erratic,113.0,7.94,0,26.7
2023-01-24,SKU_10,higiene,erratic,125.0,7.82,0,24.0
2023-01-25,SKU_10,higiene,erratic,60.0,8.37,0,23.6
2023-01-26,SKU_10,higiene,erratic,371.0,7.81,0,23.8
2023-01-27,SKU_10,higiene,erratic,0.0,7.79,0,25.7
2023-01-28,SKU_10,higiene,erratic,32.0,7.8,0,25.5
2023-01-29,SKU_10,higiene,erratic,62.0,7.97,0,25.6
2023-01-30,SKU_10,higiene,erratic,53.0,7.6,0,25.8
2023-01-31,SKU_10,higiene,erratic,93.0,7.71,0,29.3
2023-02-01,SKU_10,higiene,erratic,32.0,7.88,0,24.3
2023-02-02,SKU_10,higiene,erratic,37.0,7.76,0,24.2
2023-02-03,SKU_10,higiene,erratic,10.0,7.01,1,23.7
2023-02-04,SKU_10,higiene,erratic,44.0,6.8,1,26.7
2023-02-05,SKU_10,higiene,erratic,165.0,8.12,0,27.8
2023-02-06,SKU_10,higiene,erratic,90.0,6.89,1,25.4
2023-02-07,SKU_10,higiene,erratic,65.0,7.96,0,24.1
2023-02-08,SKU_10,higiene,erratic,88.0,8.2,0,24.2
2023-02-09,SKU_10,higiene,erratic,0.0,8.09,0,27.2
2023-02-10,SKU_10,higiene,erratic,43.0,7.94,0,27.5
2023-02-11,SKU_10,higiene,erratic,86.0,7.66,0,27.2
2023-02-12,SKU_10,higiene,erratic,91.0,8.1,0,24.9
2023-02-13,SKU_10,higiene,erratic,157.0,7.75,0,26.8
2023-02-14,SKU_10,higiene,erratic,197.0,8.08,0,26.6
2023-02-15,SKU_10,higiene,erratic,122.0,8.02,0,26.9
2023-02-16,SKU_10,higiene,erratic,41.0,7.73,0,28.3
2023-02-17,SKU_10,higiene,erratic,32.0,8.05,0,27.1
2023-02-18,SKU_10,higiene,erratic,201.0,8.04,0,28.1
2023-02-19,SKU_10,higiene,erratic,93.0,8.04,0,27.0
2023-02-20,SKU_10,higiene,erratic,122.0,6.83,1,27.5
2023-02-21,SKU_10,higiene,erratic,52.0,6.67,1,28.3
2023-02-22,SKU_10,higiene,erratic,68.0,8.12,0,24.2
2023-02-23,SKU_10,higiene,erratic,129.0,7.86,0,26.6
2023-02-24,SKU_10,higiene,erratic,44.0,7.79,0,26.4
2023-02-25,SKU_10,higiene,erratic,28.0,8.13,0,26.1
2023-02-26,SKU_10,higiene,erratic,58.0,8.19,0,26.9
2023-02-27,SKU_10,higiene,erratic,191.0,8.12,0,30.6
2023-02-28,SKU_10,higiene,erratic,126.0,7.96,0,25.9
2023-03-01,SKU_10,higiene,erratic,113.0,7.61,0,29.7
2023-03-02,SKU_10,higiene,erratic,152.0,7.1,1,24.4
2023-03-03,SKU_10,higiene,erratic,17.0,7.61,0,27.2
2023-03-04,SKU_10,higiene,erratic,54.0,8.12,0,28.3
2023-03-05,SKU_10,higiene,erratic,174.0,8.42,0,29.2
2023-03-06,SKU_10,higiene,erratic,60.0,8.03,0,29.5
2023-03-07,SKU_10,higiene,erratic,236.0,6.86,1,29.8
2023-03-08,SKU_10,higiene,erratic,115.0,8.08,0,27.6
2023-03-09,SKU_10,higiene,erratic,145.0,8.04,0,27.4
2023-03-10,SKU_10,higiene,erratic,46.0,8.47,0,30.1
2023-03-11,SKU_10,higiene,erratic,90.0,7.83,0,28.1
2023-03-12,SKU_10,higiene,erratic,23.0,7.81,0,26.0
2023-03-13,SKU_10,higiene,erratic,77.0,7.93,0,26.3
2023-03-14,SKU_10,higiene,erratic,133.0,8.35,0,26.8
2023-03-15,SKU_10,higiene,erratic,95.0,7.88,0,29.7
2023-03-16,SKU_10,higiene,erratic,181.0,8.09,0,29.1
2023-03-17,SKU_10,higiene,erratic,39.0,8.21,0,30.3
2023-03-18,SKU_10,higiene,erratic,29.0,8.16,0,28.1
2023-03-19,SKU_10,higiene,erratic,0.0,8.2,0,29.3
2023-03-20,SKU_10,higiene,erratic,61.0,8.28,0,30.3
2023-03-21,SKU_10,higiene,erratic,114.0,8.06,0,28.5
2023-03-22,SKU_10,higiene,erratic,202.0,6.71,1,30.1
2023-03-23,SKU_10,higiene,erratic,0.0,8.03,0,27.9
2023-03-24,SKU_10,higiene,erratic,115.0,7.93,0,28.5
2023-03-25,SKU_10,higiene,erratic,20.0,8.5,0,28.5
2023-03-26,SKU_10,higiene,erratic,69.0,7.89,0,27.0
2023-03-27,SKU_10,higiene,erratic,48.0,8.1,0,30.4
2023-03-28,SKU_10,higiene,erratic,106.0,7.7,0,28.5
2023-03-29,SKU_10,higiene,erratic,82.0,8.03,0,29.5
2023-03-30,SKU_10,higiene,erratic,131.0,7.94,0,30.5
2023-03-31,SKU_10,higiene,erratic,197.0,8.14,0,30.5
2023-04-01,SKU_10,higiene,erratic,62.0,8.14,0,30.9
2023-04-02,SKU_10,higiene,erratic,48.0,8.28,0,29.4
2023-04-03,SKU_10,higiene,erratic,110.0,8.27,0,28.8
2023-04-04,SKU_10,higiene,erratic,362.0,7.99,0,29.5
2023-04-05,SKU_10,higiene,erratic,129.0,7.81,0,26.4
2023-04-06,SKU_10,higiene,erratic,0.0,7.83,0,26.9
2023-04-07,SKU_10,higiene,erratic,13.0,8.06,0,27.1
2023-04-08,SKU_10,higiene,erratic,61.0,8.03,0,27.8
2023-04-09,SKU_10,higiene,erratic,61.0,8.05,0,30.6
2023-04-10,SKU_10,higiene,erratic,44.0,7.89,0,28.1
2023-04-11,SKU_10,higiene,erratic,75.0,8.29,0,29.1
2023-04-12,SKU_10,higiene,erratic,83.0,7.71,0,32.5
2023-04-13,SKU_10,higiene,erratic,46.0,7.88,0,29.2
2023-04-14,SKU_10,higiene,erratic,52.0,7.78,0,31.4
2023-04-15,SKU_10,higiene,erratic,39.0,7.96,0,28.1
2023-04-16,SKU_10,higiene,erratic,134.0,8.25,0,29.6
2023-04-17,SKU_10,higiene,erratic,91.0,7.94,0,28.1
2023-04-18,SKU_10,higiene,erratic,103.0,8.02,0,29.3
2023-04-19,SKU_10,higiene,erratic,0.0,8.13,0,31.7
2023-04-20,SKU_10,higiene,erratic,119.0,7.93,0,26.5
2023-04-21,SKU_10,higiene,erratic,45.0,8.08,0,30.9
2023-04-22,SKU_10,higiene,erratic,12.0,6.85,1,30.5
2023-04-23,SKU_10,higiene,erratic,115.0,7.77,0,28.8
2023-04-24,SKU_10,higiene,erratic,37.0,7.91,0,27.1
2023-04-25,SKU_10,higiene,erratic,71.0,8.07,0,30.1
2023-04-26,SKU_10,higiene,erratic,102.0,8.26,0,28.9
2023-04-27,SKU_10,higiene,erratic,221.0,8.26,0,30.4
2023-04-28,SKU_10,higiene,erratic,196.0,8.42,0,30.0
2023-04-29,SKU_10,higiene,erratic,21.0,8.1,0,33.2
2023-04-30,SKU_10,higiene,erratic,26.0,7.92,0,29.5
2023-05-01,SKU_10,higiene,erratic,98.0,7.99,0,27.9
2023-05-02,SKU_10,higiene,erratic,92.0,7.98,0,30.3
2023-05-03,SKU_10,higiene,erratic,29.0,7.92,0,30.3
2023-05-04,SKU_10,higiene,erratic,75.0,8.08,0,32.6
2023-05-05,SKU_10,higiene,erratic,72.0,8.09,0,31.5
2023-05-06,SKU_10,higiene,erratic,17.0,7.77,0,30.5
2023-05-07,SKU_10,higiene,erratic,34.0,8.22,0,32.7
2023-05-08,SKU_10,higiene,erratic,45.0,7.63,0,27.4
2023-05-09,SKU_10,higiene,erratic,63.0,7.96,0,28.5
2023-05-10,SKU_10,higiene,erratic,131.0,8.23,0,27.9
2023-05-11,SKU_10,higiene,erratic,58.0,8.12,0,28.9
2023-05-12,SKU_10,higiene,erratic,46.0,7.93,0,26.9
2023-05-13,SKU_10,higiene,erratic,268.0,8.39,0,30.9
2023-05-14,SKU_10,higiene,erratic,35.0,7.91,0,29.1
2023-05-15,SKU_10,higiene,erratic,44.0,7.6,0,26.6
2023-05-16,SKU_10,higiene,erratic,129.0,8.09,0,27.5
2023-05-17,SKU_10,higiene,erratic,165.0,7.64,0,30.1
2023-05-18,SKU_10,higiene,erratic,0.0,7.83,0,31.1
2023-05-19,SKU_10,higiene,erratic,187.0,8.12,0,33.4
2023-05-20,SKU_10,higiene,erratic,57.0,7.91,0,35.2
2023-05-21,SKU_10,higiene,erratic,15.0,8.12,0,30.1
2023-05-22,SKU_10,higiene,erratic,80.0,7.77,0,27.3
2023-05-23,SKU_10,higiene,erratic,68.0,6.97,1,24.9
2023-05-24,SKU_10,higiene,erratic,224.0,7.66,0,29.7
2023-05-25,SKU_10,higiene,erratic,160.0,8.26,0,27.4
2023-05-26,SKU_10,higiene,erratic,12.0,7.9,0,28.2
2023-05-27,SKU_10,higiene,erratic,128.0,8.31,0,27.7
2023-05-28,SKU_10,higiene,erratic,156.0,7.83,0,28.6
2023-05-29,SKU_10,higiene,erratic,56.0,8.38,0,31.0
2023-05-30,SKU_10,higiene,erratic,69.0,7.81,0,29.1
2023-05-31,SKU_10,higiene,erratic,223.0,7.64,0,28.4
2023-06-01,SKU_10,higiene,erratic,15.0,8.01,0,26.6
2023-06-02,SKU_10,higiene,erratic,61.0,8.25,0,25.2
2023-06-03,SKU_10,higiene,erratic,103.0,8.16,0,27.5
2023-06-04,SKU_10,higiene,erratic,68.0,8.23,0,28.3
2023-06-05,SKU_10,higiene,erratic,122.0,8.16,0,31.9
2023-06-06,SKU_10,higiene,erratic,113.0,6.64,1,28.6
2023-06-07,SKU_10,higiene,erratic,38.0,8.15,0,30.2
2023-06-08,SKU_10,higiene,erratic,38.0,8.02,0,27.2
2023-06-09,SKU_10,higiene,erratic,75.0,7.86,0,25.7
2023-06-10,SKU_10,higiene,erratic,25.0,8.04,0,26.1
2023-06-11,SKU_10,higiene,erratic,21.0,7.99,0,26.5
2023-06-12,SKU_10,higiene,erratic,79.0,8.28,0,32.1
2023-06-13,SKU_10,higiene,erratic,47.0,7.9,0,26.1
2023-06-14,SKU_10,higiene,erratic,27.0,7.89,0,29.4
2023-06-15,SKU_10,higiene,erratic,75.0,7.86,0,25.8
2023-06-16,SKU_10,higiene,erratic,78.0,8.38,0,29.4
2023-06-17,SKU_10,higiene,erratic,42.0,7.87,0,28.2
2023-06-18,SKU_10,higiene,erratic,0.0,8.26,0,27.0
2023-06-19,SKU_10,higiene,erratic,104.0,7.79,0,27.2
2023-06-20,SKU_10,higiene,erratic,161.0,8.1,0,25.9
2023-06-21,SKU_10,higiene,erratic,414.0,8.05,0,28.0
2023-06-22,SKU_10,higiene,erratic,0.0,8.25,0,26.1
2023-06-23,SKU_10,higiene,erratic,0.0,8.22,0,24.5
2023-06-24,SKU_10,higiene,erratic,82.0,8.02,0,24.3
2023-06-25,SKU_10,higiene,erratic,85.0,7.89,0,27.1
2023-06-26,SKU_10,higiene,erratic,28.0,8.32,0,29.8
2023-06-27,SKU_10,higiene,erratic,87.0,7.87,0,26.9
2023-06-28,SKU_10,higiene,erratic,322.0,7.55,0,26.2
2023-06-29,SKU_10,higiene,erratic,180.0,7.63,0,26.9
2023-06-30,SKU_10,higiene,erratic,18.0,7.68,0,28.9
2023-07-01,SKU_10,higiene,erratic,41.0,8.12,0,26.6
2023-07-02,SKU_10,higiene,erratic,102.0,8.44,0,25.3
2023-07-03,SKU_10,higiene,erratic,17.0,7.59,0,28.2
2023-07-04,SKU_10,higiene,erratic,18.0,7.84,0,26.7
2023-07-05,SKU_10,higiene,erratic,77.0,8.02,0,28.9
2023-07-06,SKU_10,higiene,erratic,78.0,8.31,0,26.0
2023-07-07,SKU_10,higiene,erratic,9.0,7.84,0,23.1
2023-07-08,SKU_10,higiene,erratic,55.0,8.12,0,22.7
2023-07-09,SKU_10,higiene,erratic,161.0,7.95,0,28.7
2023-07-10,SKU_10,higiene,erratic,57.0,8.52,0,28.7
2023-07-11,SKU_10,higiene,erratic,70.0,8.03,0,24.8
2023-07-12,SKU_10,higiene,erratic,106.0,8.07,0,24.3
2023-07-13,SKU_10,higiene,erratic,95.0,8.02,0,27.9
2023-07-14,SKU_10,higiene,erratic,10.0,7.92,0,22.7
2023-07-15,SKU_10,higiene,erratic,19.0,8.19,0,23.0
2023-07-16,SKU_10,higiene,erratic,0.0,7.77,0,26.0
2023-07-17,SKU_10,higiene,erratic,33.0,7.6,0,23.8
2023-07-18,SKU_10,higiene,erratic,214.0,7.97,0,24.5
2023-07-19,SKU_10,higiene,erratic,110.0,8.16,0,24.0
2023-07-20,SKU_10,higiene,erratic,27.0,7.88,0,24.9
2023-07-21,SKU_10,higiene,erratic,33.0,8.04,0,27.0
2023-07-22,SKU_10,higiene,erratic,96.0,7.76,0,24.2
2023-07-23,SKU_10,higiene,erratic,39.0,8.21,0,25.2
2023-07-24,SKU_10,higiene,erratic,129.0,8.13,0,19.7
2023-07-25,SKU_10,higiene,erratic,197.0,8.0,0,23.6
2023-07-26,SKU_10,higiene,erratic,172.0,8.03,0,22.0
2023-07-27,SKU_10,higiene,erratic,75.0,7.72,0,21.1
2023-07-28,SKU_10,higiene,erratic,104.0,7.73,0,21.7
2023-07-29,SKU_10,higiene,erratic,25.0,7.98,0,22.7
2023-07-30,SKU_10,higiene,erratic,473.0,8.1,0,25.1
2023-07-31,SKU_10,higiene,erratic,113.0,6.91,1,20.5
2023-08-01,SKU_10,higiene,erratic,161.0,7.93,0,23.1
2023-08-02,SKU_10,higiene,erratic,48.0,8.15,0,22.0
2023-08-03,SKU_10,higiene,erratic,95.0,8.28,0,22.2
2023-08-04,SKU_10,higiene,erratic,58.0,7.98,0,24.7
2023-08-05,SKU_10,higiene,erratic,18.0,8.06,0,23.7
2023-08-06,SKU_10,higiene,erratic,29.0,7.96,0,25.2
2023-08-07,SKU_10,higiene,erratic,54.0,7.97,0,22.1
2023-08-08,SKU_10,higiene,erratic,0.0,8.03,0,20.9
2023-08-09,SKU_10,higiene,erratic,0.0,8.34,0,21.8
2023-08-10,SKU_10,higiene,erratic,47.0,8.18,0,22.6
2023-08-11,SKU_10,higiene,erratic,106.0,8.17,0,22.4
2023-08-12,SKU_10,higiene,erratic,14.0,7.91,0,19.8
2023-08-13,SKU_10,higiene,erratic,171.0,7.82,0,22.0
2023-08-14,SKU_10,higiene,erratic,25.0,8.08,0,22.2
2023-08-15,SKU_10,higiene,erratic,30.0,8.25,0,26.7
2023-08-16,SKU_10,higiene,erratic,80.0,7.14,1,25.3
2023-08-17,SKU_10,higiene,erratic,280.0,7.51,0,19.7
2023-08-18,SKU_10,higiene,erratic,22.0,8.49,0,20.8
2023-08-19,SKU_10,higiene,erratic,9.0,8.08,0,18.3
2023-08-20,SKU_10,higiene,erratic,20.0,8.18,0,20.0
2023-08-21,SKU_10,higiene,erratic,131.0,7.65,0,21.7
2023-08-22,SKU_10,higiene,erratic,21.0,7.95,0,23.4
2023-08-23,SKU_10,higiene,erratic,160.0,8.16,0,19.4
2023-08-24,SKU_10,higiene,erratic,65.0,7.77,0,19.5
2023-08-25,SKU_10,higiene,erratic,35.0,7.42,0,16.4
2023-08-26,SKU_10,higiene,erratic,67.0,6.87,1,20.3
2023-08-27,SKU_10,higiene,erratic,32.0,7.99,0,18.4
2023-08-28,SKU_10,higiene,erratic,68.0,8.29,0,19.4
2023-08-29,SKU_10,higiene,erratic,33.0,6.77,1,18.6
2023-08-30,SKU_10,higiene,erratic,180.0,7.98,0,20.1
2023-08-31,SKU_10,higiene,erratic,27.0,8.14,0,16.7
2023-09-01,SKU_10,higiene,erratic,51.0,8.21,0,17.2
2023-09-02,SKU_10,higiene,erratic,16.0,7.86,0,24.3
2023-09-03,SKU_10,higiene,erratic,40.0,8.19,0,17.4
2023-09-04,SKU_10,higiene,erratic,45.0,7.9,0,17.7
2023-09-05,SKU_10,higiene,erratic,663.0,8.0,0,23.5
2023-09-06,SKU_10,higiene,erratic,60.0,8.13,0,25.6
2023-09-07,SKU_10,higiene,erratic,31.0,8.17,0,17.4
2023-09-08,SKU_10,higiene,erratic,25.0,8.06,0,18.9
2023-09-09,SKU_10,higiene,erratic,11.0,7.78,0,20.2
2023-09-10,SKU_10,higiene,erratic,53.0,7.63,0,22.9
2023-09-11,SKU_10,higiene,erratic,266.0,7.96,0,17.4
2023-09-12,SKU_10,higiene,erratic,79.0,8.19,0,18.9
2023-09-13,SKU_10,higiene,erratic,124.0,8.09,0,20.8
2023-09-14,SKU_10,higiene,erratic,29.0,8.05,0,20.1
2023-09-15,SKU_10,higiene,erratic,30.0,8.0,0,18.4
2023-09-16,SKU_10,higiene,erratic,61.0,6.86,1,18.8
2023-09-17,SKU_10,higiene,erratic,34.0,7.8,0,16.3
2023-09-18,SKU_10,higiene,erratic,83.0,8.16,0,18.5
2023-09-19,SKU_10,higiene,erratic,99.0,8.17,0,18.4
2023-09-20,SKU_10,higiene,erratic,93.0,7.93,0,19.3
2023-09-21,SKU_10,higiene,erratic,53.0,8.09,0,17.7
2023-09-22,SKU_10,higiene,erratic,85.0,7.66,0,19.7
2023-09-23,SKU_10,higiene,erratic,29.0,8.04,0,20.7
2023-09-24,SKU_10,higiene,erratic,45.0,7.97,0,19.0
2023-09-25,SKU_10,higiene,erratic,191.0,8.25,0,19.3
2023-09-26,SKU_10,higiene,erratic,25.0,7.96,0,18.7
2023-09-27,SKU_10,higiene,erratic,15.0,8.17,0,18.5
2023-09-28,SKU_10,higiene,erratic,30.0,7.92,0,17.1
2023-09-29,SKU_10,higiene,erratic,48.0,7.54,0,19.1
2023-09-30,SKU_10,higiene,erratic,99.0,7.95,0,18.2
2023-10-01,SKU_10,higiene,erratic,35.0,8.04,0,22.6
2023-10-02,SKU_10,higiene,erratic,258.0,8.03,0,21.5
2023-10-03,SKU_10,higiene,erratic,62.0,8.03,0,19.1
2023-10-04,SKU_10,higiene,erratic,55.0,7.9,0,16.8
2023-10-05,SKU_10,higiene,erratic,30.0,7.94,0,16.0
2023-10-06,SKU_10,higiene,erratic,170.0,7.77,0,20.6
2023-10-07,SKU_10,higiene,erratic,32.0,7.6,0,18.7
2023-10-08,SKU_10,higiene,erratic,21.0,7.98,0,19.1
2023-10-09,SKU_10,higiene,erratic,434.0,7.85,0,14.7
2023-10-10,SKU_10,higiene,erratic,83.0,8.22,0,20.0
2023-10-11,SKU_10,higiene,erratic,115.0,7.56,0,19.0
2023-10-12,SKU_10,higiene,erratic,338.0,6.86,1,15.9
2023-10-13,SKU_10,higiene,erratic,59.0,8.42,0,17.1
2023-10-14,SKU_10,higiene,erratic,78.0,7.96,0,18.6
2023-10-15,SKU_10,higiene,erratic,63.0,8.0,0,18.1
2023-10-16,SKU_10,higiene,erratic,110.0,8.09,0,17.4
2023-10-17,SKU_10,higiene,erratic,59.0,8.1,0,17.8
2023-10-18,SKU_10,higiene,erratic,0.0,7.92,0,17.5
2023-10-19,SKU_10,higiene,erratic,67.0,7.8,0,18.3
2023-10-20,SKU_10,higiene,erratic,26.0,8.13,0,20.9
2023-10-21,SKU_10,higiene,erratic,54.0,7.62,0,12.9
2023-10-22,SKU_10,higiene,erratic,92.0,8.17,0,17.5
2023-10-23,SKU_10,higiene,erratic,118.0,7.92,0,18.4
2023-10-24,SKU_10,higiene,erratic,103.0,8.0,0,18.6
2023-10-25,SKU_10,higiene,erratic,306.0,7.89,0,17.3
2023-10-26,SKU_10,higiene,erratic,143.0,8.29,0,14.5
2023-10-27,SKU_10,higiene,erratic,31.0,8.05,0,18.7
2023-10-28,SKU_10,higiene,erratic,53.0,7.94,0,21.5
2023-10-29,SKU_10,higiene,erratic,192.0,7.93,0,15.0
2023-10-30,SKU_10,higiene,erratic,29.0,7.97,0,19.8
2023-10-31,SKU_10,higiene,erratic,313.0,8.48,0,17.4
2023-11-01,SKU_10,higiene,erratic,33.0,7.74,0,18.0
2023-11-02,SKU_10,higiene,erratic,128.0,8.22,0,16.0
2023-11-03,SKU_10,higiene,erratic,37.0,8.11,0,17.5
2023-11-04,SKU_10,higiene,erratic,36.0,8.31,0,20.8
2023-11-05,SKU_10,higiene,erratic,32.0,6.93,1,19.3
2023-11-06,SKU_10,higiene,erratic,130.0,8.0,0,21.7
2023-11-07,SKU_10,higiene,erratic,22.0,8.2,0,20.6
2023-11-08,SKU_10,higiene,erratic,20.0,8.05,0,19.1
2023-11-09,SKU_10,higiene,erratic,160.0,8.15,0,21.8
2023-11-10,SKU_10,higiene,erratic,157.0,8.29,0,19.2
2023-11-11,SKU_10,higiene,erratic,22.0,8.02,0,20.0
2023-11-12,SKU_10,higiene,erratic,0.0,7.92,0,17.8
2023-11-13,SKU_10,higiene,erratic,121.0,7.87,0,18.6
2023-11-14,SKU_10,higiene,erratic,0.0,8.09,0,17.1
2023-11-15,SKU_10,higiene,erratic,187.0,7.82,0,20.5
2023-11-16,SKU_10,higiene,erratic,56.0,7.93,0,16.2
2023-11-17,SKU_10,higiene,erratic,58.0,7.81,0,20.2
2023-11-18,SKU_10,higiene,erratic,14.0,8.1,0,18.3
2023-11-19,SKU_10,higiene,erratic,25.0,7.85,0,21.0
2023-11-20,SKU_10,higiene,erratic,166.0,7.74,0,20.2
2023-11-21,SKU_10,higiene,erratic,101.0,7.78,0,22.4
2023-11-22,SKU_10,higiene,erratic,58.0,7.89,0,20.3
2023-11-23,SKU_10,higiene,erratic,302.0,7.9,0,15.8
2023-11-24,SKU_10,higiene,erratic,177.0,8.05,0,18.8
2023-11-25,SKU_10,higiene,erratic,55.0,7.97,0,16.7
2023-11-26,SKU_10,higiene,erratic,21.0,8.07,0,18.0
2023-11-27,SKU_10,higiene,erratic,60.0,8.09,0,22.2
2023-11-28,SKU_10,higiene,erratic,34.0,8.15,0,20.5
2023-11-29,SKU_10,higiene,erratic,71.0,7.62,0,17.9
2023-11-30,SKU_10,higiene,erratic,31.0,7.77,0,17.3
2023-12-01,SKU_10,higiene,erratic,15.0,8.11,0,19.4
2023-12-02,SKU_10,higiene,erratic,6.0,8.04,0,17.0
2023-12-03,SKU_10,higiene,erratic,77.0,8.2,0,18.2
2023-12-04,SKU_10,higiene,erratic,11.0,7.69,0,20.2
2023-12-05,SKU_10,higiene,erratic,52.0,7.9,0,22.0
2023-12-06,SKU_10,higiene,erratic,118.0,7.94,0,20.9
2023-12-07,SKU_10,higiene,erratic,55.0,6.83,1,15.2
2023-12-08,SKU_10,higiene,erratic,17.0,8.01,0,20.5
2023-12-09,SKU_10,higiene,erratic,0.0,8.09,0,20.1
2023-12-10,SKU_10,higiene,erratic,35.0,7.98,0,20.9
2023-12-11,SKU_10,higiene,erratic,80.0,8.27,0,23.3
2023-12-12,SKU_10,higiene,erratic,30.0,8.34,0,16.1
2023-12-13,SKU_10,higiene,erratic,64.0,7.78,0,19.1
2023-12-14,SKU_10,higiene,erratic,53.0,8.01,0,21.5
2023-12-15,SKU_10,higiene,erratic,41.0,8.16,0,17.3
2023-12-16,SKU_10,higiene,erratic,153.0,8.12,0,23.5
2023-12-17,SKU_10,higiene,erratic,82.0,7.92,0,21.3
2023-12-18,SKU_10,higiene,erratic,105.0,8.05,0,22.4
2023-12-19,SKU_10,higiene,erratic,43.0,7.68,0,19.6
2023-12-20,SKU_10,higiene,erratic,84.0,8.0,0,22.5
2023-12-21,SKU_10,higiene,erratic,57.0,7.71,0,23.1
2023-12-22,SKU_10,higiene,erratic,62.0,6.9,1,21.5
2023-12-23,SKU_10,higiene,erratic,71.0,7.78,0,21.6
2023-12-24,SKU_10,higiene,erratic,48.0,8.03,0,21.8
2023-12-25,SKU_10,higiene,erratic,52.0,8.06,0,19.6
2023-12-26,SKU_10,higiene,erratic,49.0,8.02,0,21.1
2023-12-27,SKU_10,higiene,erratic,48.0,7.87,0,21.2
2023-12-28,SKU_10,higiene,erratic,83.0,7.96,0,22.4
2023-12-29,SKU_10,higiene,erratic,32.0,8.24,0,23.7
2023-12-30,SKU_10,higiene,erratic,143.0,7.92,0,19.7
2023-12-31,SKU_10,higiene,erratic,625.0,8.0,0,21.6
2024-01-01,SKU_10,higiene,erratic,46.0,7.89,0,24.9
2024-01-02,SKU_10,higiene,erratic,93.0,8.2,0,20.6
2024-01-03,SKU_10,higiene,erratic,169.0,8.02,0,20.5
2024-01-04,SKU_10,higiene,erratic,60.0,7.85,0,22.7
2024-01-05,SKU_10,higiene,erratic,20.0,8.0,0,24.1
2024-01-06,SKU_10,higiene,erratic,177.0,7.95,0,22.5
2024-01-07,SKU_10,higiene,erratic,129.0,8.28,0,25.2
2024-01-08,SKU_10,higiene,erratic,96.0,7.99,0,24.4
2024-01-09,SKU_10,higiene,erratic,239.0,7.72,0,24.5
2024-01-10,SKU_10,higiene,erratic,139.0,8.1,0,24.0
2024-01-11,SKU_10,higiene,erratic,72.0,8.36,0,27.6
2024-01-12,SKU_10,higiene,erratic,20.0,8.24,0,22.7
2024-01-13,SKU_10,higiene,erratic,30.0,7.78,0,19.2
2024-01-14,SKU_10,higiene,erratic,289.0,6.75,1,26.5
2024-01-15,SKU_10,higiene,erratic,132.0,7.99,0,22.5
2024-01-16,SKU_10,higiene,erratic,66.0,8.0,0,23.7
2024-01-17,SKU_10,higiene,erratic,316.0,8.08,0,26.2
2024-01-18,SKU_10,higiene,erratic,68.0,7.93,0,20.5
2024-01-19,SKU_10,higiene,erratic,100.0,7.82,0,21.3
2024-01-20,SKU_10,higiene,erratic,54.0,8.19,0,20.7
2024-01-21,SKU_10,higiene,erratic,365.0,7.78,0,22.4
2024-01-22,SKU_10,higiene,erratic,142.0,7.84,0,25.0
2024-01-23,SKU_10,higiene,erratic,81.0,7.77,0,25.3
2024-01-24,SKU_10,higiene,erratic,68.0,8.12,0,24.9
2024-01-25,SKU_10,higiene,erratic,77.0,8.02,0,21.6
2024-01-26,SKU_10,higiene,erratic,26.0,8.18,0,19.9
2024-01-27,SKU_10,higiene,erratic,16.0,7.84,0,24.7
2024-01-28,SKU_10,higiene,erratic,101.0,7.75,0,23.8
2024-01-29,SKU_10,higiene,erratic,51.0,7.91,0,25.7
2024-01-30,SKU_10,higiene,erratic,51.0,7.96,0,26.3
2024-01-31,SKU_10,higiene,erratic,107.0,6.84,1,25.3
2024-02-01,SKU_10,higiene,erratic,120.0,6.46,1,26.6
2024-02-02,SKU_10,higiene,erratic,0.0,6.9,1,25.7
2024-02-03,SKU_10,higiene,erratic,190.0,7.82,0,26.4
2024-02-04,SKU_10,higiene,erratic,136.0,7.87,0,24.0
2024-02-05,SKU_10,higiene,erratic,631.0,7.03,1,25.2
2024-02-06,SKU_10,higiene,erratic,57.0,7.56,0,26.0
2024-02-07,SKU_10,higiene,erratic,151.0,8.06,0,27.4
2024-02-08,SKU_10,higiene,erratic,59.0,8.06,0,25.0
2024-02-09,SKU_10,higiene,erratic,31.0,7.84,0,27.0
2024-02-10,SKU_10,higiene,erratic,268.0,7.91,0,25.5
2024-02-11,SKU_10,higiene,erratic,44.0,8.24,0,25.9
2024-02-12,SKU_10,higiene,erratic,14.0,8.39,0,27.9
2024-02-13,SKU_10,higiene,erratic,46.0,8.21,0,22.3
2024-02-14,SKU_10,higiene,erratic,16.0,8.38,0,23.8
2024-02-15,SKU_10,higiene,erratic,38.0,7.86,0,23.5
2024-02-16,SKU_10,higiene,erratic,24.0,7.68,0,21.9
2024-02-17,SKU_10,higiene,erratic,50.0,7.99,0,25.3
2024-02-18,SKU_10,higiene,erratic,16.0,8.16,0,28.3
2024-02-19,SKU_10,higiene,erratic,216.0,7.63,0,26.3
2024-02-20,SKU_10,higiene,erratic,18.0,7.81,0,27.4
2024-02-21,SKU_10,higiene,erratic,75.0,7.84,0,29.2
2024-02-22,SKU_10,higiene,erratic,64.0,8.07,0,29.8
2024-02-23,SKU_10,higiene,erratic,95.0,8.05,0,27.1
2024-02-24,SKU_10,higiene,erratic,65.0,7.84,0,30.0
2024-02-25,SKU_10,higiene,erratic,217.0,8.04,0,27.6
2024-02-26,SKU_10,higiene,erratic,63.0,7.77,0,25.8
2024-02-27,SKU_10,higiene,erratic,58.0,7.91,0,26.4
2024-02-28,SKU_10,higiene,erratic,117.0,7.75,0,24.7
2024-02-29,SKU_10,higiene,erratic,192.0,7.97,0,26.0
2024-03-01,SKU_10,higiene,erratic,96.0,7.84,0,27.1
2024-03-02,SKU_10,higiene,erratic,65.0,8.14,0,29.5
2024-03-03,SKU_10,higiene,erratic,102.0,7.99,0,31.4
2024-03-04,SKU_10,higiene,erratic,82.0,7.95,0,25.3
2024-03-05,SKU_10,higiene,erratic,118.0,8.35,0,28.9
2024-03-06,SKU_10,higiene,erratic,434.0,8.08,0,26.1
2024-03-07,SKU_10,higiene,erratic,70.0,7.93,0,29.2
2024-03-08,SKU_10,higiene,erratic,38.0,7.88,0,28.1
2024-03-09,SKU_10,higiene,erratic,35.0,7.76,0,24.8
2024-03-10,SKU_10,higiene,erratic,117.0,7.99,0,30.3
2024-03-11,SKU_10,higiene,erratic,16.0,8.06,0,27.3
2024-03-12,SKU_10,higiene,erratic,77.0,7.62,0,27.5
2024-03-13,SKU_10,higiene,erratic,173.0,7.73,0,26.5
2024-03-14,SKU_10,higiene,erratic,56.0,7.9,0,27.4
2024-03-15,SKU_10,higiene,erratic,59.0,7.78,0,29.7
2024-03-16,SKU_10,higiene,erratic,275.0,8.01,0,28.5
2024-03-17,SKU_10,higiene,erratic,112.0,8.04,0,29.6
2024-03-18,SKU_10,higiene,erratic,14.0,7.98,0,29.7
2024-03-19,SKU_10,higiene,erratic,28.0,8.11,0,31.7
2024-03-20,SKU_10,higiene,erratic,102.0,6.68,1,28.4
2024-03-21,SKU_10,higiene,erratic,65.0,6.79,1,26.2
2024-03-22,SKU_10,higiene,erratic,55.0,7.8,0,31.3
2024-03-23,SKU_10,higiene,erratic,40.0,8.06,0,28.6
2024-03-24,SKU_10,higiene,erratic,220.0,8.02,0,31.5
2024-03-25,SKU_10,higiene,erratic,36.0,7.76,0,30.1
2024-03-26,SKU_10,higiene,erratic,73.0,7.97,0,29.1
2024-03-27,SKU_10,higiene,erratic,103.0,7.99,0,30.1
2024-03-28,SKU_10,higiene,erratic,114.0,8.06,0,33.4
2024-03-29,SKU_10,higiene,erratic,0.0,8.06,0,33.7
2024-03-30,SKU_10,higiene,erratic,7.0,7.86,0,29.7
2024-03-31,SKU_10,higiene,erratic,93.0,8.15,0,29.9
2024-04-01,SKU_10,higiene,erratic,77.0,8.1,0,31.8
2024-04-02,SKU_10,higiene,erratic,174.0,7.86,0,28.0
2024-04-03,SKU_10,higiene,erratic,155.0,7.77,0,30.4
2024-04-04,SKU_10,higiene,erratic,152.0,6.67,1,29.7
2024-04-05,SKU_10,higiene,erratic,96.0,6.51,1,30.4
2024-04-06,SKU_10,higiene,erratic,152.0,8.04,0,28.1
2024-04-07,SKU_10,higiene,erratic,219.0,8.24,0,26.6
2024-04-08,SKU_10,higiene,erratic,108.0,8.28,0,25.7
2024-04-09,SKU_10,higiene,erratic,486.0,7.78,0,27.6
2024-04-10,SKU_10,higiene,erratic,53.0,8.16,0,29.0
2024-04-11,SKU_10,higiene,erratic,34.0,8.02,0,29.3
2024-04-12,SKU_10,higiene,erratic,51.0,7.52,0,33.8
2024-04-13,SKU_10,higiene,erratic,38.0,7.93,0,32.2
2024-04-14,SKU_10,higiene,erratic,17.0,6.71,1,28.0
2024-04-15,SKU_10,higiene,erratic,51.0,8.24,0,30.7
2024-04-16,SKU_10,higiene,erratic,114.0,7.83,0,29.2
2024-04-17,SKU_10,higiene,erratic,83.0,8.11,0,29.4
2024-04-18,SKU_10,higiene,erratic,47.0,7.98,0,30.4
2024-04-19,SKU_10,higiene,erratic,53.0,7.71,0,31.2
2024-04-20,SKU_10,higiene,erratic,57.0,7.89,0,29.3
2024-04-21,SKU_10,higiene,erratic,154.0,8.31,0,32.1
2024-04-22,SKU_10,higiene,erratic,52.0,7.97,0,27.7
2024-04-23,SKU_10,higiene,erratic,175.0,8.18,0,30.0
2024-04-24,SKU_10,higiene,erratic,36.0,8.17,0,35.2
2024-04-25,SKU_10,higiene,erratic,58.0,7.91,0,30.4
2024-04-26,SKU_10,higiene,erratic,200.0,7.74,0,32.8
2024-04-27,SKU_10,higiene,erratic,22.0,7.77,0,30.2
2024-04-28,SKU_10,higiene,erratic,74.0,7.09,1,31.1
2024-04-29,SKU_10,higiene,erratic,32.0,8.03,0,29.8
2024-04-30,SKU_10,higiene,erratic,44.0,7.65,0,29.6
2024-05-01,SKU_10,higiene,erratic,96.0,8.17,0,28.4
2024-05-02,SKU_10,higiene,erratic,152.0,7.64,0,30.8
2024-05-03,SKU_10,higiene,erratic,50.0,7.83,0,28.2
2024-05-04,SKU_10,higiene,erratic,39.0,8.02,0,31.2
2024-05-05,SKU_10,higiene,erratic,32.0,8.5,0,32.0
2024-05-06,SKU_10,higiene,erratic,48.0,8.16,0,30.5
2024-05-07,SKU_10,higiene,erratic,25.0,7.9,0,29.2
2024-05-08,SKU_10,higiene,erratic,155.0,8.01,0,30.7
2024-05-09,SKU_10,higiene,erratic,163.0,8.18,0,29.1
2024-05-10,SKU_10,higiene,erratic,49.0,8.28,0,31.6
2024-05-11,SKU_10,higiene,erratic,72.0,7.95,0,26.0
2024-05-12,SKU_10,higiene,erratic,172.0,7.96,0,29.0
2024-05-13,SKU_10,higiene,erratic,92.0,7.83,0,25.6
2024-05-14,SKU_10,higiene,erratic,260.0,8.13,0,26.6
2024-05-15,SKU_10,higiene,erratic,54.0,7.01,1,32.2
2024-05-16,SKU_10,higiene,erratic,64.0,7.61,0,31.3
2024-05-17,SKU_10,higiene,erratic,34.0,7.92,0,28.0
2024-05-18,SKU_10,higiene,erratic,84.0,7.76,0,26.4
2024-05-19,SKU_10,higiene,erratic,27.0,8.03,0,23.4
2024-05-20,SKU_10,higiene,erratic,269.0,7.75,0,28.2
2024-05-21,SKU_10,higiene,erratic,132.0,7.74,0,34.1
2024-05-22,SKU_10,higiene,erratic,0.0,8.22,0,30.0
2024-05-23,SKU_10,higiene,erratic,81.0,7.97,0,28.0
2024-05-24,SKU_10,higiene,erratic,32.0,7.99,0,30.0
2024-05-25,SKU_10,higiene,erratic,84.0,8.09,0,25.9
2024-05-26,SKU_10,higiene,erratic,191.0,8.19,0,28.4
2024-05-27,SKU_10,higiene,erratic,47.0,7.92,0,29.1
2024-05-28,SKU_10,higiene,erratic,0.0,7.92,0,28.7
2024-05-29,SKU_10,higiene,erratic,19.0,7.92,0,30.4
2024-05-30,SKU_10,higiene,erratic,102.0,8.22,0,29.4
2024-05-31,SKU_10,higiene,erratic,169.0,7.99,0,30.0
2024-06-01,SKU_10,higiene,erratic,17.0,7.94,0,27.2
2024-06-02,SKU_10,higiene,erratic,66.0,8.08,0,30.3
2024-06-03,SKU_10,higiene,erratic,62.0,8.37,0,31.7
2024-06-04,SKU_10,higiene,erratic,384.0,8.01,0,26.4
2024-06-05,SKU_10,higiene,erratic,503.0,7.95,0,26.5
2024-06-06,SKU_10,higiene,erratic,115.0,8.39,0,30.9
2024-06-07,SKU_10,higiene,erratic,0.0,8.27,0,27.8
2024-06-08,SKU_10,higiene,erratic,0.0,8.24,0,30.9
2024-06-09,SKU_10,higiene,erratic,29.0,7.9,0,27.1
2024-06-10,SKU_10,higiene,erratic,143.0,7.88,0,30.8
2024-06-11,SKU_10,higiene,erratic,36.0,7.63,0,28.1
2024-06-12,SKU_10,higiene,erratic,71.0,8.19,0,28.3
2024-06-13,SKU_10,higiene,erratic,202.0,8.02,0,30.8
2024-06-14,SKU_10,higiene,erratic,51.0,7.64,0,26.9
2024-06-15,SKU_10,higiene,erratic,115.0,8.24,0,25.6
2024-06-16,SKU_10,higiene,erratic,228.0,7.93,0,26.5
2024-06-17,SKU_10,higiene,erratic,20.0,7.96,0,28.3
2024-06-18,SKU_10,higiene,erratic,14.0,7.7,0,24.1
2024-06-19,SKU_10,higiene,erratic,203.0,8.1,0,28.5
2024-06-20,SKU_10,higiene,erratic,209.0,8.1,0,26.0
2024-06-21,SKU_10,higiene,erratic,58.0,7.99,0,29.3
2024-06-22,SKU_10,higiene,erratic,64.0,7.92,0,22.1
2024-06-23,SKU_10,higiene,erratic,162.0,8.53,0,25.3
2024-06-24,SKU_10,higiene,erratic,159.0,7.76,0,23.4
2024-06-25,SKU_10,higiene,erratic,62.0,7.86,0,25.0
2024-06-26,SKU_10,higiene,erratic,169.0,8.14,0,27.0
2024-06-27,SKU_10,higiene,erratic,60.0,7.8,0,26.1
2024-06-28,SKU_10,higiene,erratic,56.0,7.78,0,25.9
2024-06-29,SKU_10,higiene,erratic,54.0,8.23,0,25.9
2024-06-30,SKU_10,higiene,erratic,39.0,8.12,0,26.6
2024-07-01,SKU_10,higiene,erratic,43.0,8.1,0,24.1
2024-07-02,SKU_10,higiene,erratic,676.0,6.84,1,27.4
2024-07-03,SKU_10,higiene,erratic,38.0,7.86,0,27.2
2024-07-04,SKU_10,higiene,erratic,104.0,7.95,0,26.6
2024-07-05,SKU_10,higiene,erratic,73.0,7.98,0,26.8
2024-07-06,SKU_10,higiene,erratic,44.0,8.17,0,26.2
2024-07-07,SKU_10,higiene,erratic,191.0,6.89,1,29.6
2024-07-08,SKU_10,higiene,erratic,145.0,6.61,1,25.2
2024-07-09,SKU_10,higiene,erratic,38.0,8.16,0,24.7
2024-07-10,SKU_10,higiene,erratic,117.0,7.66,0,23.7
2024-07-11,SKU_10,higiene,erratic,71.0,6.74,1,23.0
2024-07-12,SKU_10,higiene,erratic,181.0,7.77,0,22.5
2024-07-13,SKU_10,higiene,erratic,63.0,7.83,0,23.1
2024-07-14,SKU_10,higiene,erratic,43.0,8.39,0,24.6
2024-07-15,SKU_10,higiene,erratic,99.0,7.71,0,25.3
2024-07-16,SKU_10,higiene,erratic,52.0,6.64,1,24.7
2024-07-17,SKU_10,higiene,erratic,92.0,8.1,0,22.9
2024-07-18,SKU_10,higiene,erratic,63.0,7.91,0,26.2
2024-07-19,SKU_10,higiene,erratic,23.0,8.03,0,25.7
2024-07-20,SKU_10,higiene,erratic,22.0,8.29,0,23.8
2024-07-21,SKU_10,higiene,erratic,524.0,8.13,0,22.7
2024-07-22,SKU_10,higiene,erratic,0.0,7.91,0,25.0
2024-07-23,SKU_10,higiene,erratic,52.0,7.97,0,24.2
2024-07-24,SKU_10,higiene,erratic,45.0,8.11,0,20.8
2024-07-25,SKU_10,higiene,erratic,108.0,8.13,0,23.5
2024-07-26,SKU_10,higiene,erratic,26.0,8.0,0,24.1
2024-07-27,SKU_10,higiene,erratic,18.0,8.07,0,21.6
2024-07-28,SKU_10,higiene,erratic,0.0,8.07,0,23.7
2024-07-29,SKU_10,higiene,erratic,71.0,7.98,0,20.3
2024-07-30,SKU_10,higiene,erratic,52.0,7.88,0,25.8
2024-07-31,SKU_10,higiene,erratic,36.0,8.15,0,25.5
2024-08-01,SKU_10,higiene,erratic,53.0,8.06,0,22.4
2024-08-02,SKU_10,higiene,erratic,29.0,7.58,0,23.5
2024-08-03,SKU_10,higiene,erratic,26.0,7.83,0,17.9
2024-08-04,SKU_10,higiene,erratic,90.0,7.9,0,20.3
2024-08-05,SKU_10,higiene,erratic,430.0,7.96,0,21.9
2024-08-06,SKU_10,higiene,erratic,209.0,8.24,0,20.3
2024-08-07,SKU_10,higiene,erratic,0.0,8.64,0,23.7
2024-08-08,SKU_10,higiene,erratic,45.0,7.51,0,26.2
2024-08-09,SKU_10,higiene,erratic,162.0,8.06,0,19.8
2024-08-10,SKU_10,higiene,erratic,51.0,8.01,0,20.3
2024-08-11,SKU_10,higiene,erratic,157.0,7.96,0,22.4
2024-08-12,SKU_10,higiene,erratic,103.0,8.11,0,25.1
2024-08-13,SKU_10,higiene,erratic,54.0,8.03,0,19.3
2024-08-14,SKU_10,higiene,erratic,126.0,7.93,0,22.1
2024-08-15,SKU_10,higiene,erratic,104.0,8.01,0,25.2
2024-08-16,SKU_10,higiene,erratic,10.0,8.11,0,18.1
2024-08-17,SKU_10,higiene,erratic,38.0,8.09,0,18.8
2024-08-18,SKU_10,higiene,erratic,206.0,6.84,1,20.4
2024-08-19,SKU_10,higiene,erratic,88.0,7.88,0,20.1
2024-08-20,SKU_10,higiene,erratic,102.0,8.56,0,22.7
2024-08-21,SKU_10,higiene,erratic,38.0,8.07,0,21.5
2024-08-22,SKU_10,higiene,erratic,86.0,8.15,0,17.4
2024-08-23,SKU_10,higiene,erratic,38.0,7.9,0,21.8
2024-08-24,SKU_10,higiene,erratic,35.0,8.04,0,19.6
2024-08-25,SKU_10,higiene,erratic,40.0,8.04,0,23.2
2024-08-26,SKU_10,higiene,erratic,210.0,6.42,1,19.3
2024-08-27,SKU_10,higiene,erratic,92.0,7.86,0,19.2
2024-08-28,SKU_10,higiene,erratic,84.0,7.85,0,21.5
2024-08-29,SKU_10,higiene,erratic,358.0,7.88,0,21.8
2024-08-30,SKU_10,higiene,erratic,60.0,7.79,0,21.1
2024-08-31,SKU_10,higiene,erratic,107.0,8.01,0,16.8
2024-09-01,SKU_10,higiene,erratic,86.0,8.28,0,21.1
2024-09-02,SKU_10,higiene,erratic,0.0,8.03,0,17.9
2024-09-03,SKU_10,higiene,erratic,29.0,7.76,0,20.4
2024-09-04,SKU_10,higiene,erratic,83.0,7.79,0,17.0
2024-09-05,SKU_10,higiene,erratic,8.0,7.92,0,20.7
2024-09-06,SKU_10,higiene,erratic,50.0,7.72,0,18.1
2024-09-07,SKU_10,higiene,erratic,52.0,8.06,0,17.1
2024-09-08,SKU_10,higiene,erratic,58.0,8.27,0,21.0
2024-09-09,SKU_10,higiene,erratic,64.0,7.88,0,20.0
2024-09-10,SKU_10,higiene,erratic,25.0,8.02,0,18.2
2024-09-11,SKU_10,higiene,erratic,208.0,7.91,0,22.3
2024-09-12,SKU_10,higiene,erratic,52.0,7.87,0,18.4
2024-09-13,SKU_10,higiene,erratic,26.0,6.84,1,19.3
2024-09-14,SKU_10,higiene,erratic,62.0,7.87,0,19.7
2024-09-15,SKU_10,higiene,erratic,75.0,7.84,0,17.9
2024-09-16,SKU_10,higiene,erratic,51.0,7.68,0,20.0
2024-09-17,SKU_10,higiene,erratic,68.0,6.81,1,17.9
2024-09-18,SKU_10,higiene,erratic,68.0,8.21,0,18.1
2024-09-19,SKU_10,higiene,erratic,200.0,8.14,0,21.6
2024-09-20,SKU_10,higiene,erratic,59.0,8.3,0,16.7
2024-09-21,SKU_10,higiene,erratic,57.0,6.67,1,13.9
2024-09-22,SKU_10,higiene,erratic,0.0,8.17,0,21.9
2024-09-23,SKU_10,higiene,erratic,70.0,7.78,0,23.8
2024-09-24,SKU_10,higiene,erratic,94.0,8.14,0,17.8
2024-09-25,SKU_10,higiene,erratic,112.0,7.13,1,14.7
2024-09-26,SKU_10,higiene,erratic,109.0,8.1,0,17.9
2024-09-27,SKU_10,higiene,erratic,28.0,8.33,0,17.9
2024-09-28,SKU_10,higiene,erratic,16.0,7.88,0,18.1
2024-09-29,SKU_10,higiene,erratic,141.0,7.97,0,16.2
2024-09-30,SKU_10,higiene,erratic,228.0,7.82,0,19.5
2024-10-01,SKU_10,higiene,erratic,28.0,8.01,0,19.4
2024-10-02,SKU_10,higiene,erratic,79.0,8.05,0,15.3
2024-10-03,SKU_10,higiene,erratic,70.0,6.81,1,19.7
2024-10-04,SKU_10,higiene,erratic,82.0,7.91,0,22.4
2024-10-05,SKU_10,higiene,erratic,49.0,7.9,0,18.6
2024-10-06,SKU_10,higiene,erratic,984.0,8.07,0,17.5
2024-10-07,SKU_10,higiene,erratic,54.0,7.97,0,17.9
2024-10-08,SKU_10,higiene,erratic,234.0,7.77,0,19.4
2024-10-09,SKU_10,higiene,erratic,254.0,7.62,0,14.7
2024-10-10,SKU_10,higiene,erratic,105.0,7.88,0,18.4
2024-10-11,SKU_10,higiene,erratic,42.0,7.72,0,17.3
2024-10-12,SKU_10,higiene,erratic,44.0,7.83,0,21.8
2024-10-13,SKU_10,higiene,erratic,69.0,7.92,0,17.7
2024-10-14,SKU_10,higiene,erratic,170.0,7.97,0,21.4
2024-10-15,SKU_10,higiene,erratic,34.0,7.87,0,15.8
2024-10-16,SKU_10,higiene,erratic,60.0,8.44,0,19.2
2024-10-17,SKU_10,higiene,erratic,55.0,7.75,0,18.7
2024-10-18,SKU_10,higiene,erratic,10.0,8.24,0,16.3
2024-10-19,SKU_10,higiene,erratic,81.0,7.97,0,18.4
2024-10-20,SKU_10,higiene,erratic,162.0,7.87,0,20.4
2024-10-21,SKU_10,higiene,erratic,42.0,8.12,0,17.4
2024-10-22,SKU_10,higiene,erratic,158.0,7.91,0,14.6
2024-10-23,SKU_10,higiene,erratic,20.0,7.84,0,18.0
2024-10-24,SKU_10,higiene,erratic,71.0,8.36,0,16.2
2024-10-25,SKU_10,higiene,erratic,37.0,7.56,0,17.3
2024-10-26,SKU_10,higiene,erratic,44.0,7.95,0,17.9
2024-10-27,SKU_10,higiene,erratic,75.0,8.04,0,14.6
2024-10-28,SKU_10,higiene,erratic,66.0,8.28,0,14.8
2024-10-29,SKU_10,higiene,erratic,74.0,6.72,1,19.0
2024-10-30,SKU_10,higiene,erratic,64.0,8.53,0,17.0
2024-10-31,SKU_10,higiene,erratic,210.0,8.15,0,13.0
2024-11-01,SKU_10,higiene,erratic,26.0,7.53,0,19.7
2024-11-02,SKU_10,higiene,erratic,0.0,7.71,0,18.7
2024-11-03,SKU_10,higiene,erratic,62.0,6.85,1,16.7
2024-11-04,SKU_10,higiene,erratic,86.0,7.77,0,15.5
2024-11-05,SKU_10,higiene,erratic,112.0,8.11,0,19.9
2024-11-06,SKU_10,higiene,erratic,56.0,7.91,0,18.9
2024-11-07,SKU_10,higiene,erratic,216.0,7.76,0,23.0
2024-11-08,SKU_10,higiene,erratic,65.0,7.81,0,19.1
2024-11-09,SKU_10,higiene,erratic,36.0,8.17,0,19.1
2024-11-10,SKU_10,higiene,erratic,216.0,7.6,0,18.0
2024-11-11,SKU_10,higiene,erratic,32.0,8.21,0,20.0
2024-11-12,SKU_10,higiene,erratic,67.0,7.01,1,19.7
2024-11-13,SKU_10,higiene,erratic,113.0,7.93,0,21.0
2024-11-14,SKU_10,higiene,erratic,200.0,6.52,1,17.5
2024-11-15,SKU_10,higiene,erratic,56.0,8.11,0,17.7
2024-11-16,SKU_10,higiene,erratic,39.0,7.9,0,17.6
2024-11-17,SKU_10,higiene,erratic,60.0,7.7,0,20.2
2024-11-18,SKU_10,higiene,erratic,181.0,8.38,0,21.7
2024-11-19,SKU_10,higiene,erratic,89.0,7.82,0,17.8
2024-11-20,SKU_10,higiene,erratic,36.0,7.71,0,17.9
2024-11-21,SKU_10,higiene,erratic,35.0,8.06,0,19.5
2024-11-22,SKU_10,higiene,erratic,147.0,7.99,0,18.4
2024-11-23,SKU_10,higiene,erratic,25.0,8.3,0,20.9
2024-11-24,SKU_10,higiene,erratic,92.0,7.92,0,14.5
2024-11-25,SKU_10,higiene,erratic,220.0,7.93,0,17.4
2024-11-26,SKU_10,higiene,erratic,115.0,8.07,0,17.6
2024-11-27,SKU_10,higiene,erratic,0.0,8.04,0,14.6
2024-11-28,SKU_10,higiene,erratic,33.0,8.05,0,17.3
2024-11-29,SKU_10,higiene,erratic,199.0,8.05,0,17.5
2024-11-30,SKU_10,higiene,erratic,19.0,8.03,0,19.0
2024-12-01,SKU_10,higiene,erratic,49.0,7.92,0,21.7
2024-12-02,SKU_10,higiene,erratic,102.0,8.17,0,19.0
2024-12-03,SKU_10,higiene,erratic,64.0,7.93,0,17.5
2024-12-04,SKU_10,higiene,erratic,121.0,8.16,0,19.5
2024-12-05,SKU_10,higiene,erratic,24.0,8.28,0,21.8
2024-12-06,SKU_10,higiene,erratic,38.0,7.86,0,17.9
2024-12-07,SKU_10,higiene,erratic,78.0,8.48,0,18.1
2024-12-08,SKU_10,higiene,erratic,133.0,7.86,0,21.1
2024-12-09,SKU_10,higiene,erratic,49.0,7.86,0,19.6
2024-12-10,SKU_10,higiene,erratic,34.0,8.11,0,21.4
2024-12-11,SKU_10,higiene,erratic,92.0,8.09,0,20.2
2024-12-12,SKU_10,higiene,erratic,27.0,8.01,0,21.7
2024-12-13,SKU_10,higiene,erratic,129.0,8.16,0,18.3
2024-12-14,SKU_10,higiene,erratic,53.0,8.05,0,20.4
2024-12-15,SKU_10,higiene,erratic,45.0,8.41,0,20.1
2024-12-16,SKU_10,higiene,erratic,34.0,7.99,0,18.2
2024-12-17,SKU_10,higiene,erratic,48.0,7.83,0,17.6
2024-12-18,SKU_10,higiene,erratic,23.0,7.89,0,22.1
2024-12-19,SKU_10,higiene,erratic,118.0,8.09,0,20.2
2024-12-20,SKU_10,higiene,erratic,25.0,8.1,0,18.9
2024-12-21,SKU_10,higiene,erratic,65.0,8.04,0,20.8
2024-12-22,SKU_10,higiene,erratic,180.0,6.63,1,23.4
2024-12-23,SKU_10,higiene,erratic,175.0,8.22,0,16.7
2024-12-24,SKU_10,higiene,erratic,99.0,8.39,0,18.3
2024-12-25,SKU_10,higiene,erratic,200.0,8.01,0,19.6
2024-12-26,SKU_10,higiene,erratic,358.0,7.16,1,24.4
2024-12-27,SKU_10,higiene,erratic,59.0,8.17,0,22.2
2024-12-28,SKU_10,higiene,erratic,62.0,8.44,0,23.2
2024-12-29,SKU_10,higiene,erratic,52.0,8.09,0,19.5
2024-12-30,SKU_10,higiene,erratic,37.0,8.03,0,19.6
2023-01-01,SKU_11,pecas,intermittent,34.0,9.92,0,22.6
2023-01-02,SKU_11,pecas,intermittent,23.0,9.99,0,20.0
2023-01-03,SKU_11,pecas,intermittent,0.0,8.28,1,23.7
2023-01-04,SKU_11,pecas,intermittent,0.0,9.96,0,24.2
2023-01-05,SKU_11,pecas,intermittent,34.0,9.94,0,18.5
2023-01-06,SKU_11,pecas,intermittent,0.0,8.34,1,19.9
2023-01-07,SKU_11,pecas,intermittent,17.0,9.65,0,22.8
2023-01-08,SKU_11,pecas,intermittent,49.0,8.24,1,22.0
2023-01-09,SKU_11,pecas,intermittent,0.0,9.37,0,22.7
2023-01-10,SKU_11,pecas,intermittent,0.0,9.94,0,21.2
2023-01-11,SKU_11,pecas,intermittent,0.0,10.07,0,24.7
2023-01-12,SKU_11,pecas,intermittent,0.0,9.46,0,24.6
2023-01-13,SKU_11,pecas,intermittent,13.0,10.05,0,23.3
2023-01-14,SKU_11,pecas,intermittent,0.0,9.98,0,25.5
2023-01-15,SKU_11,pecas,intermittent,51.0,8.26,1,24.3
2023-01-16,SKU_11,pecas,intermittent,0.0,9.91,0,21.8
2023-01-17,SKU_11,pecas,intermittent,23.0,10.21,0,24.3
2023-01-18,SKU_11,pecas,intermittent,26.0,9.81,0,21.8
2023-01-19,SKU_11,pecas,intermittent,0.0,10.02,0,25.6
2023-01-20,SKU_11,pecas,intermittent,11.0,10.07,0,23.8
2023-01-21,SKU_11,pecas,intermittent,0.0,9.84,0,23.6
2023-01-22,SKU_11,pecas,intermittent,0.0,10.2,0,22.7
2023-01-23,SKU_11,pecas,intermittent,0.0,10.08,0,26.7
2023-01-24,SKU_11,pecas,intermittent,0.0,9.95,0,24.0
2023-01-25,SKU_11,pecas,intermittent,0.0,10.47,0,23.6
2023-01-26,SKU_11,pecas,intermittent,0.0,10.2,0,23.8
2023-01-27,SKU_11,pecas,intermittent,13.0,9.66,0,25.7
2023-01-28,SKU_11,pecas,intermittent,0.0,9.92,0,25.5
2023-01-29,SKU_11,pecas,intermittent,0.0,10.49,0,25.6
2023-01-30,SKU_11,pecas,intermittent,0.0,9.8,0,25.8
2023-01-31,SKU_11,pecas,intermittent,0.0,10.01,0,29.3
2023-02-01,SKU_11,pecas,intermittent,29.0,10.25,0,24.3
2023-02-02,SKU_11,pecas,intermittent,0.0,10.13,0,24.2
2023-02-03,SKU_11,pecas,intermittent,22.0,8.66,1,23.7
2023-02-04,SKU_11,pecas,intermittent,0.0,8.65,1,26.7
2023-02-05,SKU_11,pecas,intermittent,0.0,10.01,0,27.8
2023-02-06,SKU_11,pecas,intermittent,0.0,8.34,1,25.4
2023-02-07,SKU_11,pecas,intermittent,37.0,10.09,0,24.1
2023-02-08,SKU_11,pecas,intermittent,38.0,9.92,0,24.2
2023-02-09,SKU_11,pecas,intermittent,34.0,9.9,0,27.2
2023-02-10,SKU_11,pecas,intermittent,17.0,10.3,0,27.5
2023-02-11,SKU_11,pecas,intermittent,14.0,9.92,0,27.2
2023-02-12,SKU_11,pecas,intermittent,0.0,10.34,0,24.9
2023-02-13,SKU_11,pecas,intermittent,48.0,10.05,0,26.8
2023-02-14,SKU_11,pecas,intermittent,0.0,9.97,0,26.6
2023-02-15,SKU_11,pecas,intermittent,29.0,9.64,0,26.9
2023-02-16,SKU_11,pecas,intermittent,35.0,10.42,0,28.3
2023-02-17,SKU_11,pecas,intermittent,0.0,10.0,0,27.1
2023-02-18,SKU_11,pecas,intermittent,19.0,9.55,0,28.1
2023-02-19,SKU_11,pecas,intermittent,0.0,10.2,0,27.0
2023-02-20,SKU_11,pecas,intermittent,0.0,8.49,1,27.5
2023-02-21,SKU_11,pecas,intermittent,0.0,8.31,1,28.3
2023-02-22,SKU_11,pecas,intermittent,0.0,10.19,0,24.2
2023-02-23,SKU_11,pecas,intermittent,0.0,9.49,0,26.6
2023-02-24,SKU_11,pecas,intermittent,0.0,9.86,0,26.4
2023-02-25,SKU_11,pecas,intermittent,10.0,9.94,0,26.1
2023-02-26,SKU_11,pecas,intermittent,0.0,10.17,0,26.9
2023-02-27,SKU_11,pecas,intermittent,0.0,10.45,0,30.6
2023-02-28,SKU_11,pecas,intermittent,31.0,9.95,0,25.9
2023-03-01,SKU_11,pecas,intermittent,0.0,10.09,0,29.7
2023-03-02,SKU_11,pecas,intermittent,0.0,9.05,1,24.4
2023-03-03,SKU_11,pecas,intermittent,11.0,10.0,0,27.2
2023-03-04,SKU_11,pecas,intermittent,20.0,10.09,0,28.3
2023-03-05,SKU_11,pecas,intermittent,0.0,9.75,0,29.2
2023-03-06,SKU_11,pecas,intermittent,33.0,10.39,0,29.5
2023-03-07,SKU_11,pecas,intermittent,52.0,8.36,1,29.8
2023-03-08,SKU_11,pecas,intermittent,0.0,10.05,0,27.6
2023-03-09,SKU_11,pecas,intermittent,0.0,10.05,0,27.4
2023-03-10,SKU_11,pecas,intermittent,0.0,10.02,0,30.1
2023-03-11,SKU_11,pecas,intermittent,17.0,9.91,0,28.1
2023-03-12,SKU_11,pecas,intermittent,59.0,10.05,0,26.0
2023-03-13,SKU_11,pecas,intermittent,0.0,10.35,0,26.3
2023-03-14,SKU_11,pecas,intermittent,49.0,10.46,0,26.8
2023-03-15,SKU_11,pecas,intermittent,0.0,9.96,0,29.7
2023-03-16,SKU_11,pecas,intermittent,0.0,9.91,0,29.1
2023-03-17,SKU_11,pecas,intermittent,17.0,9.84,0,30.3
2023-03-18,SKU_11,pecas,intermittent,0.0,10.54,0,28.1
2023-03-19,SKU_11,pecas,intermittent,0.0,10.03,0,29.3
2023-03-20,SKU_11,pecas,intermittent,0.0,10.22,0,30.3
2023-03-21,SKU_11,pecas,intermittent,0.0,10.14,0,28.5
2023-03-22,SKU_11,pecas,intermittent,42.0,8.94,1,30.1
2023-03-23,SKU_11,pecas,intermittent,0.0,9.95,0,27.9
2023-03-24,SKU_11,pecas,intermittent,0.0,9.78,0,28.5
2023-03-25,SKU_11,pecas,intermittent,0.0,10.37,0,28.5
2023-03-26,SKU_11,pecas,intermittent,45.0,10.18,0,27.0
2023-03-27,SKU_11,pecas,intermittent,0.0,10.09,0,30.4
2023-03-28,SKU_11,pecas,intermittent,0.0,10.31,0,28.5
2023-03-29,SKU_11,pecas,intermittent,32.0,10.1,0,29.5
2023-03-30,SKU_11,pecas,intermittent,51.0,10.31,0,30.5
2023-03-31,SKU_11,pecas,intermittent,20.0,10.05,0,30.5
2023-04-01,SKU_11,pecas,intermittent,0.0,10.18,0,30.9
2023-04-02,SKU_11,pecas,intermittent,40.0,10.11,0,29.4
2023-04-03,SKU_11,pecas,intermittent,0.0,9.93,0,28.8
2023-04-04,SKU_11,pecas,intermittent,38.0,9.96,0,29.5
2023-04-05,SKU_11,pecas,intermittent,28.0,9.92,0,26.4
2023-04-06,SKU_11,pecas,intermittent,34.0,10.05,0,26.9
2023-04-07,SKU_11,pecas,intermittent,28.0,9.91,0,27.1
2023-04-08,SKU_11,pecas,intermittent,21.0,10.09,0,27.8
2023-04-09,SKU_11,pecas,intermittent,20.0,10.08,0,30.6
2023-04-10,SKU_11,pecas,intermittent,0.0,10.04,0,28.1
2023-04-11,SKU_11,pecas,intermittent,0.0,10.04,0,29.1
2023-04-12,SKU_11,pecas,intermittent,0.0,9.89,0,32.5
2023-04-13,SKU_11,pecas,intermittent,17.0,9.94,0,29.2
2023-04-14,SKU_11,pecas,intermittent,32.0,9.67,0,31.4
2023-04-15,SKU_11,pecas,intermittent,14.0,9.98,0,28.1
2023-04-16,SKU_11,pecas,intermittent,0.0,9.8,0,29.6
2023-04-17,SKU_11,pecas,intermittent,0.0,10.02,0,28.1
2023-04-18,SKU_11,pecas,intermittent,0.0,9.86,0,29.3
2023-04-19,SKU_11,pecas,intermittent,0.0,9.59,0,31.7
2023-04-20,SKU_11,pecas,intermittent,28.0,10.45,0,26.5
2023-04-21,SKU_11,pecas,intermittent,17.0,9.95,0,30.9
2023-04-22,SKU_11,pecas,intermittent,0.0,8.79,1,30.5
2023-04-23,SKU_11,pecas,intermittent,27.0,9.89,0,28.8
2023-04-24,SKU_11,pecas,intermittent,17.0,10.34,0,27.1
2023-04-25,SKU_11,pecas,intermittent,21.0,9.77,0,30.1
2023-04-26,SKU_11,pecas,intermittent,0.0,10.04,0,28.9
2023-04-27,SKU_11,pecas,intermittent,0.0,9.78,0,30.4
2023-04-28,SKU_11,pecas,intermittent,24.0,10.52,0,30.0
2023-04-29,SKU_11,pecas,intermittent,28.0,9.95,0,33.2
2023-04-30,SKU_11,pecas,intermittent,0.0,10.17,0,29.5
2023-05-01,SKU_11,pecas,intermittent,37.0,10.09,0,27.9
2023-05-02,SKU_11,pecas,intermittent,26.0,9.99,0,30.3
2023-05-03,SKU_11,pecas,intermittent,0.0,10.1,0,30.3
2023-05-04,SKU_11,pecas,intermittent,47.0,10.27,0,32.6
2023-05-05,SKU_11,pecas,intermittent,30.0,10.13,0,31.5
2023-05-06,SKU_11,pecas,intermittent,0.0,10.03,0,30.5
2023-05-07,SKU_11,pecas,intermittent,0.0,10.1,0,32.7
2023-05-08,SKU_11,pecas,intermittent,0.0,10.38,0,27.4
2023-05-09,SKU_11,pecas,intermittent,26.0,9.92,0,28.5
2023-05-10,SKU_11,pecas,intermittent,25.0,9.63,0,27.9
2023-05-11,SKU_11,pecas,intermittent,0.0,9.78,0,28.9
2023-05-12,SKU_11,pecas,intermittent,29.0,9.8,0,26.9
2023-05-13,SKU_11,pecas,intermittent,16.0,9.82,0,30.9
2023-05-14,SKU_11,pecas,intermittent,25.0,9.83,0,29.1
2023-05-15,SKU_11,pecas,intermittent,20.0,10.0,0,26.6
2023-05-16,SKU_11,pecas,intermittent,0.0,10.05,0,27.5
2023-05-17,SKU_11,pecas,intermittent,44.0,10.05,0,30.1
2023-05-18,SKU_11,pecas,intermittent,0.0,9.85,0,31.1
2023-05-19,SKU_11,pecas,intermittent,27.0,10.2,0,33.4
2023-05-20,SKU_11,pecas,intermittent,0.0,10.11,0,35.2
2023-05-21,SKU_11,pecas,intermittent,0.0,10.32,0,30.1
2023-05-22,SKU_11,pecas,intermittent,45.0,10.17,0,27.3
2023-05-23,SKU_11,pecas,intermittent,0.0,8.43,1,24.9
2023-05-24,SKU_11,pecas,intermittent,0.0,10.26,0,29.7
2023-05-25,SKU_11,pecas,intermittent,50.0,10.05,0,27.4
2023-05-26,SKU_11,pecas,intermittent,0.0,10.16,0,28.2
2023-05-27,SKU_11,pecas,intermittent,0.0,10.14,0,27.7
2023-05-28,SKU_11,pecas,intermittent,0.0,9.98,0,28.6
2023-05-29,SKU_11,pecas,intermittent,31.0,10.02,0,31.0
2023-05-30,SKU_11,pecas,intermittent,42.0,9.97,0,29.1
2023-05-31,SKU_11,pecas,intermittent,47.0,9.83,0,28.4
2023-06-01,SKU_11,pecas,intermittent,35.0,9.57,0,26.6
2023-06-02,SKU_11,pecas,intermittent,27.0,9.86,0,25.2
2023-06-03,SKU_11,pecas,intermittent,0.0,10.04,0,27.5
2023-06-04,SKU_11,pecas,intermittent,29.0,10.22,0,28.3
2023-06-05,SKU_11,pecas,intermittent,61.0,10.16,0,31.9
2023-06-06,SKU_11,pecas,intermittent,77.0,8.44,1,28.6
2023-06-07,SKU_11,pecas,intermittent,20.0,9.86,0,30.2
2023-06-08,SKU_11,pecas,intermittent,0.0,9.96,0,27.2
2023-06-09,SKU_11,pecas,intermittent,0.0,9.8,0,25.7
2023-06-10,SKU_11,pecas,intermittent,20.0,9.58,0,26.1
2023-06-11,SKU_11,pecas,intermittent,43.0,9.69,0,26.5
2023-06-12,SKU_11,pecas,intermittent,51.0,10.27,0,32.1
2023-06-13,SKU_11,pecas,intermittent,0.0,10.37,0,26.1
2023-06-14,SKU_11,pecas,intermittent,41.0,10.15,0,29.4
2023-06-15,SKU_11,pecas,intermittent,35.0,9.99,0,25.8
2023-06-16,SKU_11,pecas,intermittent,17.0,9.72,0,29.4
2023-06-17,SKU_11,pecas,intermittent,10.0,9.97,0,28.2
2023-06-18,SKU_11,pecas,intermittent,39.0,10.12,0,27.0
2023-06-19,SKU_11,pecas,intermittent,0.0,10.17,0,27.2
2023-06-20,SKU_11,pecas,intermittent,33.0,10.14,0,25.9
2023-06-21,SKU_11,pecas,intermittent,22.0,10.24,0,28.0
2023-06-22,SKU_11,pecas,intermittent,51.0,10.39,0,26.1
2023-06-23,SKU_11,pecas,intermittent,18.0,9.92,0,24.5
2023-06-24,SKU_11,pecas,intermittent,0.0,10.56,0,24.3
2023-06-25,SKU_11,pecas,intermittent,0.0,9.6,0,27.1
2023-06-26,SKU_11,pecas,intermittent,0.0,9.84,0,29.8
2023-06-27,SKU_11,pecas,intermittent,0.0,10.04,0,26.9
2023-06-28,SKU_11,pecas,intermittent,0.0,10.11,0,26.2
2023-06-29,SKU_11,pecas,intermittent,0.0,9.96,0,26.9
2023-06-30,SKU_11,pecas,intermittent,0.0,9.9,0,28.9
2023-07-01,SKU_11,pecas,intermittent,0.0,10.44,0,26.6
2023-07-02,SKU_11,pecas,intermittent,0.0,9.89,0,25.3
2023-07-03,SKU_11,pecas,intermittent,0.0,9.8,0,28.2
2023-07-04,SKU_11,pecas,intermittent,36.0,10.34,0,26.7
2023-07-05,SKU_11,pecas,intermittent,0.0,10.17,0,28.9
2023-07-06,SKU_11,pecas,intermittent,22.0,10.22,0,26.0
2023-07-07,SKU_11,pecas,intermittent,0.0,10.04,0,23.1
2023-07-08,SKU_11,pecas,intermittent,0.0,9.72,0,22.7
2023-07-09,SKU_11,pecas,intermittent,0.0,10.02,0,28.7
2023-07-10,SKU_11,pecas,intermittent,0.0,9.7,0,28.7
2023-07-11,SKU_11,pecas,intermittent,0.0,10.05,0,24.8
2023-07-12,SKU_11,pecas,intermittent,0.0,10.13,0,24.3
2023-07-13,SKU_11,pecas,intermittent,22.0,10.22,0,27.9
2023-07-14,SKU_11,pecas,intermittent,16.0,9.98,0,22.7
2023-07-15,SKU_11,pecas,intermittent,16.0,10.15,0,23.0
2023-07-16,SKU_11,pecas,intermittent,38.0,9.82,0,26.0
2023-07-17,SKU_11,pecas,intermittent,24.0,10.19,0,23.8
2023-07-18,SKU_11,pecas,intermittent,0.0,10.13,0,24.5
2023-07-19,SKU_11,pecas,intermittent,0.0,9.84,0,24.0
2023-07-20,SKU_11,pecas,intermittent,43.0,10.11,0,24.9
2023-07-21,SKU_11,pecas,intermittent,0.0,10.22,0,27.0
2023-07-22,SKU_11,pecas,intermittent,25.0,10.02,0,24.2
2023-07-23,SKU_11,pecas,intermittent,0.0,9.84,0,25.2
2023-07-24,SKU_11,pecas,intermittent,0.0,10.04,0,19.7
2023-07-25,SKU_11,pecas,intermittent,0.0,10.11,0,23.6
2023-07-26,SKU_11,pecas,intermittent,26.0,9.83,0,22.0
2023-07-27,SKU_11,pecas,intermittent,32.0,9.8,0,21.1
2023-07-28,SKU_11,pecas,intermittent,16.0,10.1,0,21.7
2023-07-29,SKU_11,pecas,intermittent,0.0,10.16,0,22.7
2023-07-30,SKU_11,pecas,intermittent,0.0,10.43,0,25.1
2023-07-31,SKU_11,pecas,intermittent,0.0,8.63,1,20.5
2023-08-01,SKU_11,pecas,intermittent,0.0,9.76,0,23.1
2023-08-02,SKU_11,pecas,intermittent,18.0,10.41,0,22.0
2023-08-03,SKU_11,pecas,intermittent,0.0,10.21,0,22.2
2023-08-04,SKU_11,pecas,intermittent,0.0,9.6,0,24.7
2023-08-05,SKU_11,pecas,intermittent,13.0,9.79,0,23.7
2023-08-06,SKU_11,pecas,intermittent,0.0,9.9,0,25.2
2023-08-07,SKU_11,pecas,intermittent,23.0,10.17,0,22.1
2023-08-08,SKU_11,pecas,intermittent,24.0,9.52,0,20.9
2023-08-09,SKU_11,pecas,intermittent,44.0,9.98,0,21.8
2023-08-10,SKU_11,pecas,intermittent,0.0,10.16,0,22.6
2023-08-11,SKU_11,pecas,intermittent,0.0,9.43,0,22.4
2023-08-12,SKU_11,pecas,intermittent,18.0,10.15,0,19.8
2023-08-13,SKU_11,pecas,intermittent,0.0,10.17,0,22.0
2023-08-14,SKU_11,pecas,intermittent,0.0,9.83,0,22.2
2023-08-15,SKU_11,pecas,intermittent,0.0,9.77,0,26.7
2023-08-16,SKU_11,pecas,intermittent,0.0,8.33,1,25.3
2023-08-17,SKU_11,pecas,intermittent,0.0,9.47,0,19.7
2023-08-18,SKU_11,pecas,intermittent,16.0,9.93,0,20.8
2023-08-19,SKU_11,pecas,intermittent,0.0,10.04,0,18.3
2023-08-20,SKU_11,pecas,intermittent,18.0,9.76,0,20.0
2023-08-21,SKU_11,pecas,intermittent,25.0,10.19,0,21.7
2023-08-22,SKU_11,pecas,intermittent,22.0,10.02,0,23.4
2023-08-23,SKU_11,pecas,intermittent,0.0,10.05,0,19.4
2023-08-24,SKU_11,pecas,intermittent,0.0,9.92,0,19.5
2023-08-25,SKU_11,pecas,intermittent,16.0,10.15,0,16.4
2023-08-26,SKU_11,pecas,intermittent,0.0,8.76,1,20.3
2023-08-27,SKU_11,pecas,intermittent,15.0,9.92,0,18.4
2023-08-28,SKU_11,pecas,intermittent,0.0,10.15,0,19.4
2023-08-29,SKU_11,pecas,intermittent,33.0,8.65,1,18.6
2023-08-30,SKU_11,pecas,intermittent,0.0,10.08,0,20.1
2023-08-31,SKU_11,pecas,intermittent,0.0,10.34,0,16.7
2023-09-01,SKU_11,pecas,intermittent,16.0,9.85,0,17.2
2023-09-02,SKU_11,pecas,intermittent,0.0,9.92,0,24.3
2023-09-03,SKU_11,pecas,intermittent,0.0,9.84,0,17.4
2023-09-04,SKU_11,pecas,intermittent,0.0,10.15,0,17.7
2023-09-05,SKU_11,pecas,intermittent,0.0,9.95,0,23.5
2023-09-06,SKU_11,pecas,intermittent,0.0,9.86,0,25.6
2023-09-07,SKU_11,pecas,intermittent,24.0,10.33,0,17.4
2023-09-08,SKU_11,pecas,intermittent,20.0,10.36,0,18.9
2023-09-09,SKU_11,pecas,intermittent,0.0,9.93,0,20.2
2023-09-10,SKU_11,pecas,intermittent,0.0,9.73,0,22.9
2023-09-11,SKU_11,pecas,intermittent,0.0,10.37,0,17.4
2023-09-12,SKU_11,pecas,intermittent,0.0,10.09,0,18.9
2023-09-13,SKU_11,pecas,intermittent,0.0,10.08,0,20.8
2023-09-14,SKU_11,pecas,intermittent,29.0,10.02,0,20.1
2023-09-15,SKU_11,pecas,intermittent,8.0,9.84,0,18.4
2023-09-16,SKU_11,pecas,intermittent,26.0,8.42,1,18.8
2023-09-17,SKU_11,pecas,intermittent,22.0,10.14,0,16.3
2023-09-18,SKU_11,pecas,intermittent,0.0,9.91,0,18.5
2023-09-19,SKU_11,pecas,intermittent,0.0,10.09,0,18.4
2023-09-20,SKU_11,pecas,intermittent,19.0,10.0,0,19.3
2023-09-21,SKU_11,pecas,intermittent,0.0,9.79,0,17.7
2023-09-22,SKU_11,pecas,intermittent,13.0,10.32,0,19.7
2023-09-23,SKU_11,pecas,intermittent,0.0,10.12,0,20.7
2023-09-24,SKU_11,pecas,intermittent,0.0,10.07,0,19.0
2023-09-25,SKU_11,pecas,intermittent,18.0,10.11,0,19.3
2023-09-26,SKU_11,pecas,intermittent,0.0,9.64,0,18.7
2023-09-27,SKU_11,pecas,intermittent,34.0,9.9,0,18.5
2023-09-28,SKU_11,pecas,intermittent,29.0,9.69,0,17.1
2023-09-29,SKU_11,pecas,intermittent,0.0,10.02,0,19.1
2023-09-30,SKU_11,pecas,intermittent,0.0,10.07,0,18.2
2023-10-01,SKU_11,pecas,intermittent,0.0,10.03,0,22.6
2023-10-02,SKU_11,pecas,intermittent,0.0,10.24,0,21.5
2023-10-03,SKU_11,pecas,intermittent,0.0,9.7,0,19.1
2023-10-04,SKU_11,pecas,intermittent,0.0,9.84,0,16.8
2023-10-05,SKU_11,pecas,intermittent,30.0,10.08,0,16.0
2023-10-06,SKU_11,pecas,intermittent,21.0,10.05,0,20.6
2023-10-07,SKU_11,pecas,intermittent,0.0,9.74,0,18.7
2023-10-08,SKU_11,pecas,intermittent,0.0,10.24,0,19.1
2023-10-09,SKU_11,pecas,intermittent,16.0,10.31,0,14.7
2023-10-10,SKU_11,pecas,intermittent,30.0,10.09,0,20.0
2023-10-11,SKU_11,pecas,intermittent,26.0,9.7,0,19.0
2023-10-12,SKU_11,pecas,intermittent,32.0,8.53,1,15.9
2023-10-13,SKU_11,pecas,intermittent,0.0,10.07,0,17.1
2023-10-14,SKU_11,pecas,intermittent,0.0,9.95,0,18.6
2023-10-15,SKU_11,pecas,intermittent,0.0,10.27,0,18.1
2023-10-16,SKU_11,pecas,intermittent,0.0,9.98,0,17.4
2023-10-17,SKU_11,pecas,intermittent,0.0,10.42,0,17.8
2023-10-18,SKU_11,pecas,intermittent,21.0,10.16,0,17.5
2023-10-19,SKU_11,pecas,intermittent,0.0,10.06,0,18.3
2023-10-20,SKU_11,pecas,intermittent,0.0,10.18,0,20.9
2023-10-21,SKU_11,pecas,intermittent,0.0,10.31,0,12.9
2023-10-22,SKU_11,pecas,intermittent,0.0,10.18,0,17.5
2023-10-23,SKU_11,pecas,intermittent,0.0,9.98,0,18.4
2023-10-24,SKU_11,pecas,intermittent,15.0,9.87,0,18.6
2023-10-25,SKU_11,pecas,intermittent,28.0,9.78,0,17.3
2023-10-26,SKU_11,pecas,intermittent,21.0,9.51,0,14.5
2023-10-27,SKU_11,pecas,intermittent,15.0,10.03,0,18.7
2023-10-28,SKU_11,pecas,intermittent,0.0,9.92,0,21.5
2023-10-29,SKU_11,pecas,intermittent,26.0,9.93,0,15.0
2023-10-30,SKU_11,pecas,intermittent,40.0,10.21,0,19.8
2023-10-31,SKU_11,pecas,intermittent,0.0,9.98,0,17.4
2023-11-01,SKU_11,pecas,intermittent,0.0,10.38,0,18.0
2023-11-02,SKU_11,pecas,intermittent,0.0,9.89,0,16.0
2023-11-03,SKU_11,pecas,intermittent,16.0,9.81,0,17.5
2023-11-04,SKU_11,pecas,intermittent,12.0,9.75,0,20.8
2023-11-05,SKU_11,pecas,intermittent,0.0,8.64,1,19.3
2023-11-06,SKU_11,pecas,intermittent,0.0,10.23,0,21.7
2023-11-07,SKU_11,pecas,intermittent,18.0,9.88,0,20.6
2023-11-08,SKU_11,pecas,intermittent,0.0,9.79,0,19.1
2023-11-09,SKU_11,pecas,intermittent,0.0,10.31,0,21.8
2023-11-10,SKU_11,pecas,intermittent,0.0,9.71,0,19.2
2023-11-11,SKU_11,pecas,intermittent,11.0,10.2,0,20.0
2023-11-12,SKU_11,pecas,intermittent,0.0,9.89,0,17.8
2023-11-13,SKU_11,pecas,intermittent,0.0,10.08,0,18.6
2023-11-14,SKU_11,pecas,intermittent,41.0,10.22,0,17.1
2023-11-15,SKU_11,pecas,intermittent,46.0,10.1,0,20.5
2023-11-16,SKU_11,pecas,intermittent,27.0,9.94,0,16.2
2023-11-17,SKU_11,pecas,intermittent,14.0,10.28,0,20.2
2023-11-18,SKU_11,pecas,intermittent,18.0,10.06,0,18.3
2023-11-19,SKU_11,pecas,intermittent,25.0,10.74,0,21.0
2023-11-20,SKU_11,pecas,intermittent,0.0,9.66,0,20.2
2023-11-21,SKU_11,pecas,intermittent,0.0,9.66,0,22.4
2023-11-22,SKU_11,pecas,intermittent,0.0,10.2,0,20.3
2023-11-23,SKU_11,pecas,intermittent,0.0,9.99,0,15.8
2023-11-24,SKU_11,pecas,intermittent,14.0,10.16,0,18.8
2023-11-25,SKU_11,pecas,intermittent,15.0,9.78,0,16.7
2023-11-26,SKU_11,pecas,intermittent,0.0,10.01,0,18.0
2023-11-27,SKU_11,pecas,intermittent,0.0,10.09,0,22.2
2023-11-28,SKU_11,pecas,intermittent,41.0,9.89,0,20.5
2023-11-29,SKU_11,pecas,intermittent,0.0,10.05,0,17.9
2023-11-30,SKU_11,pecas,intermittent,0.0,9.73,0,17.3
2023-12-01,SKU_11,pecas,intermittent,0.0,10.08,0,19.4
2023-12-02,SKU_11,pecas,intermittent,0.0,10.29,0,17.0
2023-12-03,SKU_11,pecas,intermittent,24.0,9.75,0,18.2
2023-12-04,SKU_11,pecas,intermittent,0.0,9.74,0,20.2
2023-12-05,SKU_11,pecas,intermittent,0.0,10.24,0,22.0
2023-12-06,SKU_11,pecas,intermittent,0.0,9.74,0,20.9
2023-12-07,SKU_11,pecas,intermittent,0.0,8.67,1,15.2
2023-12-08,SKU_11,pecas,intermittent,0.0,10.01,0,20.5
2023-12-09,SKU_11,pecas,intermittent,0.0,9.92,0,20.1
2023-12-10,SKU_11,pecas,intermittent,31.0,10.29,0,20.9
2023-12-11,SKU_11,pecas,intermittent,0.0,10.19,0,23.3
2023-12-12,SKU_11,pecas,intermittent,0.0,10.06,0,16.1
2023-12-13,SKU_11,pecas,intermittent,0.0,9.57,0,19.1
2023-12-14,SKU_11,pecas,intermittent,0.0,10.14,0,21.5
2023-12-15,SKU_11,pecas,intermittent,0.0,9.79,0,17.3
2023-12-16,SKU_11,pecas,intermittent,0.0,9.96,0,23.5
2023-12-17,SKU_11,pecas,intermittent,0.0,10.0,0,21.3
2023-12-18,SKU_11,pecas,intermittent,26.0,10.38,0,22.4
2023-12-19,SKU_11,pecas,intermittent,0.0,9.95,0,19.6
2023-12-20,SKU_11,pecas,intermittent,27.0,9.72,0,22.5
2023-12-21,SKU_11,pecas,intermittent,30.0,10.29,0,23.1
2023-12-22,SKU_11,pecas,intermittent,0.0,8.65,1,21.5
2023-12-23,SKU_11,pecas,intermittent,0.0,10.15,0,21.6
2023-12-24,SKU_11,pecas,intermittent,34.0,10.3,0,21.8
2023-12-25,SKU_11,pecas,intermittent,19.0,10.34,0,19.6
2023-12-26,SKU_11,pecas,intermittent,0.0,9.82,0,21.1
2023-12-27,SKU_11,pecas,intermittent,0.0,9.72,0,21.2
2023-12-28,SKU_11,pecas,intermittent,27.0,10.17,0,22.4
2023-12-29,SKU_11,pecas,intermittent,33.0,9.95,0,23.7
2023-12-30,SKU_11,pecas,intermittent,0.0,9.97,0,19.7
2023-12-31,SKU_11,pecas,intermittent,0.0,9.78,0,21.6
2024-01-01,SKU_11,pecas,intermittent,29.0,10.12,0,24.9
2024-01-02,SKU_11,pecas,intermittent,0.0,10.08,0,20.6
2024-01-03,SKU_11,pecas,intermittent,0.0,9.97,0,20.5
2024-01-04,SKU_11,pecas,intermittent,40.0,9.72,0,22.7
2024-01-05,SKU_11,pecas,intermittent,0.0,10.24,0,24.1
2024-01-06,SKU_11,pecas,intermittent,27.0,10.05,0,22.5
2024-01-07,SKU_11,pecas,intermittent,25.0,10.22,0,25.2
2024-01-08,SKU_11,pecas,intermittent,45.0,9.58,0,24.4
2024-01-09,SKU_11,pecas,intermittent,25.0,10.01,0,24.5
2024-01-10,SKU_11,pecas,intermittent,0.0,9.86,0,24.0
2024-01-11,SKU_11,pecas,intermittent,0.0,10.01,0,27.6
2024-01-12,SKU_11,pecas,intermittent,0.0,10.19,0,22.7
2024-01-13,SKU_11,pecas,intermittent,0.0,10.07,0,19.2
2024-01-14,SKU_11,pecas,intermittent,30.0,8.5,1,26.5
2024-01-15,SKU_11,pecas,intermittent,0.0,10.0,0,22.5
2024-01-16,SKU_11,pecas,intermittent,0.0,9.69,0,23.7
2024-01-17,SKU_11,pecas,intermittent,23.0,9.82,0,26.2
2024-01-18,SKU_11,pecas,intermittent,0.0,10.22,0,20.5
2024-01-19,SKU_11,pecas,intermittent,0.0,9.9,0,21.3
2024-01-20,SKU_11,pecas,intermittent,0.0,10.23,0,20.7
2024-01-21,SKU_11,pecas,intermittent,23.0,10.17,0,22.4
2024-01-22,SKU_11,pecas,intermittent,24.0,10.18,0,25.0
2024-01-23,SKU_11,pecas,intermittent,0.0,10.07,0,25.3
2024-01-24,SKU_11,pecas,intermittent,0.0,9.91,0,24.9
2024-01-25,SKU_11,pecas,intermittent,0.0,9.97,0,21.6
2024-01-26,SKU_11,pecas,intermittent,0.0,10.13,0,19.9
2024-01-27,SKU_11,pecas,intermittent,21.0,9.57,0,24.7
2024-01-28,SKU_11,pecas,intermittent,0.0,10.25,0,23.8
2024-01-29,SKU_11,pecas,intermittent,0.0,9.9,0,25.7
2024-01-30,SKU_11,pecas,intermittent,0.0,9.98,0,26.3
2024-01-31,SKU_11,pecas,intermittent,49.0,8.48,1,25.3
2024-02-01,SKU_11,pecas,intermittent,46.0,8.49,1,26.6
2024-02-02,SKU_11,pecas,intermittent,30.0,8.24,1,25.7
2024-02-03,SKU_11,pecas,intermittent,16.0,10.03,0,26.4
2024-02-04,SKU_11,pecas,intermittent,40.0,10.12,0,24.0
2024-02-05,SKU_11,pecas,intermittent,33.0,8.09,1,25.2
2024-02-06,SKU_11,pecas,intermittent,0.0,9.74,0,26.0
2024-02-07,SKU_11,pecas,intermittent,0.0,10.18,0,27.4
2024-02-08,SKU_11,pecas,intermittent,24.0,10.14,0,25.0
2024-02-09,SKU_11,pecas,intermittent,27.0,10.06,0,27.0
2024-02-10,SKU_11,pecas,intermittent,0.0,9.86,0,25.5
2024-02-11,SKU_11,pecas,intermittent,0.0,10.14,0,25.9
2024-02-12,SKU_11,pecas,intermittent,0.0,9.76,0,27.9
2024-02-13,SKU_11,pecas,intermittent,0.0,9.97,0,22.3
2024-02-14,SKU_11,pecas,intermittent,42.0,9.74,0,23.8
2024-02-15,SKU_11,pecas,intermittent,0.0,9.97,0,23.5
2024-02-16,SKU_11,pecas,intermittent,0.0,9.79,0,21.9
2024-02-17,SKU_11,pecas,intermittent,0.0,10.15,0,25.3
2024-02-18,SKU_11,pecas,intermittent,0.0,10.09,0,28.3
2024-02-19,SKU_11,pecas,intermittent,0.0,9.89,0,26.3
2024-02-20,SKU_11,pecas,intermittent,43.0,10.22,0,27.4
2024-02-21,SKU_11,pecas,intermittent,52.0,9.81,0,29.2
2024-02-22,SKU_11,pecas,intermittent,25.0,9.99,0,29.8
2024-02-23,SKU_11,pecas,intermittent,0.0,9.88,0,27.1
2024-02-24,SKU_11,pecas,intermittent,0.0,10.15,0,30.0
2024-02-25,SKU_11,pecas,intermittent,39.0,10.13,0,27.6
2024-02-26,SKU_11,pecas,intermittent,0.0,10.26,0,25.8
2024-02-27,SKU_11,pecas,intermittent,0.0,10.02,0,26.4
2024-02-28,SKU_11,pecas,intermittent,35.0,9.41,0,24.7
2024-02-29,SKU_11,pecas,intermittent,0.0,9.91,0,26.0
2024-03-01,SKU_11,pecas,intermittent,23.0,10.31,0,27.1
2024-03-02,SKU_11,pecas,intermittent,0.0,9.94,0,29.5
2024-03-03,SKU_11,pecas,intermittent,0.0,9.62,0,31.4
2024-03-04,SKU_11,pecas,intermittent,56.0,10.09,0,25.3
2024-03-05,SKU_11,pecas,intermittent,0.0,10.1,0,28.9
2024-03-06,SKU_11,pecas,intermittent,0.0,9.85,0,26.1
2024-03-07,SKU_11,pecas,intermittent,25.0,9.95,0,29.2
2024-03-08,SKU_11,pecas,intermittent,34.0,9.83,0,28.1
2024-03-09,SKU_11,pecas,intermittent,0.0,10.1,0,24.8
2024-03-10,SKU_11,pecas,intermittent,0.0,10.01,0,30.3
2024-03-11,SKU_11,pecas,intermittent,0.0,9.77,0,27.3
2024-03-12,SKU_11,pecas,intermittent,45.0,10.0,0,27.5
2024-03-13,SKU_11,pecas,intermittent,0.0,9.85,0,26.5
2024-03-14,SKU_11,pecas,intermittent,0.0,10.29,0,27.4
2024-03-15,SKU_11,pecas,intermittent,21.0,10.18,0,29.7
2024-03-16,SKU_11,pecas,intermittent,15.0,9.98,0,28.5
2024-03-17,SKU_11,pecas,intermittent,34.0,10.02,0,29.6
2024-03-18,SKU_11,pecas,intermittent,0.0,10.2,0,29.7
2024-03-19,SKU_11,pecas,intermittent,49.0,9.97,0,31.7
2024-03-20,SKU_11,pecas,intermittent,0.0,8.65,1,28.4
2024-03-21,SKU_11,pecas,intermittent,23.0,8.8,1,26.2
2024-03-22,SKU_11,pecas,intermittent,0.0,9.9,0,31.3
2024-03-23,SKU_11,pecas,intermittent,22.0,10.33,0,28.6
2024-03-24,SKU_11,pecas,intermittent,0.0,10.27,0,31.5
2024-03-25,SKU_11,pecas,intermittent,0.0,10.05,0,30.1
2024-03-26,SKU_11,pecas,intermittent,0.0,9.91,0,29.1
2024-03-27,SKU_11,pecas,intermittent,0.0,10.05,0,30.1
2024-03-28,SKU_11,pecas,intermittent,36.0,9.95,0,33.4
2024-03-29,SKU_11,pecas,intermittent,20.0,9.84,0,33.7
2024-03-30,SKU_11,pecas,intermittent,17.0,10.11,0,29.7
2024-03-31,SKU_11,pecas,intermittent,0.0,9.8,0,29.9
2024-04-01,SKU_11,pecas,intermittent,0.0,9.93,0,31.8
2024-04-02,SKU_11,pecas,intermittent,18.0,9.93,0,28.0
2024-04-03,SKU_11,pecas,intermittent,0.0,9.73,0,30.4
2024-04-04,SKU_11,pecas,intermittent,41.0,8.63,1,29.7
2024-04-05,SKU_11,pecas,intermittent,0.0,8.45,1,30.4
2024-04-06,SKU_11,pecas,intermittent,17.0,10.26,0,28.1
2024-04-07,SKU_11,pecas,intermittent,0.0,9.95,0,26.6
2024-04-08,SKU_11,pecas,intermittent,0.0,9.92,0,25.7
2024-04-09,SKU_11,pecas,intermittent,0.0,9.82,0,27.6
2024-04-10,SKU_11,pecas,intermittent,0.0,10.01,0,29.0
2024-04-11,SKU_11,pecas,intermittent,30.0,10.01,0,29.3
2024-04-12,SKU_11,pecas,intermittent,0.0,10.15,0,33.8
2024-04-13,SKU_11,pecas,intermittent,0.0,10.01,0,32.2
2024-04-14,SKU_11,pecas,intermittent,29.0,8.92,1,28.0
2024-04-15,SKU_11,pecas,intermittent,0.0,10.09,0,30.7
2024-04-16,SKU_11,pecas,intermittent,0.0,9.8,0,29.2
2024-04-17,SKU_11,pecas,intermittent,0.0,9.79,0,29.4
2024-04-18,SKU_11,pecas,intermittent,38.0,10.11,0,30.4
2024-04-19,SKU_11,pecas,intermittent,0.0,9.8,0,31.2
2024-04-20,SKU_11,pecas,intermittent,36.0,10.12,0,29.3
2024-04-21,SKU_11,pecas,intermittent,26.0,10.18,0,32.1
2024-04-22,SKU_11,pecas,intermittent,37.0,10.18,0,27.7
2024-04-23,SKU_11,pecas,intermittent,44.0,9.83,0,30.0
2024-04-24,SKU_11,pecas,intermittent,0.0,10.18,0,35.2
2024-04-25,SKU_11,pecas,intermittent,29.0,10.06,0,30.4
2024-04-26,SKU_11,pecas,intermittent,21.0,9.88,0,32.8
2024-04-27,SKU_11,pecas,intermittent,19.0,9.97,0,30.2
2024-04-28,SKU_11,pecas,intermittent,0.0,8.59,1,31.1
2024-04-29,SKU_11,pecas,intermittent,0.0,9.87,0,29.8
2024-04-30,SKU_11,pecas,intermittent,0.0,10.06,0,29.6
2024-05-01,SKU_11,pecas,intermittent,0.0,10.29,0,28.4
2024-05-02,SKU_11,pecas,intermittent,39.0,10.19,0,30.8
2024-05-03,SKU_11,pecas,intermittent,0.0,10.02,0,28.2
2024-05-04,SKU_11,pecas,intermittent,31.0,10.05,0,31.2
2024-05-05,SKU_11,pecas,intermittent,33.0,9.89,0,32.0
2024-05-06,SKU_11,pecas,intermittent,45.0,9.9,0,30.5
2024-05-07,SKU_11,pecas,intermittent,24.0,9.69,0,29.2
2024-05-08,SKU_11,pecas,intermittent,18.0,10.05,0,30.7
2024-05-09,SKU_11,pecas,intermittent,0.0,10.14,0,29.1
2024-05-10,SKU_11,pecas,intermittent,19.0,9.99,0,31.6
2024-05-11,SKU_11,pecas,intermittent,22.0,9.82,0,26.0
2024-05-12,SKU_11,pecas,intermittent,0.0,10.01,0,29.0
2024-05-13,SKU_11,pecas,intermittent,0.0,10.27,0,25.6
2024-05-14,SKU_11,pecas,intermittent,0.0,10.18,0,26.6
2024-05-15,SKU_11,pecas,intermittent,61.0,8.49,1,32.2
2024-05-16,SKU_11,pecas,intermittent,0.0,10.41,0,31.3
2024-05-17,SKU_11,pecas,intermittent,0.0,10.54,0,28.0
2024-05-18,SKU_11,pecas,intermittent,0.0,9.9,0,26.4
2024-05-19,SKU_11,pecas,intermittent,49.0,9.95,0,23.4
2024-05-20,SKU_11,pecas,intermittent,0.0,10.14,0,28.2
2024-05-21,SKU_11,pecas,intermittent,30.0,9.82,0,34.1
2024-05-22,SKU_11,pecas,intermittent,0.0,10.17,0,30.0
2024-05-23,SKU_11,pecas,intermittent,0.0,10.02,0,28.0
2024-05-24,SKU_11,pecas,intermittent,19.0,10.07,0,30.0
2024-05-25,SKU_11,pecas,intermittent,20.0,9.88,0,25.9
2024-05-26,SKU_11,pecas,intermittent,0.0,9.84,0,28.4
2024-05-27,SKU_11,pecas,intermittent,0.0,9.6,0,29.1
2024-05-28,SKU_11,pecas,intermittent,0.0,10.3,0,28.7
2024-05-29,SKU_11,pecas,intermittent,0.0,10.19,0,30.4
2024-05-30,SKU_11,pecas,intermittent,36.0,10.13,0,29.4
2024-05-31,SKU_11,pecas,intermittent,0.0,10.07,0,30.0
2024-06-01,SKU_11,pecas,intermittent,0.0,9.54,0,27.2
2024-06-02,SKU_11,pecas,intermittent,39.0,9.85,0,30.3
2024-06-03,SKU_11,pecas,intermittent,21.0,9.95,0,31.7
2024-06-04,SKU_11,pecas,intermittent,0.0,9.78,0,26.4
2024-06-05,SKU_11,pecas,intermittent,45.0,9.66,0,26.5
2024-06-06,SKU_11,pecas,intermittent,28.0,9.8,0,30.9
2024-06-07,SKU_11,pecas,intermittent,20.0,10.01,0,27.8
2024-06-08,SKU_11,pecas,intermittent,0.0,10.01,0,30.9
2024-06-09,SKU_11,pecas,intermittent,0.0,10.18,0,27.1
2024-06-10,SKU_11,pecas,intermittent,34.0,10.41,0,30.8
2024-06-11,SKU_11,pecas,intermittent,36.0,10.14,0,28.1
2024-06-12,SKU_11,pecas,intermittent,25.0,9.96,0,28.3
2024-06-13,SKU_11,pecas,intermittent,0.0,10.36,0,30.8
2024-06-14,SKU_11,pecas,intermittent,0.0,9.68,0,26.9
2024-06-15,SKU_11,pecas,intermittent,17.0,9.58,0,25.6
2024-06-16,SKU_11,pecas,intermittent,0.0,9.82,0,26.5
2024-06-17,SKU_11,pecas,intermittent,0.0,10.16,0,28.3
2024-06-18,SKU_11,pecas,intermittent,0.0,10.03,0,24.1
2024-06-19,SKU_11,pecas,intermittent,0.0,9.77,0,28.5
2024-06-20,SKU_11,pecas,intermittent,28.0,9.85,0,26.0
2024-06-21,SKU_11,pecas,intermittent,0.0,9.75,0,29.3
2024-06-22,SKU_11,pecas,intermittent,0.0,9.75,0,22.1
2024-06-23,SKU_11,pecas,intermittent,0.0,10.31,0,25.3
2024-06-24,SKU_11,pecas,intermittent,25.0,9.97,0,23.4
2024-06-25,SKU_11,pecas,intermittent,37.0,10.35,0,25.0
2024-06-26,SKU_11,pecas,intermittent,52.0,9.82,0,27.0
2024-06-27,SKU_11,pecas,intermittent,29.0,10.1,0,26.1
2024-06-28,SKU_11,pecas,intermittent,30.0,10.05,0,25.9
2024-06-29,SKU_11,pecas,intermittent,15.0,10.18,0,25.9
2024-06-30,SKU_11,pecas,intermittent,12.0,10.05,0,26.6
2024-07-01,SKU_11,pecas,intermittent,40.0,10.2,0,24.1
2024-07-02,SKU_11,pecas,intermittent,0.0,8.61,1,27.4
2024-07-03,SKU_11,pecas,intermittent,0.0,9.78,0,27.2
2024-07-04,SKU_11,pecas,intermittent,39.0,10.15,0,26.6
2024-07-05,SKU_11,pecas,intermittent,0.0,9.98,0,26.8
2024-07-06,SKU_11,pecas,intermittent,0.0,9.84,0,26.2
2024-07-07,SKU_11,pecas,intermittent,44.0,8.64,1,29.6
2024-07-08,SKU_11,pecas,intermittent,0.0,8.68,1,25.2
2024-07-09,SKU_11,pecas,intermittent,28.0,9.9,0,24.7
2024-07-10,SKU_11,pecas,intermittent,0.0,9.93,0,23.7
2024-07-11,SKU_11,pecas,intermittent,32.0,8.22,1,23.0
2024-07-12,SKU_11,pecas,intermittent,0.0,9.64,0,22.5
2024-07-13,SKU_11,pecas,intermittent,10.0,9.95,0,23.1
2024-07-14,SKU_11,pecas,intermittent,17.0,10.16,0,24.6
2024-07-15,SKU_11,pecas,intermittent,0.0,9.89,0,25.3
2024-07-16,SKU_11,pecas,intermittent,44.0,8.79,1,24.7
2024-07-17,SKU_11,pecas,intermittent,28.0,9.96,0,22.9
2024-07-18,SKU_11,pecas,intermittent,15.0,9.96,0,26.2
2024-07-19,SKU_11,pecas,intermittent,0.0,9.94,0,25.7
2024-07-20,SKU_11,pecas,intermittent,0.0,10.2,0,23.8
2024-07-21,SKU_11,pecas,intermittent,0.0,9.81,0,22.7
2024-07-22,SKU_11,pecas,intermittent,0.0,9.97,0,25.0
2024-07-23,SKU_11,pecas,intermittent,0.0,9.89,0,24.2
2024-07-24,SKU_11,pecas,intermittent,35.0,9.89,0,20.8
2024-07-25,SKU_11,pecas,intermittent,0.0,10.01,0,23.5
2024-07-26,SKU_11,pecas,intermittent,15.0,9.98,0,24.1
2024-07-27,SKU_11,pecas,intermittent,19.0,10.21,0,21.6
2024-07-28,SKU_11,pecas,intermittent,0.0,10.0,0,23.7
2024-07-29,SKU_11,pecas,intermittent,0.0,10.11,0,20.3
2024-07-30,SKU_11,pecas,intermittent,0.0,10.03,0,25.8
2024-07-31,SKU_11,pecas,intermittent,35.0,10.28,0,25.5
2024-08-01,SKU_11,pecas,intermittent,0.0,9.94,0,22.4
2024-08-02,SKU_11,pecas,intermittent,15.0,9.94,0,23.5
2024-08-03,SKU_11,pecas,intermittent,0.0,10.15,0,17.9
2024-08-04,SKU_11,pecas,intermittent,28.0,9.94,0,20.3
2024-08-05,SKU_11,pecas,intermittent,19.0,10.1,0,21.9
2024-08-06,SKU_11,pecas,intermittent,30.0,10.47,0,20.3
2024-08-07,SKU_11,pecas,intermittent,0.0,9.8,0,23.7
2024-08-08,SKU_11,pecas,intermittent,25.0,10.31,0,26.2
2024-08-09,SKU_11,pecas,intermittent,12.0,9.9,0,19.8
2024-08-10,SKU_11,pecas,intermittent,25.0,10.27,0,20.3
2024-08-11,SKU_11,pecas,intermittent,0.0,10.14,0,22.4
2024-08-12,SKU_11,pecas,intermittent,59.0,10.12,0,25.1
2024-08-13,SKU_11,pecas,intermittent,0.0,9.97,0,19.3
2024-08-14,SKU_11,pecas,intermittent,32.0,9.95,0,22.1
2024-08-15,SKU_11,pecas,intermittent,30.0,9.86,0,25.2
2024-08-16,SKU_11,pecas,intermittent,19.0,10.0,0,18.1
2024-08-17,SKU_11,pecas,intermittent,24.0,9.96,0,18.8
2024-08-18,SKU_11,pecas,intermittent,0.0,8.54,1,20.4
2024-08-19,SKU_11,pecas,intermittent,17.0,9.72,0,20.1
2024-08-20,SKU_11,pecas,intermittent,0.0,10.0,0,22.7
2024-08-21,SKU_11,pecas,intermittent,33.0,10.25,0,21.5
2024-08-22,SKU_11,pecas,intermittent,29.0,10.19,0,17.4
2024-08-23,SKU_11,pecas,intermittent,28.0,10.0,0,21.8
2024-08-24,SKU_11,pecas,intermittent,0.0,10.51,0,19.6
2024-08-25,SKU_11,pecas,intermittent,37.0,9.88,0,23.2
2024-08-26,SKU_11,pecas,intermittent,0.0,8.48,1,19.3
2024-08-27,SKU_11,pecas,intermittent,0.0,9.71,0,19.2
2024-08-28,SKU_11,pecas,intermittent,36.0,9.92,0,21.5
2024-08-29,SKU_11,pecas,intermittent,43.0,10.36,0,21.8
2024-08-30,SKU_11,pecas,intermittent,9.0,9.93,0,21.1
2024-08-31,SKU_11,pecas,intermittent,23.0,9.69,0,16.8
2024-09-01,SKU_11,pecas,intermittent,26.0,10.17,0,21.1
2024-09-02,SKU_11,pecas,intermittent,0.0,10.08,0,17.9
2024-09-03,SKU_11,pecas,intermittent,0.0,10.17,0,20.4
2024-09-04,SKU_11,pecas,intermittent,0.0,9.94,0,17.0
2024-09-05,SKU_11,pecas,intermittent,26.0,9.8,0,20.7
2024-09-06,SKU_11,pecas,intermittent,0.0,9.96,0,18.1
2024-09-07,SKU_11,pecas,intermittent,0.0,10.11,0,17.1
2024-09-08,SKU_11,pecas,intermittent,0.0,9.99,0,21.0
2024-09-09,SKU_11,pecas,intermittent,0.0,10.08,0,20.0
2024-09-10,SKU_11,pecas,intermittent,0.0,9.89,0,18.2
2024-09-11,SKU_11,pecas,intermittent,0.0,10.09,0,22.3
2024-09-12,SKU_11,pecas,intermittent,32.0,10.0,0,18.4
2024-09-13,SKU_11,pecas,intermittent,0.0,8.36,1,19.3
2024-09-14,SKU_11,pecas,intermittent,0.0,10.03,0,19.7
2024-09-15,SKU_11,pecas,intermittent,22.0,9.92,0,17.9
2024-09-16,SKU_11,pecas,intermittent,33.0,10.12,0,20.0
2024-09-17,SKU_11,pecas,intermittent,28.0,8.67,1,17.9
2024-09-18,SKU_11,pecas,intermittent,0.0,10.1,0,18.1
2024-09-19,SKU_11,pecas,intermittent,24.0,9.67,0,21.6
2024-09-20,SKU_11,pecas,intermittent,0.0,9.81,0,16.7
2024-09-21,SKU_11,pecas,intermittent,0.0,8.37,1,13.9
2024-09-22,SKU_11,pecas,intermittent,0.0,9.84,0,21.9
2024-09-23,SKU_11,pecas,intermittent,25.0,9.89,0,23.8
2024-09-24,SKU_11,pecas,intermittent,0.0,10.19,0,17.8
2024-09-25,SKU_11,pecas,intermittent,0.0,8.64,1,14.7
2024-09-26,SKU_11,pecas,intermittent,0.0,9.92,0,17.9
2024-09-27,SKU_11,pecas,intermittent,16.0,10.12,0,17.9
2024-09-28,SKU_11,pecas,intermittent,0.0,10.07,0,18.1
2024-09-29,SKU_11,pecas,intermittent,0.0,9.99,0,16.2
2024-09-30,SKU_11,pecas,intermittent,0.0,10.23,0,19.5
2024-10-01,SKU_11,pecas,intermittent,0.0,9.87,0,19.4
2024-10-02,SKU_11,pecas,intermittent,0.0,10.01,0,15.3
2024-10-03,SKU_11,pecas,intermittent,0.0,8.29,1,19.7
2024-10-04,SKU_11,pecas,intermittent,12.0,9.8,0,22.4
2024-10-05,SKU_11,pecas,intermittent,0.0,9.73,0,18.6
2024-10-06,SKU_11,pecas,intermittent,0.0,9.8,0,17.5
2024-10-07,SKU_11,pecas,intermittent,0.0,10.02,0,17.9
2024-10-08,SKU_11,pecas,intermittent,31.0,9.94,0,19.4
2024-10-09,SKU_11,pecas,intermittent,0.0,9.95,0,14.7
2024-10-10,SKU_11,pecas,intermittent,0.0,9.94,0,18.4
2024-10-11,SKU_11,pecas,intermittent,0.0,10.35,0,17.3
2024-10-12,SKU_11,pecas,intermittent,0.0,9.77,0,21.8
2024-10-13,SKU_11,pecas,intermittent,26.0,9.75,0,17.7
2024-10-14,SKU_11,pecas,intermittent,0.0,9.83,0,21.4
2024-10-15,SKU_11,pecas,intermittent,0.0,9.99,0,15.8
2024-10-16,SKU_11,pecas,intermittent,0.0,10.1,0,19.2
2024-10-17,SKU_11,pecas,intermittent,35.0,10.12,0,18.7
2024-10-18,SKU_11,pecas,intermittent,0.0,10.19,0,16.3
2024-10-19,SKU_11,pecas,intermittent,0.0,9.98,0,18.4
2024-10-20,SKU_11,pecas,intermittent,0.0,9.92,0,20.4
2024-10-21,SKU_11,pecas,intermittent,0.0,10.33,0,17.4
2024-10-22,SKU_11,pecas,intermittent,0.0,9.44,0,14.6
2024-10-23,SKU_11,pecas,intermittent,0.0,10.01,0,18.0
2024-10-24,SKU_11,pecas,intermittent,0.0,10.09,0,16.2
2024-10-25,SKU_11,pecas,intermittent,0.0,10.37,0,17.3
2024-10-26,SKU_11,pecas,intermittent,0.0,9.67,0,17.9
2024-10-27,SKU_11,pecas,intermittent,0.0,9.92,0,14.6
2024-10-28,SKU_11,pecas,intermittent,0.0,9.73,0,14.8
2024-10-29,SKU_11,pecas,intermittent,22.0,8.14,1,19.0
2024-10-30,SKU_11,pecas,intermittent,30.0,9.96,0,17.0
2024-10-31,SKU_11,pecas,intermittent,0.0,10.17,0,13.0
2024-11-01,SKU_11,pecas,intermittent,0.0,10.24,0,19.7
2024-11-02,SKU_11,pecas,intermittent,0.0,9.89,0,18.7
2024-11-03,SKU_11,pecas,intermittent,0.0,8.63,1,16.7
2024-11-04,SKU_11,pecas,intermittent,0.0,9.96,0,15.5
2024-11-05,SKU_11,pecas,intermittent,18.0,10.11,0,19.9
2024-11-06,SKU_11,pecas,intermittent,31.0,10.23,0,18.9
2024-11-07,SKU_11,pecas,intermittent,0.0,9.96,0,23.0
2024-11-08,SKU_11,pecas,intermittent,12.0,10.22,0,19.1
2024-11-09,SKU_11,pecas,intermittent,0.0,9.76,0,19.1
2024-11-10,SKU_11,pecas,intermittent,0.0,10.13,0,18.0
2024-11-11,SKU_11,pecas,intermittent,0.0,10.21,0,20.0
2024-11-12,SKU_11,pecas,intermittent,0.0,8.69,1,19.7
2024-11-13,SKU_11,pecas,intermittent,0.0,9.76,0,21.0
2024-11-14,SKU_11,pecas,intermittent,0.0,8.46,1,17.5
2024-11-15,SKU_11,pecas,intermittent,0.0,10.06,0,17.7
2024-11-16,SKU_11,pecas,intermittent,0.0,10.09,0,17.6
2024-11-17,SKU_11,pecas,intermittent,0.0,10.02,0,20.2
2024-11-18,SKU_11,pecas,intermittent,27.0,10.29,0,21.7
2024-11-19,SKU_11,pecas,intermittent,0.0,9.74,0,17.8
2024-11-20,SKU_11,pecas,intermittent,0.0,9.95,0,17.9
2024-11-21,SKU_11,pecas,intermittent,0.0,9.66,0,19.5
2024-11-22,SKU_11,pecas,intermittent,26.0,10.12,0,18.4
2024-11-23,SKU_11,pecas,intermittent,16.0,10.11,0,20.9
2024-11-24,SKU_11,pecas,intermittent,0.0,10.67,0,14.5
2024-11-25,SKU_11,pecas,intermittent,0.0,10.21,0,17.4
2024-11-26,SKU_11,pecas,intermittent,0.0,10.07,0,17.6
2024-11-27,SKU_11,pecas,intermittent,25.0,10.05,0,14.6
2024-11-28,SKU_11,pecas,intermittent,0.0,9.94,0,17.3
2024-11-29,SKU_11,pecas,intermittent,0.0,10.03,0,17.5
2024-11-30,SKU_11,pecas,intermittent,0.0,10.06,0,19.0
2024-12-01,SKU_11,pecas,intermittent,0.0,9.61,0,21.7
2024-12-02,SKU_11,pecas,intermittent,28.0,10.04,0,19.0
2024-12-03,SKU_11,pecas,intermittent,0.0,10.02,0,17.5
2024-12-04,SKU_11,pecas,intermittent,0.0,10.35,0,19.5
2024-12-05,SKU_11,pecas,intermittent,0.0,9.97,0,21.8
2024-12-06,SKU_11,pecas,intermittent,25.0,9.85,0,17.9
2024-12-07,SKU_11,pecas,intermittent,0.0,10.05,0,18.1
2024-12-08,SKU_11,pecas,intermittent,30.0,10.01,0,21.1
2024-12-09,SKU_11,pecas,intermittent,36.0,9.97,0,19.6
2024-12-10,SKU_11,pecas,intermittent,0.0,9.74,0,21.4
2024-12-11,SKU_11,pecas,intermittent,23.0,9.97,0,20.2
2024-12-12,SKU_11,pecas,intermittent,27.0,9.88,0,21.7
2024-12-13,SKU_11,pecas,intermittent,0.0,9.96,0,18.3
2024-12-14,SKU_11,pecas,intermittent,18.0,10.15,0,20.4
2024-12-15,SKU_11,pecas,intermittent,0.0,9.87,0,20.1
2024-12-16,SKU_11,pecas,intermittent,0.0,9.96,0,18.2
2024-12-17,SKU_11,pecas,intermittent,0.0,10.11,0,17.6
2024-12-18,SKU_11,pecas,intermittent,30.0,9.95,0,22.1
2024-12-19,SKU_11,pecas,intermittent,0.0,10.52,0,20.2
2024-12-20,SKU_11,pecas,intermittent,0.0,10.05,0,18.9
2024-12-21,SKU_11,pecas,intermittent,16.0,9.75,0,20.8
2024-12-22,SKU_11,pecas,intermittent,0.0,8.33,1,23.4
2024-12-23,SKU_11,pecas,intermittent,33.0,9.81,0,16.7
2024-12-24,SKU_11,pecas,intermittent,39.0,9.83,0,18.3
2024-12-25,SKU_11,pecas,intermittent,36.0,10.11,0,19.6
2024-12-26,SKU_11,pecas,intermittent,0.0,8.28,1,24.4
2024-12-27,SKU_11,pecas,intermittent,33.0,9.93,0,22.2
2024-12-28,SKU_11,pecas,intermittent,19.0,10.23,0,23.2
2024-12-29,SKU_11,pecas,intermittent,0.0,9.9,0,19.5
2024-12-30,SKU_11,pecas,intermittent,28.0,10.13,0,19.6
2023-01-01,SKU_12,pecas,intermittent,0.0,12.28,0,22.6
2023-01-02,SKU_12,pecas,intermittent,0.0,12.02,0,20.0
2023-01-03,SKU_12,pecas,intermittent,0.0,10.36,1,23.7
2023-01-04,SKU_12,pecas,intermittent,0.0,12.17,0,24.2
2023-01-05,SKU_12,pecas,intermittent,0.0,12.21,0,18.5
2023-01-06,SKU_12,pecas,intermittent,0.0,10.12,1,19.9
2023-01-07,SKU_12,pecas,intermittent,10.0,11.87,0,22.8
2023-01-08,SKU_12,pecas,intermittent,0.0,9.8,1,22.0
2023-01-09,SKU_12,pecas,intermittent,35.0,11.8,0,22.7
2023-01-10,SKU_12,pecas,intermittent,30.0,12.01,0,21.2
2023-01-11,SKU_12,pecas,intermittent,28.0,11.86,0,24.7
2023-01-12,SKU_12,pecas,intermittent,47.0,11.77,0,24.6
2023-01-13,SKU_12,pecas,intermittent,33.0,12.01,0,23.3
2023-01-14,SKU_12,pecas,intermittent,15.0,12.27,0,25.5
2023-01-15,SKU_12,pecas,intermittent,42.0,10.19,1,24.3
2023-01-16,SKU_12,pecas,intermittent,23.0,11.77,0,21.8
2023-01-17,SKU_12,pecas,intermittent,20.0,12.25,0,24.3
2023-01-18,SKU_12,pecas,intermittent,32.0,11.85,0,21.8
2023-01-19,SKU_12,pecas,intermittent,0.0,12.3,0,25.6
2023-01-20,SKU_12,pecas,intermittent,0.0,11.95,0,23.8
2023-01-21,SKU_12,pecas,intermittent,19.0,12.02,0,23.6
2023-01-22,SKU_12,pecas,intermittent,30.0,12.31,0,22.7
2023-01-23,SKU_12,pecas,intermittent,24.0,11.73,0,26.7
2023-01-24,SKU_12,pecas,intermittent,23.0,11.79,0,24.0
2023-01-25,SKU_12,pecas,intermittent,32.0,11.93,0,23.6
2023-01-26,SKU_12,pecas,intermittent,45.0,11.97,0,23.8
2023-01-27,SKU_12,pecas,intermittent,0.0,12.53,0,25.7
2023-01-28,SKU_12,pecas,intermittent,0.0,11.82,0,25.5
2023-01-29,SKU_12,pecas,intermittent,0.0,11.74,0,25.6
2023-01-30,SKU_12,pecas,intermittent,25.0,11.81,0,25.8
2023-01-31,SKU_12,pecas,intermittent,34.0,12.05,0,29.3
2023-02-01,SKU_12,pecas,intermittent,0.0,12.1,0,24.3
2023-02-02,SKU_12,pecas,intermittent,0.0,11.86,0,24.2
2023-02-03,SKU_12,pecas,intermittent,0.0,10.2,1,23.7
2023-02-04,SKU_12,pecas,intermittent,0.0,10.59,1,26.7
2023-02-05,SKU_12,pecas,intermittent,0.0,12.01,0,27.8
2023-02-06,SKU_12,pecas,intermittent,44.0,10.26,1,25.4
2023-02-07,SKU_12,pecas,intermittent,0.0,12.38,0,24.1
2023-02-08,SKU_12,pecas,intermittent,21.0,11.86,0,24.2
2023-02-09,SKU_12,pecas,intermittent,0.0,11.85,0,27.2
2023-02-10,SKU_12,pecas,intermittent,25.0,11.91,0,27.5
2023-02-11,SKU_12,pecas,intermittent,23.0,11.89,0,27.2
2023-02-12,SKU_12,pecas,intermittent,27.0,11.64,0,24.9
2023-02-13,SKU_12,pecas,intermittent,26.0,12.03,0,26.8
2023-02-14,SKU_12,pecas,intermittent,0.0,12.04,0,26.6
2023-02-15,SKU_12,pecas,intermittent,26.0,11.96,0,26.9
2023-02-16,SKU_12,pecas,intermittent,32.0,12.05,0,28.3
2023-02-17,SKU_12,pecas,intermittent,24.0,12.05,0,27.1
2023-02-18,SKU_12,pecas,intermittent,0.0,11.74,0,28.1
2023-02-19,SKU_12,pecas,intermittent,0.0,12.06,0,27.0
2023-02-20,SKU_12,pecas,intermittent,0.0,10.31,1,27.5
2023-02-21,SKU_12,pecas,intermittent,51.0,9.88,1,28.3
2023-02-22,SKU_12,pecas,intermittent,27.0,12.29,0,24.2
2023-02-23,SKU_12,pecas,intermittent,22.0,11.75,0,26.6
2023-02-24,SKU_12,pecas,intermittent,19.0,11.77,0,26.4
2023-02-25,SKU_12,pecas,intermittent,33.0,12.04,0,26.1
2023-02-26,SKU_12,pecas,intermittent,0.0,12.11,0,26.9
2023-02-27,SKU_12,pecas,intermittent,0.0,12.16,0,30.6
2023-02-28,SKU_12,pecas,intermittent,29.0,12.11,0,25.9
2023-03-01,SKU_12,pecas,intermittent,0.0,11.9,0,29.7
2023-03-02,SKU_12,pecas,intermittent,45.0,10.22,1,24.4
2023-03-03,SKU_12,pecas,intermittent,22.0,11.94,0,27.2
2023-03-04,SKU_12,pecas,intermittent,0.0,12.03,0,28.3
2023-03-05,SKU_12,pecas,intermittent,0.0,12.01,0,29.2
2023-03-06,SKU_12,pecas,intermittent,0.0,11.9,0,29.5
2023-03-07,SKU_12,pecas,intermittent,0.0,10.13,1,29.8
2023-03-08,SKU_12,pecas,intermittent,25.0,11.63,0,27.6
2023-03-09,SKU_12,pecas,intermittent,0.0,12.17,0,27.4
2023-03-10,SKU_12,pecas,intermittent,0.0,12.06,0,30.1
2023-03-11,SKU_12,pecas,intermittent,16.0,11.54,0,28.1
2023-03-12,SKU_12,pecas,intermittent,0.0,12.16,0,26.0
2023-03-13,SKU_12,pecas,intermittent,0.0,11.99,0,26.3
2023-03-14,SKU_12,pecas,intermittent,0.0,11.81,0,26.8
2023-03-15,SKU_12,pecas,intermittent,27.0,11.79,0,29.7
2023-03-16,SKU_12,pecas,intermittent,32.0,11.86,0,29.1
2023-03-17,SKU_12,pecas,intermittent,0.0,11.81,0,30.3
2023-03-18,SKU_12,pecas,intermittent,0.0,11.84,0,28.1
2023-03-19,SKU_12,pecas,intermittent,55.0,12.34,0,29.3
2023-03-20,SKU_12,pecas,intermittent,38.0,12.07,0,30.3
2023-03-21,SKU_12,pecas,intermittent,27.0,12.41,0,28.5
2023-03-22,SKU_12,pecas,intermittent,26.0,10.25,1,30.1
2023-03-23,SKU_12,pecas,intermittent,0.0,12.12,0,27.9
2023-03-24,SKU_12,pecas,intermittent,0.0,11.82,0,28.5
2023-03-25,SKU_12,pecas,intermittent,0.0,11.97,0,28.5
2023-03-26,SKU_12,pecas,intermittent,0.0,11.98,0,27.0
2023-03-27,SKU_12,pecas,intermittent,0.0,12.12,0,30.4
2023-03-28,SKU_12,pecas,intermittent,0.0,11.99,0,28.5
2023-03-29,SKU_12,pecas,intermittent,30.0,12.07,0,29.5
2023-03-30,SKU_12,pecas,intermittent,29.0,12.06,0,30.5
2023-03-31,SKU_12,pecas,intermittent,0.0,11.94,0,30.5
2023-04-01,SKU_12,pecas,intermittent,0.0,11.92,0,30.9
2023-04-02,SKU_12,pecas,intermittent,27.0,11.87,0,29.4
2023-04-03,SKU_12,pecas,intermittent,0.0,12.22,0,28.8
2023-04-04,SKU_12,pecas,intermittent,0.0,11.94,0,29.5
2023-04-05,SKU_12,pecas,intermittent,27.0,12.07,0,26.4
2023-04-06,SKU_12,pecas,intermittent,0.0,11.97,0,26.9
2023-04-07,SKU_12,pecas,intermittent,25.0,12.21,0,27.1
2023-04-08,SKU_12,pecas,intermittent,0.0,11.6,0,27.8
2023-04-09,SKU_12,pecas,intermittent,0.0,12.06,0,30.6
2023-04-10,SKU_12,pecas,intermittent,0.0,11.75,0,28.1
2023-04-11,SKU_12,pecas,intermittent,0.0,12.08,0,29.1
2023-04-12,SKU_12,pecas,intermittent,0.0,11.97,0,32.5
2023-04-13,SKU_12,pecas,intermittent,47.0,11.7,0,29.2
2023-04-14,SKU_12,pecas,intermittent,20.0,12.07,0,31.4
2023-04-15,SKU_12,pecas,intermittent,0.0,12.04,0,28.1
2023-04-16,SKU_12,pecas,intermittent,0.0,11.95,0,29.6
2023-04-17,SKU_12,pecas,intermittent,0.0,11.98,0,28.1
2023-04-18,SKU_12,pecas,intermittent,0.0,12.03,0,29.3
2023-04-19,SKU_12,pecas,intermittent,0.0,12.24,0,31.7
2023-04-20,SKU_12,pecas,intermittent,0.0,11.94,0,26.5
2023-04-21,SKU_12,pecas,intermittent,0.0,12.2,0,30.9
2023-04-22,SKU_12,pecas,intermittent,26.0,10.19,1,30.5
2023-04-23,SKU_12,pecas,intermittent,0.0,12.26,0,28.8
2023-04-24,SKU_12,pecas,intermittent,0.0,11.95,0,27.1
2023-04-25,SKU_12,pecas,intermittent,0.0,11.87,0,30.1
2023-04-26,SKU_12,pecas,intermittent,38.0,11.78,0,28.9
2023-04-27,SKU_12,pecas,intermittent,0.0,11.99,0,30.4
2023-04-28,SKU_12,pecas,intermittent,0.0,11.84,0,30.0
2023-04-29,SKU_12,pecas,intermittent,27.0,12.28,0,33.2
2023-04-30,SKU_12,pecas,intermittent,42.0,11.83,0,29.5
2023-05-01,SKU_12,pecas,intermittent,0.0,11.86,0,27.9
2023-05-02,SKU_12,pecas,intermittent,0.0,12.12,0,30.3
2023-05-03,SKU_12,pecas,intermittent,0.0,12.24,0,30.3
2023-05-04,SKU_12,pecas,intermittent,0.0,12.15,0,32.6
2023-05-05,SKU_12,pecas,intermittent,21.0,12.21,0,31.5
2023-05-06,SKU_12,pecas,intermittent,21.0,11.98,0,30.5
2023-05-07,SKU_12,pecas,intermittent,0.0,11.99,0,32.7
2023-05-08,SKU_12,pecas,intermittent,28.0,12.4,0,27.4
2023-05-09,SKU_12,pecas,intermittent,22.0,12.34,0,28.5
2023-05-10,SKU_12,pecas,intermittent,25.0,12.14,0,27.9
2023-05-11,SKU_12,pecas,intermittent,34.0,12.22,0,28.9
2023-05-12,SKU_12,pecas,intermittent,20.0,12.17,0,26.9
2023-05-13,SKU_12,pecas,intermittent,0.0,11.76,0,30.9
2023-05-14,SKU_12,pecas,intermittent,0.0,11.99,0,29.1
2023-05-15,SKU_12,pecas,intermittent,0.0,12.3,0,26.6
2023-05-16,SKU_12,pecas,intermittent,28.0,12.14,0,27.5
2023-05-17,SKU_12,pecas,intermittent,0.0,11.99,0,30.1
2023-05-18,SKU_12,pecas,intermittent,32.0,12.3,0,31.1
2023-05-19,SKU_12,pecas,intermittent,12.0,12.07,0,33.4
2023-05-20,SKU_12,pecas,intermittent,26.0,12.15,0,35.2
2023-05-21,SKU_12,pecas,intermittent,0.0,12.07,0,30.1
2023-05-22,SKU_12,pecas,intermittent,0.0,12.11,0,27.3
2023-05-23,SKU_12,pecas,intermittent,0.0,10.32,1,24.9
2023-05-24,SKU_12,pecas,intermittent,22.0,12.26,0,29.7
2023-05-25,SKU_12,pecas,intermittent,56.0,12.29,0,27.4
2023-05-26,SKU_12,pecas,intermittent,0.0,11.91,0,28.2
2023-05-27,SKU_12,pecas,intermittent,19.0,12.07,0,27.7
2023-05-28,SKU_12,pecas,intermittent,0.0,12.25,0,28.6
2023-05-29,SKU_12,pecas,intermittent,0.0,11.97,0,31.0
2023-05-30,SKU_12,pecas,intermittent,0.0,11.74,0,29.1
2023-05-31,SKU_12,pecas,intermittent,23.0,11.82,0,28.4
2023-06-01,SKU_12,pecas,intermittent,28.0,11.83,0,26.6
2023-06-02,SKU_12,pecas,intermittent,18.0,11.91,0,25.2
2023-06-03,SKU_12,pecas,intermittent,0.0,11.85,0,27.5
2023-06-04,SKU_12,pecas,intermittent,0.0,12.21,0,28.3
2023-06-05,SKU_12,pecas,intermittent,31.0,11.94,0,31.9
2023-06-06,SKU_12,pecas,intermittent,0.0,10.45,1,28.6
2023-06-07,SKU_12,pecas,intermittent,25.0,11.77,0,30.2
2023-06-08,SKU_12,pecas,intermittent,21.0,11.93,0,27.2
2023-06-09,SKU_12,pecas,intermittent,21.0,12.02,0,25.7
2023-06-10,SKU_12,pecas,intermittent,0.0,12.16,0,26.1
2023-06-11,SKU_12,pecas,intermittent,28.0,12.23,0,26.5
2023-06-12,SKU_12,pecas,intermittent,32.0,11.89,0,32.1
2023-06-13,SKU_12,pecas,intermittent,29.0,12.2,0,26.1
2023-06-14,SKU_12,pecas,intermittent,29.0,11.66,0,29.4
2023-06-15,SKU_12,pecas,intermittent,0.0,12.17,0,25.8
2023-06-16,SKU_12,pecas,intermittent,19.0,11.73,0,29.4
2023-06-17,SKU_12,pecas,intermittent,0.0,12.09,0,28.2
2023-06-18,SKU_12,pecas,intermittent,0.0,12.23,0,27.0
2023-06-19,SKU_12,pecas,intermittent,41.0,12.18,0,27.2
2023-06-20,SKU_12,pecas,intermittent,0.0,11.67,0,25.9
2023-06-21,SKU_12,pecas,intermittent,0.0,11.91,0,28.0
2023-06-22,SKU_12,pecas,intermittent,0.0,12.14,0,26.1
2023-06-23,SKU_12,pecas,intermittent,27.0,12.14,0,24.5
2023-06-24,SKU_12,pecas,intermittent,0.0,12.06,0,24.3
2023-06-25,SKU_12,pecas,intermittent,0.0,11.56,0,27.1
2023-06-26,SKU_12,pecas,intermittent,35.0,12.24,0,29.8
2023-06-27,SKU_12,pecas,intermittent,0.0,12.28,0,26.9
2023-06-28,SKU_12,pecas,intermittent,26.0,12.03,0,26.2
2023-06-29,SKU_12,pecas,intermittent,0.0,12.05,0,26.9
2023-06-30,SKU_12,pecas,intermittent,0.0,12.1,0,28.9
2023-07-01,SKU_12,pecas,intermittent,0.0,12.29,0,26.6
2023-07-02,SKU_12,pecas,intermittent,42.0,12.05,0,25.3
2023-07-03,SKU_12,pecas,intermittent,0.0,11.96,0,28.2
2023-07-04,SKU_12,pecas,intermittent,47.0,12.08,0,26.7
2023-07-05,SKU_12,pecas,intermittent,0.0,12.0,0,28.9
2023-07-06,SKU_12,pecas,intermittent,0.0,12.0,0,26.0
2023-07-07,SKU_12,pecas,intermittent,13.0,11.65,0,23.1
2023-07-08,SKU_12,pecas,intermittent,0.0,12.1,0,22.7
2023-07-09,SKU_12,pecas,intermittent,0.0,12.23,0,28.7
2023-07-10,SKU_12,pecas,intermittent,0.0,12.2,0,28.7
2023-07-11,SKU_12,pecas,intermittent,32.0,12.19,0,24.8
2023-07-12,SKU_12,pecas,intermittent,28.0,11.99,0,24.3
2023-07-13,SKU_12,pecas,intermittent,26.0,12.03,0,27.9
2023-07-14,SKU_12,pecas,intermittent,0.0,12.24,0,22.7
2023-07-15,SKU_12,pecas,intermittent,16.0,12.17,0,23.0
2023-07-16,SKU_12,pecas,intermittent,30.0,12.3,0,26.0
2023-07-17,SKU_12,pecas,intermittent,68.0,11.87,0,23.8
2023-07-18,SKU_12,pecas,intermittent,0.0,11.86,0,24.5
2023-07-19,SKU_12,pecas,intermittent,22.0,11.93,0,24.0
2023-07-20,SKU_12,pecas,intermittent,0.0,11.81,0,24.9
2023-07-21,SKU_12,pecas,intermittent,20.0,11.74,0,27.0
2023-07-22,SKU_12,pecas,intermittent,0.0,12.09,0,24.2
2023-07-23,SKU_12,pecas,intermittent,0.0,12.08,0,25.2
2023-07-24,SKU_12,pecas,intermittent,0.0,12.05,0,19.7
2023-07-25,SKU_12,pecas,intermittent,0.0,12.07,0,23.6
2023-07-26,SKU_12,pecas,intermittent,26.0,11.71,0,22.0
2023-07-27,SKU_12,pecas,intermittent,22.0,11.9,0,21.1
2023-07-28,SKU_12,pecas,intermittent,18.0,11.94,0,21.7
2023-07-29,SKU_12,pecas,intermittent,13.0,12.01,0,22.7
2023-07-30,SKU_12,pecas,intermittent,0.0,11.71,0,25.1
2023-07-31,SKU_12,pecas,intermittent,0.0,10.01,1,20.5
2023-08-01,SKU_12,pecas,intermittent,0.0,11.91,0,23.1
2023-08-02,SKU_12,pecas,intermittent,41.0,12.21,0,22.0
2023-08-03,SKU_12,pecas,intermittent,0.0,12.05,0,22.2
2023-08-04,SKU_12,pecas,intermittent,0.0,12.2,0,24.7
2023-08-05,SKU_12,pecas,intermittent,0.0,11.98,0,23.7
2023-08-06,SKU_12,pecas,intermittent,14.0,12.0,0,25.2
2023-08-07,SKU_12,pecas,intermittent,0.0,12.1,0,22.1
2023-08-08,SKU_12,pecas,intermittent,0.0,11.96,0,20.9
2023-08-09,SKU_12,pecas,intermittent,42.0,11.88,0,21.8
2023-08-10,SKU_12,pecas,intermittent,0.0,11.7,0,22.6
2023-08-11,SKU_12,pecas,intermittent,0.0,11.88,0,22.4
2023-08-12,SKU_12,pecas,intermittent,14.0,12.17,0,19.8
2023-08-13,SKU_12,pecas,intermittent,40.0,12.25,0,22.0
2023-08-14,SKU_12,pecas,intermittent,43.0,11.85,0,22.2
2023-08-15,SKU_12,pecas,intermittent,0.0,11.65,0,26.7
2023-08-16,SKU_12,pecas,intermittent,0.0,10.39,1,25.3
2023-08-17,SKU_12,pecas,intermittent,0.0,12.01,0,19.7
2023-08-18,SKU_12,pecas,intermittent,17.0,11.73,0,20.8
2023-08-19,SKU_12,pecas,intermittent,0.0,11.38,0,18.3
2023-08-20,SKU_12,pecas,intermittent,0.0,11.81,0,20.0
2023-08-21,SKU_12,pecas,intermittent,0.0,11.91,0,21.7
2023-08-22,SKU_12,pecas,intermittent,0.0,11.77,0,23.4
2023-08-23,SKU_12,pecas,intermittent,0.0,12.14,0,19.4
2023-08-24,SKU_12,pecas,intermittent,17.0,11.84,0,19.5
2023-08-25,SKU_12,pecas,intermittent,12.0,12.0,0,16.4
2023-08-26,SKU_12,pecas,intermittent,0.0,10.67,1,20.3
2023-08-27,SKU_12,pecas,intermittent,20.0,12.02,0,18.4
2023-08-28,SKU_12,pecas,intermittent,29.0,11.98,0,19.4
2023-08-29,SKU_12,pecas,intermittent,0.0,10.18,1,18.6
2023-08-30,SKU_12,pecas,intermittent,0.0,12.13,0,20.1
2023-08-31,SKU_12,pecas,intermittent,0.0,12.11,0,16.7
2023-09-01,SKU_12,pecas,intermittent,14.0,11.8,0,17.2
2023-09-02,SKU_12,pecas,intermittent,0.0,11.92,0,24.3
2023-09-03,SKU_12,pecas,intermittent,0.0,11.87,0,17.4
2023-09-04,SKU_12,pecas,intermittent,28.0,11.94,0,17.7
2023-09-05,SKU_12,pecas,intermittent,14.0,12.37,0,23.5
2023-09-06,SKU_12,pecas,intermittent,27.0,12.12,0,25.6
2023-09-07,SKU_12,pecas,intermittent,0.0,11.98,0,17.4
2023-09-08,SKU_12,pecas,intermittent,0.0,12.25,0,18.9
2023-09-09,SKU_12,pecas,intermittent,0.0,12.04,0,20.2
2023-09-10,SKU_12,pecas,intermittent,22.0,11.67,0,22.9
2023-09-11,SKU_12,pecas,intermittent,27.0,12.33,0,17.4
2023-09-12,SKU_12,pecas,intermittent,0.0,11.97,0,18.9
2023-09-13,SKU_12,pecas,intermittent,0.0,11.55,0,20.8
2023-09-14,SKU_12,pecas,intermittent,28.0,11.68,0,20.1
2023-09-15,SKU_12,pecas,intermittent,0.0,12.23,0,18.4
2023-09-16,SKU_12,pecas,intermittent,0.0,9.88,1,18.8
2023-09-17,SKU_12,pecas,intermittent,0.0,12.27,0,16.3
2023-09-18,SKU_12,pecas,intermittent,14.0,12.02,0,18.5
2023-09-19,SKU_12,pecas,intermittent,0.0,12.14,0,18.4
2023-09-20,SKU_12,pecas,intermittent,0.0,11.95,0,19.3
2023-09-21,SKU_12,pecas,intermittent,0.0,12.1,0,17.7
2023-09-22,SKU_12,pecas,intermittent,12.0,12.06,0,19.7
2023-09-23,SKU_12,pecas,intermittent,32.0,11.99,0,20.7
2023-09-24,SKU_12,pecas,intermittent,27.0,11.79,0,19.0
2023-09-25,SKU_12,pecas,intermittent,0.0,12.07,0,19.3
2023-09-26,SKU_12,pecas,intermittent,0.0,11.64,0,18.7
2023-09-27,SKU_12,pecas,intermittent,0.0,12.19,0,18.5
2023-09-28,SKU_12,pecas,intermittent,0.0,12.04,0,17.1
2023-09-29,SKU_12,pecas,intermittent,11.0,12.09,0,19.1
2023-09-30,SKU_12,pecas,intermittent,0.0,11.48,0,18.2
2023-10-01,SKU_12,pecas,intermittent,33.0,11.77,0,22.6
2023-10-02,SKU_12,pecas,intermittent,0.0,11.9,0,21.5
2023-10-03,SKU_12,pecas,intermittent,41.0,12.13,0,19.1
2023-10-04,SKU_12,pecas,intermittent,18.0,11.81,0,16.8
2023-10-05,SKU_12,pecas,intermittent,0.0,12.51,0,16.0
2023-10-06,SKU_12,pecas,intermittent,0.0,11.95,0,20.6
2023-10-07,SKU_12,pecas,intermittent,0.0,11.8,0,18.7
2023-10-08,SKU_12,pecas,intermittent,32.0,11.96,0,19.1
2023-10-09,SKU_12,pecas,intermittent,0.0,11.81,0,14.7
2023-10-10,SKU_12,pecas,intermittent,30.0,11.76,0,20.0
2023-10-11,SKU_12,pecas,intermittent,0.0,12.2,0,19.0
2023-10-12,SKU_12,pecas,intermittent,0.0,10.3,1,15.9
2023-10-13,SKU_12,pecas,intermittent,17.0,12.1,0,17.1
2023-10-14,SKU_12,pecas,intermittent,16.0,12.26,0,18.6
2023-10-15,SKU_12,pecas,intermittent,33.0,12.1,0,18.1
2023-10-16,SKU_12,pecas,intermittent,17.0,11.79,0,17.4
2023-10-17,SKU_12,pecas,intermittent,0.0,12.14,0,17.8
2023-10-18,SKU_12,pecas,intermittent,23.0,11.77,0,17.5
2023-10-19,SKU_12,pecas,intermittent,34.0,11.9,0,18.3
2023-10-20,SKU_12,pecas,intermittent,0.0,11.99,0,20.9
2023-10-21,SKU_12,pecas,intermittent,0.0,11.97,0,12.9
2023-10-22,SKU_12,pecas,intermittent,0.0,11.64,0,17.5
2023-10-23,SKU_12,pecas,intermittent,0.0,11.81,0,18.4
2023-10-24,SKU_12,pecas,intermittent,0.0,12.0,0,18.6
2023-10-25,SKU_12,pecas,intermittent,30.0,11.88,0,17.3
2023-10-26,SKU_12,pecas,intermittent,0.0,12.23,0,14.5
2023-10-27,SKU_12,pecas,intermittent,0.0,12.26,0,18.7
2023-10-28,SKU_12,pecas,intermittent,0.0,11.78,0,21.5
2023-10-29,SKU_12,pecas,intermittent,0.0,12.01,0,15.0
2023-10-30,SKU_12,pecas,intermittent,0.0,12.32,0,19.8
2023-10-31,SKU_12,pecas,intermittent,19.0,11.97,0,17.4
2023-11-01,SKU_12,pecas,intermittent,0.0,11.92,0,18.0
2023-11-02,SKU_12,pecas,intermittent,29.0,12.17,0,16.0
2023-11-03,SKU_12,pecas,intermittent,0.0,11.95,0,17.5
2023-11-04,SKU_12,pecas,intermittent,16.0,12.25,0,20.8
2023-11-05,SKU_12,pecas,intermittent,0.0,10.08,1,19.3
2023-11-06,SKU_12,pecas,intermittent,0.0,11.91,0,21.7
2023-11-07,SKU_12,pecas,intermittent,30.0,12.16,0,20.6
2023-11-08,SKU_12,pecas,intermittent,0.0,12.02,0,19.1
2023-11-09,SKU_12,pecas,intermittent,27.0,12.02,0,21.8
2023-11-10,SKU_12,pecas,intermittent,10.0,11.62,0,19.2
2023-11-11,SKU_12,pecas,intermittent,9.0,11.93,0,20.0
2023-11-12,SKU_12,pecas,intermittent,0.0,12.17,0,17.8
2023-11-13,SKU_12,pecas,intermittent,0.0,11.84,0,18.6
2023-11-14,SKU_12,pecas,intermittent,33.0,12.14,0,17.1
2023-11-15,SKU_12,pecas,intermittent,0.0,12.05,0,20.5
2023-11-16,SKU_12,pecas,intermittent,0.0,11.96,0,16.2
2023-11-17,SKU_12,pecas,intermittent,17.0,12.27,0,20.2
2023-11-18,SKU_12,pecas,intermittent,0.0,11.93,0,18.3
2023-11-19,SKU_12,pecas,intermittent,22.0,11.95,0,21.0
2023-11-20,SKU_12,pecas,intermittent,0.0,11.96,0,20.2
2023-11-21,SKU_12,pecas,intermittent,0.0,12.02,0,22.4
2023-11-22,SKU_12,pecas,intermittent,0.0,12.15,0,20.3
2023-11-23,SKU_12,pecas,intermittent,39.0,11.71,0,15.8
2023-11-24,SKU_12,pecas,intermittent,17.0,12.17,0,18.8
2023-11-25,SKU_12,pecas,intermittent,0.0,12.01,0,16.7
2023-11-26,SKU_12,pecas,intermittent,0.0,12.11,0,18.0
2023-11-27,SKU_12,pecas,intermittent,0.0,12.48,0,22.2
2023-11-28,SKU_12,pecas,intermittent,0.0,11.9,0,20.5
2023-11-29,SKU_12,pecas,intermittent,0.0,11.76,0,17.9
2023-11-30,SKU_12,pecas,intermittent,19.0,12.04,0,17.3
2023-12-01,SKU_12,pecas,intermittent,13.0,12.07,0,19.4
2023-12-02,SKU_12,pecas,intermittent,12.0,12.17,0,17.0
2023-12-03,SKU_12,pecas,intermittent,27.0,11.89,0,18.2
2023-12-04,SKU_12,pecas,intermittent,0.0,11.83,0,20.2
2023-12-05,SKU_12,pecas,intermittent,41.0,11.69,0,22.0
2023-12-06,SKU_12,pecas,intermittent,0.0,11.73,0,20.9
2023-12-07,SKU_12,pecas,intermittent,42.0,10.12,1,15.2
2023-12-08,SKU_12,pecas,intermittent,0.0,11.98,0,20.5
2023-12-09,SKU_12,pecas,intermittent,13.0,12.41,0,20.1
2023-12-10,SKU_12,pecas,intermittent,15.0,11.66,0,20.9
2023-12-11,SKU_12,pecas,intermittent,0.0,12.07,0,23.3
2023-12-12,SKU_12,pecas,intermittent,19.0,11.85,0,16.1
2023-12-13,SKU_12,pecas,intermittent,0.0,12.04,0,19.1
2023-12-14,SKU_12,pecas,intermittent,43.0,11.89,0,21.5
2023-12-15,SKU_12,pecas,intermittent,0.0,12.21,0,17.3
2023-12-16,SKU_12,pecas,intermittent,18.0,12.21,0,23.5
2023-12-17,SKU_12,pecas,intermittent,32.0,11.98,0,21.3
2023-12-18,SKU_12,pecas,intermittent,0.0,12.29,0,22.4
2023-12-19,SKU_12,pecas,intermittent,0.0,12.15,0,19.6
2023-12-20,SKU_12,pecas,intermittent,0.0,12.28,0,22.5
2023-12-21,SKU_12,pecas,intermittent,36.0,11.99,0,23.1
2023-12-22,SKU_12,pecas,intermittent,0.0,10.39,1,21.5
2023-12-23,SKU_12,pecas,intermittent,24.0,11.85,0,21.6
2023-12-24,SKU_12,pecas,intermittent,0.0,11.83,0,21.8
2023-12-25,SKU_12,pecas,intermittent,0.0,12.44,0,19.6
2023-12-26,SKU_12,pecas,intermittent,33.0,11.78,0,21.1
2023-12-27,SKU_12,pecas,intermittent,23.0,11.91,0,21.2
2023-12-28,SKU_12,pecas,intermittent,0.0,11.62,0,22.4
2023-12-29,SKU_12,pecas,intermittent,0.0,11.83,0,23.7
2023-12-30,SKU_12,pecas,intermittent,0.0,11.8,0,19.7
2023-12-31,SKU_12,pecas,intermittent,0.0,11.87,0,21.6
2024-01-01,SKU_12,pecas,intermittent,0.0,12.06,0,24.9
2024-01-02,SKU_12,pecas,intermittent,34.0,12.11,0,20.6
2024-01-03,SKU_12,pecas,intermittent,0.0,11.8,0,20.5
2024-01-04,SKU_12,pecas,intermittent,0.0,11.84,0,22.7
2024-01-05,SKU_12,pecas,intermittent,0.0,12.22,0,24.1
2024-01-06,SKU_12,pecas,intermittent,0.0,12.34,0,22.5
2024-01-07,SKU_12,pecas,intermittent,0.0,12.25,0,25.2
2024-01-08,SKU_12,pecas,intermittent,22.0,11.67,0,24.4
2024-01-09,SKU_12,pecas,intermittent,0.0,12.24,0,24.5
2024-01-10,SKU_12,pecas,intermittent,44.0,12.37,0,24.0
2024-01-11,SKU_12,pecas,intermittent,22.0,11.66,0,27.6
2024-01-12,SKU_12,pecas,intermittent,17.0,12.22,0,22.7
2024-01-13,SKU_12,pecas,intermittent,37.0,12.05,0,19.2
2024-01-14,SKU_12,pecas,intermittent,61.0,10.13,1,26.5
2024-01-15,SKU_12,pecas,intermittent,0.0,12.02,0,22.5
2024-01-16,SKU_12,pecas,intermittent,27.0,12.09,0,23.7
2024-01-17,SKU_12,pecas,intermittent,30.0,12.23,0,26.2
2024-01-18,SKU_12,pecas,intermittent,47.0,12.22,0,20.5
2024-01-19,SKU_12,pecas,intermittent,0.0,11.7,0,21.3
2024-01-20,SKU_12,pecas,intermittent,0.0,11.87,0,20.7
2024-01-21,SKU_12,pecas,intermittent,0.0,12.02,0,22.4
2024-01-22,SKU_12,pecas,intermittent,0.0,12.31,0,25.0
2024-01-23,SKU_12,pecas,intermittent,0.0,11.45,0,25.3
2024-01-24,SKU_12,pecas,intermittent,31.0,11.88,0,24.9
2024-01-25,SKU_12,pecas,intermittent,0.0,11.69,0,21.6
2024-01-26,SKU_12,pecas,intermittent,0.0,11.73,0,19.9
2024-01-27,SKU_12,pecas,intermittent,21.0,12.2,0,24.7
2024-01-28,SKU_12,pecas,intermittent,0.0,11.89,0,23.8
2024-01-29,SKU_12,pecas,intermittent,27.0,11.53,0,25.7
2024-01-30,SKU_12,pecas,intermittent,0.0,11.97,0,26.3
2024-01-31,SKU_12,pecas,intermittent,52.0,10.61,1,25.3
2024-02-01,SKU_12,pecas,intermittent,0.0,9.84,1,26.6
2024-02-02,SKU_12,pecas,intermittent,45.0,10.31,1,25.7
2024-02-03,SKU_12,pecas,intermittent,0.0,12.31,0,26.4
2024-02-04,SKU_12,pecas,intermittent,0.0,11.99,0,24.0
2024-02-05,SKU_12,pecas,intermittent,42.0,10.59,1,25.2
2024-02-06,SKU_12,pecas,intermittent,40.0,11.87,0,26.0
2024-02-07,SKU_12,pecas,intermittent,0.0,12.29,0,27.4
2024-02-08,SKU_12,pecas,intermittent,29.0,12.24,0,25.0
2024-02-09,SKU_12,pecas,intermittent,19.0,11.99,0,27.0
2024-02-10,SKU_12,pecas,intermittent,0.0,11.7,0,25.5
2024-02-11,SKU_12,pecas,intermittent,0.0,11.8,0,25.9
2024-02-12,SKU_12,pecas,intermittent,23.0,11.53,0,27.9
2024-02-13,SKU_12,pecas,intermittent,0.0,12.12,0,22.3
2024-02-14,SKU_12,pecas,intermittent,35.0,12.09,0,23.8
2024-02-15,SKU_12,pecas,intermittent,0.0,12.02,0,23.5
2024-02-16,SKU_12,pecas,intermittent,27.0,11.98,0,21.9
2024-02-17,SKU_12,pecas,intermittent,13.0,12.27,0,25.3
2024-02-18,SKU_12,pecas,intermittent,40.0,12.06,0,28.3
2024-02-19,SKU_12,pecas,intermittent,0.0,11.89,0,26.3
2024-02-20,SKU_12,pecas,intermittent,29.0,12.03,0,27.4
2024-02-21,SKU_12,pecas,intermittent,0.0,12.41,0,29.2
2024-02-22,SKU_12,pecas,intermittent,0.0,12.12,0,29.8
2024-02-23,SKU_12,pecas,intermittent,0.0,11.92,0,27.1
2024-02-24,SKU_12,pecas,intermittent,33.0,11.99,0,30.0
2024-02-25,SKU_12,pecas,intermittent,0.0,12.09,0,27.6
2024-02-26,SKU_12,pecas,intermittent,0.0,11.92,0,25.8
2024-02-27,SKU_12,pecas,intermittent,25.0,11.9,0,26.4
2024-02-28,SKU_12,pecas,intermittent,43.0,12.0,0,24.7
2024-02-29,SKU_12,pecas,intermittent,0.0,12.3,0,26.0
2024-03-01,SKU_12,pecas,intermittent,27.0,12.16,0,27.1
2024-03-02,SKU_12,pecas,intermittent,0.0,11.92,0,29.5
2024-03-03,SKU_12,pecas,intermittent,0.0,12.17,0,31.4
2024-03-04,SKU_12,pecas,intermittent,36.0,12.0,0,25.3
2024-03-05,SKU_12,pecas,intermittent,30.0,12.07,0,28.9
2024-03-06,SKU_12,pecas,intermittent,74.0,12.05,0,26.1
2024-03-07,SKU_12,pecas,intermittent,0.0,11.58,0,29.2
2024-03-08,SKU_12,pecas,intermittent,0.0,11.39,0,28.1
2024-03-09,SKU_12,pecas,intermittent,0.0,12.05,0,24.8
2024-03-10,SKU_12,pecas,intermittent,0.0,11.83,0,30.3
2024-03-11,SKU_12,pecas,intermittent,0.0,11.67,0,27.3
2024-03-12,SKU_12,pecas,intermittent,37.0,11.84,0,27.5
2024-03-13,SKU_12,pecas,intermittent,33.0,12.18,0,26.5
2024-03-14,SKU_12,pecas,intermittent,26.0,12.07,0,27.4
2024-03-15,SKU_12,pecas,intermittent,30.0,12.15,0,29.7
2024-03-16,SKU_12,pecas,intermittent,20.0,12.09,0,28.5
2024-03-17,SKU_12,pecas,intermittent,0.0,11.82,0,29.6
2024-03-18,SKU_12,pecas,intermittent,18.0,12.16,0,29.7
2024-03-19,SKU_12,pecas,intermittent,34.0,12.12,0,31.7
2024-03-20,SKU_12,pecas,intermittent,0.0,10.18,1,28.4
2024-03-21,SKU_12,pecas,intermittent,0.0,10.21,1,26.2
2024-03-22,SKU_12,pecas,intermittent,0.0,12.16,0,31.3
2024-03-23,SKU_12,pecas,intermittent,18.0,11.85,0,28.6
2024-03-24,SKU_12,pecas,intermittent,62.0,12.22,0,31.5
2024-03-25,SKU_12,pecas,intermittent,54.0,12.11,0,30.1
2024-03-26,SKU_12,pecas,intermittent,29.0,12.0,0,29.1
2024-03-27,SKU_12,pecas,intermittent,53.0,12.31,0,30.1
2024-03-28,SKU_12,pecas,intermittent,0.0,11.74,0,33.4
2024-03-29,SKU_12,pecas,intermittent,0.0,11.91,0,33.7
2024-03-30,SKU_12,pecas,intermittent,16.0,11.86,0,29.7
2024-03-31,SKU_12,pecas,intermittent,19.0,12.07,0,29.9
2024-04-01,SKU_12,pecas,intermittent,0.0,12.24,0,31.8
2024-04-02,SKU_12,pecas,intermittent,0.0,11.8,0,28.0
2024-04-03,SKU_12,pecas,intermittent,0.0,12.66,0,30.4
2024-04-04,SKU_12,pecas,intermittent,0.0,10.07,1,29.7
2024-04-05,SKU_12,pecas,intermittent,0.0,10.27,1,30.4
2024-04-06,SKU_12,pecas,intermittent,0.0,12.0,0,28.1
2024-04-07,SKU_12,pecas,intermittent,24.0,12.01,0,26.6
2024-04-08,SKU_12,pecas,intermittent,0.0,11.84,0,25.7
2024-04-09,SKU_12,pecas,intermittent,0.0,12.21,0,27.6
2024-04-10,SKU_12,pecas,intermittent,36.0,11.83,0,29.0
2024-04-11,SKU_12,pecas,intermittent,0.0,11.65,0,29.3
2024-04-12,SKU_12,pecas,intermittent,15.0,11.78,0,33.8
2024-04-13,SKU_12,pecas,intermittent,0.0,12.29,0,32.2
2024-04-14,SKU_12,pecas,intermittent,49.0,10.45,1,28.0
2024-04-15,SKU_12,pecas,intermittent,0.0,11.6,0,30.7
2024-04-16,SKU_12,pecas,intermittent,0.0,12.16,0,29.2
2024-04-17,SKU_12,pecas,intermittent,0.0,11.6,0,29.4
2024-04-18,SKU_12,pecas,intermittent,0.0,11.99,0,30.4
2024-04-19,SKU_12,pecas,intermittent,25.0,11.76,0,31.2
2024-04-20,SKU_12,pecas,intermittent,21.0,12.18,0,29.3
2024-04-21,SKU_12,pecas,intermittent,0.0,12.11,0,32.1
2024-04-22,SKU_12,pecas,intermittent,0.0,12.2,0,27.7
2024-04-23,SKU_12,pecas,intermittent,0.0,11.94,0,30.0
2024-04-24,SKU_12,pecas,intermittent,43.0,11.96,0,35.2
2024-04-25,SKU_12,pecas,intermittent,0.0,11.7,0,30.4
2024-04-26,SKU_12,pecas,intermittent,0.0,11.79,0,32.8
2024-04-27,SKU_12,pecas,intermittent,0.0,12.19,0,30.2
2024-04-28,SKU_12,pecas,intermittent,46.0,10.27,1,31.1
2024-04-29,SKU_12,pecas,intermittent,30.0,12.02,0,29.8
2024-04-30,SKU_12,pecas,intermittent,0.0,12.25,0,29.6
2024-05-01,SKU_12,pecas,intermittent,28.0,11.74,0,28.4
2024-05-02,SKU_12,pecas,intermittent,34.0,12.14,0,30.8
2024-05-03,SKU_12,pecas,intermittent,0.0,11.76,0,28.2
2024-05-04,SKU_12,pecas,intermittent,24.0,12.3,0,31.2
2024-05-05,SKU_12,pecas,intermittent,0.0,12.11,0,32.0
2024-05-06,SKU_12,pecas,intermittent,0.0,12.19,0,30.5
2024-05-07,SKU_12,pecas,intermittent,0.0,11.86,0,29.2
2024-05-08,SKU_12,pecas,intermittent,0.0,12.44,0,30.7
2024-05-09,SKU_12,pecas,intermittent,0.0,12.4,0,29.1
2024-05-10,SKU_12,pecas,intermittent,0.0,12.09,0,31.6
2024-05-11,SKU_12,pecas,intermittent,0.0,12.24,0,26.0
2024-05-12,SKU_12,pecas,intermittent,0.0,11.94,0,29.0
2024-05-13,SKU_12,pecas,intermittent,0.0,11.75,0,25.6
2024-05-14,SKU_12,pecas,intermittent,43.0,12.16,0,26.6
2024-05-15,SKU_12,pecas,intermittent,44.0,10.02,1,32.2
2024-05-16,SKU_12,pecas,intermittent,27.0,12.26,0,31.3
2024-05-17,SKU_12,pecas,intermittent,0.0,12.21,0,28.0
2024-05-18,SKU_12,pecas,intermittent,0.0,12.05,0,26.4
2024-05-19,SKU_12,pecas,intermittent,0.0,12.04,0,23.4
2024-05-20,SKU_12,pecas,intermittent,0.0,12.2,0,28.2
2024-05-21,SKU_12,pecas,intermittent,0.0,12.05,0,34.1
2024-05-22,SKU_12,pecas,intermittent,0.0,11.92,0,30.0
2024-05-23,SKU_12,pecas,intermittent,0.0,11.7,0,28.0
2024-05-24,SKU_12,pecas,intermittent,0.0,12.19,0,30.0
2024-05-25,SKU_12,pecas,intermittent,26.0,12.07,0,25.9
2024-05-26,SKU_12,pecas,intermittent,0.0,12.55,0,28.4
2024-05-27,SKU_12,pecas,intermittent,0.0,11.98,0,29.1
2024-05-28,SKU_12,pecas,intermittent,49.0,12.06,0,28.7
2024-05-29,SKU_12,pecas,intermittent,0.0,12.07,0,30.4
2024-05-30,SKU_12,pecas,intermittent,0.0,12.13,0,29.4
2024-05-31,SKU_12,pecas,intermittent,0.0,11.81,0,30.0
2024-06-01,SKU_12,pecas,intermittent,0.0,11.98,0,27.2
2024-06-02,SKU_12,pecas,intermittent,73.0,12.17,0,30.3
2024-06-03,SKU_12,pecas,intermittent,0.0,11.93,0,31.7
2024-06-04,SKU_12,pecas,intermittent,48.0,12.16,0,26.4
2024-06-05,SKU_12,pecas,intermittent,29.0,12.02,0,26.5
2024-06-06,SKU_12,pecas,intermittent,0.0,12.08,0,30.9
2024-06-07,SKU_12,pecas,intermittent,0.0,12.23,0,27.8
2024-06-08,SKU_12,pecas,intermittent,0.0,11.95,0,30.9
2024-06-09,SKU_12,pecas,intermittent,43.0,11.71,0,27.1
2024-06-10,SKU_12,pecas,intermittent,0.0,11.95,0,30.8
2024-06-11,SKU_12,pecas,intermittent,0.0,11.83,0,28.1
2024-06-12,SKU_12,pecas,intermittent,0.0,11.57,0,28.3
2024-06-13,SKU_12,pecas,intermittent,24.0,11.98,0,30.8
2024-06-14,SKU_12,pecas,intermittent,10.0,12.04,0,26.9
2024-06-15,SKU_12,pecas,intermittent,0.0,12.2,0,25.6
2024-06-16,SKU_12,pecas,intermittent,0.0,11.77,0,26.5
2024-06-17,SKU_12,pecas,intermittent,24.0,12.02,0,28.3
2024-06-18,SKU_12,pecas,intermittent,0.0,12.23,0,24.1
2024-06-19,SKU_12,pecas,intermittent,0.0,11.89,0,28.5
2024-06-20,SKU_12,pecas,intermittent,0.0,12.11,0,26.0
2024-06-21,SKU_12,pecas,intermittent,0.0,12.32,0,29.3
2024-06-22,SKU_12,pecas,intermittent,0.0,11.63,0,22.1
2024-06-23,SKU_12,pecas,intermittent,35.0,12.05,0,25.3
2024-06-24,SKU_12,pecas,intermittent,28.0,12.23,0,23.4
2024-06-25,SKU_12,pecas,intermittent,28.0,11.93,0,25.0
2024-06-26,SKU_12,pecas,intermittent,0.0,12.28,0,27.0
2024-06-27,SKU_12,pecas,intermittent,32.0,12.13,0,26.1
2024-06-28,SKU_12,pecas,intermittent,20.0,12.35,0,25.9
2024-06-29,SKU_12,pecas,intermittent,18.0,12.12,0,25.9
2024-06-30,SKU_12,pecas,intermittent,0.0,12.37,0,26.6
2024-07-01,SKU_12,pecas,intermittent,0.0,12.06,0,24.1
2024-07-02,SKU_12,pecas,intermittent,0.0,9.93,1,27.4
2024-07-03,SKU_12,pecas,intermittent,0.0,11.87,0,27.2
2024-07-04,SKU_12,pecas,intermittent,0.0,12.2,0,26.6
2024-07-05,SKU_12,pecas,intermittent,0.0,12.2,0,26.8
2024-07-06,SKU_12,pecas,intermittent,0.0,11.94,0,26.2
2024-07-07,SKU_12,pecas,intermittent,52.0,10.56,1,29.6
2024-07-08,SKU_12,pecas,intermittent,35.0,10.13,1,25.2
2024-07-09,SKU_12,pecas,intermittent,18.0,12.09,0,24.7
2024-07-10,SKU_12,pecas,intermittent,0.0,12.09,0,23.7
2024-07-11,SKU_12,pecas,intermittent,0.0,9.93,1,23.0
2024-07-12,SKU_12,pecas,intermittent,14.0,11.98,0,22.5
2024-07-13,SKU_12,pecas,intermittent,14.0,12.48,0,23.1
2024-07-14,SKU_12,pecas,intermittent,0.0,11.82,0,24.6
2024-07-15,SKU_12,pecas,intermittent,0.0,12.13,0,25.3
2024-07-16,SKU_12,pecas,intermittent,0.0,9.97,1,24.7
2024-07-17,SKU_12,pecas,intermittent,25.0,11.81,0,22.9
2024-07-18,SKU_12,pecas,intermittent,0.0,11.72,0,26.2
2024-07-19,SKU_12,pecas,intermittent,12.0,12.19,0,25.7
2024-07-20,SKU_12,pecas,intermittent,0.0,11.83,0,23.8
2024-07-21,SKU_12,pecas,intermittent,0.0,12.25,0,22.7
2024-07-22,SKU_12,pecas,intermittent,0.0,11.89,0,25.0
2024-07-23,SKU_12,pecas,intermittent,30.0,12.03,0,24.2
2024-07-24,SKU_12,pecas,intermittent,0.0,12.08,0,20.8
2024-07-25,SKU_12,pecas,intermittent,30.0,11.68,0,23.5
2024-07-26,SKU_12,pecas,intermittent,30.0,12.04,0,24.1
2024-07-27,SKU_12,pecas,intermittent,0.0,12.07,0,21.6
2024-07-28,SKU_12,pecas,intermittent,0.0,12.23,0,23.7
2024-07-29,SKU_12,pecas,intermittent,0.0,11.81,0,20.3
2024-07-30,SKU_12,pecas,intermittent,22.0,11.84,0,25.8
2024-07-31,SKU_12,pecas,intermittent,58.0,12.13,0,25.5
2024-08-01,SKU_12,pecas,intermittent,60.0,12.28,0,22.4
2024-08-02,SKU_12,pecas,intermittent,0.0,11.88,0,23.5
2024-08-03,SKU_12,pecas,intermittent,20.0,11.75,0,17.9
2024-08-04,SKU_12,pecas,intermittent,0.0,11.94,0,20.3
2024-08-05,SKU_12,pecas,intermittent,0.0,11.8,0,21.9
2024-08-06,SKU_12,pecas,intermittent,0.0,12.08,0,20.3
2024-08-07,SKU_12,pecas,intermittent,0.0,11.78,0,23.7
2024-08-08,SKU_12,pecas,intermittent,0.0,12.19,0,26.2
2024-08-09,SKU_12,pecas,intermittent,0.0,12.04,0,19.8
2024-08-10,SKU_12,pecas,intermittent,0.0,12.2,0,20.3
2024-08-11,SKU_12,pecas,intermittent,23.0,11.52,0,22.4
2024-08-12,SKU_12,pecas,intermittent,31.0,11.65,0,25.1
2024-08-13,SKU_12,pecas,intermittent,0.0,12.26,0,19.3
2024-08-14,SKU_12,pecas,intermittent,23.0,11.86,0,22.1
2024-08-15,SKU_12,pecas,intermittent,0.0,11.71,0,25.2
2024-08-16,SKU_12,pecas,intermittent,0.0,11.96,0,18.1
2024-08-17,SKU_12,pecas,intermittent,0.0,12.05,0,18.8
2024-08-18,SKU_12,pecas,intermittent,30.0,10.17,1,20.4
2024-08-19,SKU_12,pecas,intermittent,16.0,12.09,0,20.1
2024-08-20,SKU_12,pecas,intermittent,22.0,12.07,0,22.7
2024-08-21,SKU_12,pecas,intermittent,25.0,12.06,0,21.5
2024-08-22,SKU_12,pecas,intermittent,0.0,12.27,0,17.4
2024-08-23,SKU_12,pecas,intermittent,0.0,12.0,0,21.8
2024-08-24,SKU_12,pecas,intermittent,0.0,11.99,0,19.6
2024-08-25,SKU_12,pecas,intermittent,0.0,12.16,0,23.2
2024-08-26,SKU_12,pecas,intermittent,36.0,10.31,1,19.3
2024-08-27,SKU_12,pecas,intermittent,58.0,11.82,0,19.2
2024-08-28,SKU_12,pecas,intermittent,0.0,11.98,0,21.5
2024-08-29,SKU_12,pecas,intermittent,32.0,12.09,0,21.8
2024-08-30,SKU_12,pecas,intermittent,21.0,11.88,0,21.1
2024-08-31,SKU_12,pecas,intermittent,0.0,11.89,0,16.8
2024-09-01,SKU_12,pecas,intermittent,30.0,11.72,0,21.1
2024-09-02,SKU_12,pecas,intermittent,25.0,11.42,0,17.9
2024-09-03,SKU_12,pecas,intermittent,0.0,11.93,0,20.4
2024-09-04,SKU_12,pecas,intermittent,29.0,12.03,0,17.0
2024-09-05,SKU_12,pecas,intermittent,0.0,11.78,0,20.7
2024-09-06,SKU_12,pecas,intermittent,12.0,12.28,0,18.1
2024-09-07,SKU_12,pecas,intermittent,0.0,11.79,0,17.1
2024-09-08,SKU_12,pecas,intermittent,0.0,12.18,0,21.0
2024-09-09,SKU_12,pecas,intermittent,18.0,12.08,0,20.0
2024-09-10,SKU_12,pecas,intermittent,25.0,12.44,0,18.2
2024-09-11,SKU_12,pecas,intermittent,0.0,12.11,0,22.3
2024-09-12,SKU_12,pecas,intermittent,0.0,11.71,0,18.4
2024-09-13,SKU_12,pecas,intermittent,0.0,10.41,1,19.3
2024-09-14,SKU_12,pecas,intermittent,0.0,12.34,0,19.7
2024-09-15,SKU_12,pecas,intermittent,22.0,11.65,0,17.9
2024-09-16,SKU_12,pecas,intermittent,0.0,12.13,0,20.0
2024-09-17,SKU_12,pecas,intermittent,0.0,10.37,1,17.9
2024-09-18,SKU_12,pecas,intermittent,0.0,11.96,0,18.1
2024-09-19,SKU_12,pecas,intermittent,36.0,11.52,0,21.6
2024-09-20,SKU_12,pecas,intermittent,0.0,11.94,0,16.7
2024-09-21,SKU_12,pecas,intermittent,0.0,10.08,1,13.9
2024-09-22,SKU_12,pecas,intermittent,0.0,12.31,0,21.9
2024-09-23,SKU_12,pecas,intermittent,23.0,11.98,0,23.8
2024-09-24,SKU_12,pecas,intermittent,0.0,11.92,0,17.8
2024-09-25,SKU_12,pecas,intermittent,28.0,10.08,1,14.7
2024-09-26,SKU_12,pecas,intermittent,0.0,12.07,0,17.9
2024-09-27,SKU_12,pecas,intermittent,12.0,12.01,0,17.9
2024-09-28,SKU_12,pecas,intermittent,0.0,11.84,0,18.1
2024-09-29,SKU_12,pecas,intermittent,27.0,12.05,0,16.2
2024-09-30,SKU_12,pecas,intermittent,27.0,11.89,0,19.5
2024-10-01,SKU_12,pecas,intermittent,26.0,11.48,0,19.4
2024-10-02,SKU_12,pecas,intermittent,0.0,12.13,0,15.3
2024-10-03,SKU_12,pecas,intermittent,41.0,10.31,1,19.7
2024-10-04,SKU_12,pecas,intermittent,0.0,12.04,0,22.4
2024-10-05,SKU_12,pecas,intermittent,0.0,11.91,0,18.6
2024-10-06,SKU_12,pecas,intermittent,0.0,11.99,0,17.5
2024-10-07,SKU_12,pecas,intermittent,0.0,12.16,0,17.9
2024-10-08,SKU_12,pecas,intermittent,0.0,11.87,0,19.4
2024-10-09,SKU_12,pecas,intermittent,0.0,12.17,0,14.7
2024-10-10,SKU_12,pecas,intermittent,33.0,11.71,0,18.4
2024-10-11,SKU_12,pecas,intermittent,0.0,12.03,0,17.3
2024-10-12,SKU_12,pecas,intermittent,0.0,12.01,0,21.8
2024-10-13,SKU_12,pecas,intermittent,40.0,12.2,0,17.7
2024-10-14,SKU_12,pecas,intermittent,21.0,11.82,0,21.4
2024-10-15,SKU_12,pecas,intermittent,0.0,11.84,0,15.8
2024-10-16,SKU_12,pecas,intermittent,0.0,11.72,0,19.2
2024-10-17,SKU_12,pecas,intermittent,40.0,11.89,0,18.7
2024-10-18,SKU_12,pecas,intermittent,0.0,12.05,0,16.3
2024-10-19,SKU_12,pecas,intermittent,14.0,11.64,0,18.4
2024-10-20,SKU_12,pecas,intermittent,0.0,11.91,0,20.4
2024-10-21,SKU_12,pecas,intermittent,0.0,12.12,0,17.4
2024-10-22,SKU_12,pecas,intermittent,38.0,11.98,0,14.6
2024-10-23,SKU_12,pecas,intermittent,0.0,12.02,0,18.0
2024-10-24,SKU_12,pecas,intermittent,0.0,11.7,0,16.2
2024-10-25,SKU_12,pecas,intermittent,38.0,11.98,0,17.3
2024-10-26,SKU_12,pecas,intermittent,18.0,12.01,0,17.9
2024-10-27,SKU_12,pecas,intermittent,0.0,11.97,0,14.6
2024-10-28,SKU_12,pecas,intermittent,0.0,12.03,0,14.8
2024-10-29,SKU_12,pecas,intermittent,0.0,10.14,1,19.0
2024-10-30,SKU_12,pecas,intermittent,0.0,11.91,0,17.0
2024-10-31,SKU_12,pecas,intermittent,0.0,11.79,0,13.0
2024-11-01,SKU_12,pecas,intermittent,0.0,12.19,0,19.7
2024-11-02,SKU_12,pecas,intermittent,0.0,11.75,0,18.7
2024-11-03,SKU_12,pecas,intermittent,38.0,10.23,1,16.7
2024-11-04,SKU_12,pecas,intermittent,0.0,12.36,0,15.5
2024-11-05,SKU_12,pecas,intermittent,0.0,12.22,0,19.9
2024-11-06,SKU_12,pecas,intermittent,0.0,12.1,0,18.9
2024-11-07,SKU_12,pecas,intermittent,0.0,12.05,0,23.0
2024-11-08,SKU_12,pecas,intermittent,0.0,11.97,0,19.1
2024-11-09,SKU_12,pecas,intermittent,28.0,11.82,0,19.1
2024-11-10,SKU_12,pecas,intermittent,0.0,11.95,0,18.0
2024-11-11,SKU_12,pecas,intermittent,32.0,12.11,0,20.0
2024-11-12,SKU_12,pecas,intermittent,0.0,10.28,1,19.7
2024-11-13,SKU_12,pecas,intermittent,0.0,12.16,0,21.0
2024-11-14,SKU_12,pecas,intermittent,0.0,10.44,1,17.5
2024-11-15,SKU_12,pecas,intermittent,0.0,11.97,0,17.7
2024-11-16,SKU_12,pecas,intermittent,22.0,12.04,0,17.6
2024-11-17,SKU_12,pecas,intermittent,0.0,11.62,0,20.2
2024-11-18,SKU_12,pecas,intermittent,21.0,12.45,0,21.7
2024-11-19,SKU_12,pecas,intermittent,0.0,11.92,0,17.8
2024-11-20,SKU_12,pecas,intermittent,22.0,12.13,0,17.9
2024-11-21,SKU_12,pecas,intermittent,0.0,11.92,0,19.5
2024-11-22,SKU_12,pecas,intermittent,0.0,11.91,0,18.4
2024-11-23,SKU_12,pecas,intermittent,0.0,11.95,0,20.9
2024-11-24,SKU_12,pecas,intermittent,0.0,11.75,0,14.5
2024-11-25,SKU_12,pecas,intermittent,29.0,11.5,0,17.4
2024-11-26,SKU_12,pecas,intermittent,0.0,12.23,0,17.6
2024-11-27,SKU_12,pecas,intermittent,0.0,12.11,0,14.6
2024-11-28,SKU_12,pecas,intermittent,0.0,11.82,0,17.3
2024-11-29,SKU_12,pecas,intermittent,13.0,12.09,0,17.5
2024-11-30,SKU_12,pecas,intermittent,0.0,12.16,0,19.0
2024-12-01,SKU_12,pecas,intermittent,25.0,11.86,0,21.7
2024-12-02,SKU_12,pecas,intermittent,32.0,12.08,0,19.0
2024-12-03,SKU_12,pecas,intermittent,21.0,12.2,0,17.5
2024-12-04,SKU_12,pecas,intermittent,0.0,11.71,0,19.5
2024-12-05,SKU_12,pecas,intermittent,32.0,12.11,0,21.8
2024-12-06,SKU_12,pecas,intermittent,0.0,12.07,0,17.9
2024-12-07,SKU_12,pecas,intermittent,24.0,12.38,0,18.1
2024-12-08,SKU_12,pecas,intermittent,22.0,12.11,0,21.1
2024-12-09,SKU_12,pecas,intermittent,0.0,11.92,0,19.6
2024-12-10,SKU_12,pecas,intermittent,34.0,11.94,0,21.4
2024-12-11,SKU_12,pecas,intermittent,19.0,12.4,0,20.2
2024-12-12,SKU_12,pecas,intermittent,20.0,11.93,0,21.7
2024-12-13,SKU_12,pecas,intermittent,15.0,12.12,0,18.3
2024-12-14,SKU_12,pecas,intermittent,0.0,11.95,0,20.4
2024-12-15,SKU_12,pecas,intermittent,0.0,12.22,0,20.1
2024-12-16,SKU_12,pecas,intermittent,0.0,12.23,0,18.2
2024-12-17,SKU_12,pecas,intermittent,41.0,12.0,0,17.6
2024-12-18,SKU_12,pecas,intermittent,56.0,11.92,0,22.1
2024-12-19,SKU_12,pecas,intermittent,0.0,11.91,0,20.2
2024-12-20,SKU_12,pecas,intermittent,20.0,11.65,0,18.9
2024-12-21,SKU_12,pecas,intermittent,19.0,12.02,0,20.8
2024-12-22,SKU_12,pecas,intermittent,52.0,10.22,1,23.4
2024-12-23,SKU_12,pecas,intermittent,0.0,11.84,0,16.7
2024-12-24,SKU_12,pecas,intermittent,0.0,11.63,0,18.3
2024-12-25,SKU_12,pecas,intermittent,44.0,12.04,0,19.6
2024-12-26,SKU_12,pecas,intermittent,57.0,10.27,1,24.4
2024-12-27,SKU_12,pecas,intermittent,0.0,12.08,0,22.2
2024-12-28,SKU_12,pecas,intermittent,20.0,11.8,0,23.2
2024-12-29,SKU_12,pecas,intermittent,0.0,12.08,0,19.5
2024-12-30,SKU_12,pecas,intermittent,0.0,11.96,0,19.6
2023-01-01,SKU_13,pecas,intermittent,34.0,13.84,0,22.6
2023-01-02,SKU_13,pecas,intermittent,0.0,14.03,0,20.0
2023-01-03,SKU_13,pecas,intermittent,0.0,11.82,1,23.7
2023-01-04,SKU_13,pecas,intermittent,41.0,14.2,0,24.2
2023-01-05,SKU_13,pecas,intermittent,0.0,14.2,0,18.5
2023-01-06,SKU_13,pecas,intermittent,26.0,11.84,1,19.9
2023-01-07,SKU_13,pecas,intermittent,0.0,13.66,0,22.8
2023-01-08,SKU_13,pecas,intermittent,29.0,11.64,1,22.0
2023-01-09,SKU_13,pecas,intermittent,23.0,13.99,0,22.7
2023-01-10,SKU_13,pecas,intermittent,0.0,13.69,0,21.2
2023-01-11,SKU_13,pecas,intermittent,0.0,13.93,0,24.7
2023-01-12,SKU_13,pecas,intermittent,0.0,14.28,0,24.6
2023-01-13,SKU_13,pecas,intermittent,26.0,14.07,0,23.3
2023-01-14,SKU_13,pecas,intermittent,15.0,14.01,0,25.5
2023-01-15,SKU_13,pecas,intermittent,0.0,11.69,1,24.3
2023-01-16,SKU_13,pecas,intermittent,39.0,14.04,0,21.8
2023-01-17,SKU_13,pecas,intermittent,0.0,13.95,0,24.3
2023-01-18,SKU_13,pecas,intermittent,31.0,14.05,0,21.8
2023-01-19,SKU_13,pecas,intermittent,39.0,14.15,0,25.6
2023-01-20,SKU_13,pecas,intermittent,13.0,14.18,0,23.8
2023-01-21,SKU_13,pecas,intermittent,14.0,14.03,0,23.6
2023-01-22,SKU_13,pecas,intermittent,0.0,14.1,0,22.7
2023-01-23,SKU_13,pecas,intermittent,24.0,13.9,0,26.7
2023-01-24,SKU_13,pecas,intermittent,0.0,14.23,0,24.0
2023-01-25,SKU_13,pecas,intermittent,30.0,13.82,0,23.6
2023-01-26,SKU_13,pecas,intermittent,47.0,13.96,0,23.8
2023-01-27,SKU_13,pecas,intermittent,31.0,14.25,0,25.7
2023-01-28,SKU_13,pecas,intermittent,16.0,13.9,0,25.5
2023-01-29,SKU_13,pecas,intermittent,23.0,13.73,0,25.6
2023-01-30,SKU_13,pecas,intermittent,40.0,13.92,0,25.8
2023-01-31,SKU_13,pecas,intermittent,41.0,14.28,0,29.3
2023-02-01,SKU_13,pecas,intermittent,33.0,13.55,0,24.3
2023-02-02,SKU_13,pecas,intermittent,35.0,14.02,0,24.2
2023-02-03,SKU_13,pecas,intermittent,29.0,11.77,1,23.7
2023-02-04,SKU_13,pecas,intermittent,19.0,11.87,1,26.7
2023-02-05,SKU_13,pecas,intermittent,20.0,13.93,0,27.8
2023-02-06,SKU_13,pecas,intermittent,42.0,12.09,1,25.4
2023-02-07,SKU_13,pecas,intermittent,0.0,14.01,0,24.1
2023-02-08,SKU_13,pecas,intermittent,32.0,14.2,0,24.2
2023-02-09,SKU_13,pecas,intermittent,0.0,14.26,0,27.2
2023-02-10,SKU_13,pecas,intermittent,11.0,14.01,0,27.5
2023-02-11,SKU_13,pecas,intermittent,9.0,13.93,0,27.2
2023-02-12,SKU_13,pecas,intermittent,0.0,14.08,0,24.9
2023-02-13,SKU_13,pecas,intermittent,24.0,14.11,0,26.8
2023-02-14,SKU_13,pecas,intermittent,28.0,13.77,0,26.6
2023-02-15,SKU_13,pecas,intermittent,0.0,14.05,0,26.9
2023-02-16,SKU_13,pecas,intermittent,0.0,13.95,0,28.3
2023-02-17,SKU_13,pecas,intermittent,0.0,13.92,0,27.1
2023-02-18,SKU_13,pecas,intermittent,24.0,13.86,0,28.1
2023-02-19,SKU_13,pecas,intermittent,28.0,13.87,0,27.0
2023-02-20,SKU_13,pecas,intermittent,52.0,12.15,1,27.5
2023-02-21,SKU_13,pecas,intermittent,0.0,11.83,1,28.3
2023-02-22,SKU_13,pecas,intermittent,33.0,14.23,0,24.2
2023-02-23,SKU_13,pecas,intermittent,0.0,14.03,0,26.6
2023-02-24,SKU_13,pecas,intermittent,0.0,13.77,0,26.4
2023-02-25,SKU_13,pecas,intermittent,0.0,14.04,0,26.1
2023-02-26,SKU_13,pecas,intermittent,39.0,13.76,0,26.9
2023-02-27,SKU_13,pecas,intermittent,0.0,14.12,0,30.6
2023-02-28,SKU_13,pecas,intermittent,0.0,13.96,0,25.9
2023-03-01,SKU_13,pecas,intermittent,0.0,14.17,0,29.7
2023-03-02,SKU_13,pecas,intermittent,0.0,12.19,1,24.4
2023-03-03,SKU_13,pecas,intermittent,0.0,13.65,0,27.2
2023-03-04,SKU_13,pecas,intermittent,0.0,13.91,0,28.3
2023-03-05,SKU_13,pecas,intermittent,27.0,13.76,0,29.2
2023-03-06,SKU_13,pecas,intermittent,0.0,14.43,0,29.5
2023-03-07,SKU_13,pecas,intermittent,0.0,11.81,1,29.8
2023-03-08,SKU_13,pecas,intermittent,0.0,13.74,0,27.6
2023-03-09,SKU_13,pecas,intermittent,0.0,14.45,0,27.4
2023-03-10,SKU_13,pecas,intermittent,23.0,13.85,0,30.1
2023-03-11,SKU_13,pecas,intermittent,0.0,13.68,0,28.1
2023-03-12,SKU_13,pecas,intermittent,0.0,13.77,0,26.0
2023-03-13,SKU_13,pecas,intermittent,16.0,14.03,0,26.3
2023-03-14,SKU_13,pecas,intermittent,0.0,14.01,0,26.8
2023-03-15,SKU_13,pecas,intermittent,0.0,13.83,0,29.7
2023-03-16,SKU_13,pecas,intermittent,34.0,13.9,0,29.1
2023-03-17,SKU_13,pecas,intermittent,18.0,14.01,0,30.3
2023-03-18,SKU_13,pecas,intermittent,0.0,14.26,0,28.1
2023-03-19,SKU_13,pecas,intermittent,0.0,14.07,0,29.3
2023-03-20,SKU_13,pecas,intermittent,33.0,13.89,0,30.3
2023-03-21,SKU_13,pecas,intermittent,0.0,13.95,0,28.5
2023-03-22,SKU_13,pecas,intermittent,0.0,12.05,1,30.1
2023-03-23,SKU_13,pecas,intermittent,40.0,14.34,0,27.9
2023-03-24,SKU_13,pecas,intermittent,17.0,13.78,0,28.5
2023-03-25,SKU_13,pecas,intermittent,21.0,14.22,0,28.5
2023-03-26,SKU_13,pecas,intermittent,18.0,13.94,0,27.0
2023-03-27,SKU_13,pecas,intermittent,17.0,13.68,0,30.4
2023-03-28,SKU_13,pecas,intermittent,34.0,13.64,0,28.5
2023-03-29,SKU_13,pecas,intermittent,0.0,14.27,0,29.5
2023-03-30,SKU_13,pecas,intermittent,0.0,14.29,0,30.5
2023-03-31,SKU_13,pecas,intermittent,0.0,13.89,0,30.5
2023-04-01,SKU_13,pecas,intermittent,0.0,13.96,0,30.9
2023-04-02,SKU_13,pecas,intermittent,0.0,13.64,0,29.4
2023-04-03,SKU_13,pecas,intermittent,0.0,14.15,0,28.8
2023-04-04,SKU_13,pecas,intermittent,36.0,13.99,0,29.5
2023-04-05,SKU_13,pecas,intermittent,0.0,13.69,0,26.4
2023-04-06,SKU_13,pecas,intermittent,0.0,14.04,0,26.9
2023-04-07,SKU_13,pecas,intermittent,0.0,13.72,0,27.1
2023-04-08,SKU_13,pecas,intermittent,19.0,14.11,0,27.8
2023-04-09,SKU_13,pecas,intermittent,0.0,13.78,0,30.6
2023-04-10,SKU_13,pecas,intermittent,0.0,14.07,0,28.1
2023-04-11,SKU_13,pecas,intermittent,30.0,13.87,0,29.1
2023-04-12,SKU_13,pecas,intermittent,30.0,13.53,0,32.5
2023-04-13,SKU_13,pecas,intermittent,0.0,14.2,0,29.2
2023-04-14,SKU_13,pecas,intermittent,15.0,14.21,0,31.4
2023-04-15,SKU_13,pecas,intermittent,14.0,13.9,0,28.1
2023-04-16,SKU_13,pecas,intermittent,27.0,14.05,0,29.6
2023-04-17,SKU_13,pecas,intermittent,0.0,14.09,0,28.1
2023-04-18,SKU_13,pecas,intermittent,0.0,14.09,0,29.3
2023-04-19,SKU_13,pecas,intermittent,0.0,14.35,0,31.7
2023-04-20,SKU_13,pecas,intermittent,0.0,14.08,0,26.5
2023-04-21,SKU_13,pecas,intermittent,0.0,13.93,0,30.9
2023-04-22,SKU_13,pecas,intermittent,0.0,11.99,1,30.5
2023-04-23,SKU_13,pecas,intermittent,0.0,13.91,0,28.8
2023-04-24,SKU_13,pecas,intermittent,0.0,13.79,0,27.1
2023-04-25,SKU_13,pecas,intermittent,50.0,14.24,0,30.1
2023-04-26,SKU_13,pecas,intermittent,0.0,14.11,0,28.9
2023-04-27,SKU_13,pecas,intermittent,24.0,13.63,0,30.4
2023-04-28,SKU_13,pecas,intermittent,0.0,13.86,0,30.0
2023-04-29,SKU_13,pecas,intermittent,16.0,14.15,0,33.2
2023-04-30,SKU_13,pecas,intermittent,18.0,13.69,0,29.5
2023-05-01,SKU_13,pecas,intermittent,34.0,13.85,0,27.9
2023-05-02,SKU_13,pecas,intermittent,40.0,14.53,0,30.3
2023-05-03,SKU_13,pecas,intermittent,0.0,13.93,0,30.3
2023-05-04,SKU_13,pecas,intermittent,0.0,14.22,0,32.6
2023-05-05,SKU_13,pecas,intermittent,24.0,14.3,0,31.5
2023-05-06,SKU_13,pecas,intermittent,0.0,13.82,0,30.5
2023-05-07,SKU_13,pecas,intermittent,0.0,14.05,0,32.7
2023-05-08,SKU_13,pecas,intermittent,25.0,14.41,0,27.4
2023-05-09,SKU_13,pecas,intermittent,26.0,14.09,0,28.5
2023-05-10,SKU_13,pecas,intermittent,26.0,14.47,0,27.9
2023-05-11,SKU_13,pecas,intermittent,0.0,13.87,0,28.9
2023-05-12,SKU_13,pecas,intermittent,0.0,14.36,0,26.9
2023-05-13,SKU_13,pecas,intermittent,17.0,14.0,0,30.9
2023-05-14,SKU_13,pecas,intermittent,0.0,13.93,0,29.1
2023-05-15,SKU_13,pecas,intermittent,0.0,14.13,0,26.6
2023-05-16,SKU_13,pecas,intermittent,32.0,13.98,0,27.5
2023-05-17,SKU_13,pecas,intermittent,0.0,13.98,0,30.1
2023-05-18,SKU_13,pecas,intermittent,38.0,14.1,0,31.1
2023-05-19,SKU_13,pecas,intermittent,22.0,13.64,0,33.4
2023-05-20,SKU_13,pecas,intermittent,18.0,13.84,0,35.2
2023-05-21,SKU_13,pecas,intermittent,25.0,14.14,0,30.1
2023-05-22,SKU_13,pecas,intermittent,0.0,14.2,0,27.3
2023-05-23,SKU_13,pecas,intermittent,0.0,11.97,1,24.9
2023-05-24,SKU_13,pecas,intermittent,31.0,14.06,0,29.7
2023-05-25,SKU_13,pecas,intermittent,0.0,14.08,0,27.4
2023-05-26,SKU_13,pecas,intermittent,39.0,14.19,0,28.2
2023-05-27,SKU_13,pecas,intermittent,13.0,13.71,0,27.7
2023-05-28,SKU_13,pecas,intermittent,0.0,13.9,0,28.6
2023-05-29,SKU_13,pecas,intermittent,0.0,13.99,0,31.0
2023-05-30,SKU_13,pecas,intermittent,0.0,14.04,0,29.1
2023-05-31,SKU_13,pecas,intermittent,24.0,13.58,0,28.4
2023-06-01,SKU_13,pecas,intermittent,21.0,13.75,0,26.6
2023-06-02,SKU_13,pecas,intermittent,0.0,14.0,0,25.2
2023-06-03,SKU_13,pecas,intermittent,0.0,14.2,0,27.5
2023-06-04,SKU_13,pecas,intermittent,0.0,13.92,0,28.3
2023-06-05,SKU_13,pecas,intermittent,0.0,13.87,0,31.9
2023-06-06,SKU_13,pecas,intermittent,59.0,12.01,1,28.6
2023-06-07,SKU_13,pecas,intermittent,0.0,13.93,0,30.2
2023-06-08,SKU_13,pecas,intermittent,0.0,14.18,0,27.2
2023-06-09,SKU_13,pecas,intermittent,0.0,13.96,0,25.7
2023-06-10,SKU_13,pecas,intermittent,28.0,13.78,0,26.1
2023-06-11,SKU_13,pecas,intermittent,0.0,14.28,0,26.5
2023-06-12,SKU_13,pecas,intermittent,0.0,14.25,0,32.1
2023-06-13,SKU_13,pecas,intermittent,35.0,13.81,0,26.1
2023-06-14,SKU_13,pecas,intermittent,30.0,14.08,0,29.4
2023-06-15,SKU_13,pecas,intermittent,0.0,13.93,0,25.8
2023-06-16,SKU_13,pecas,intermittent,0.0,14.12,0,29.4
2023-06-17,SKU_13,pecas,intermittent,0.0,13.82,0,28.2
2023-06-18,SKU_13,pecas,intermittent,0.0,14.17,0,27.0
2023-06-19,SKU_13,pecas,intermittent,26.0,14.24,0,27.2
2023-06-20,SKU_13,pecas,intermittent,35.0,13.81,0,25.9
2023-06-21,SKU_13,pecas,intermittent,0.0,14.01,0,28.0
2023-06-22,SKU_13,pecas,intermittent,21.0,14.24,0,26.1
2023-06-23,SKU_13,pecas,intermittent,9.0,13.8,0,24.5
2023-06-24,SKU_13,pecas,intermittent,0.0,13.87,0,24.3
2023-06-25,SKU_13,pecas,intermittent,27.0,14.13,0,27.1
2023-06-26,SKU_13,pecas,intermittent,45.0,13.97,0,29.8
2023-06-27,SKU_13,pecas,intermittent,36.0,13.68,0,26.9
2023-06-28,SKU_13,pecas,intermittent,23.0,13.94,0,26.2
2023-06-29,SKU_13,pecas,intermittent,14.0,14.35,0,26.9
2023-06-30,SKU_13,pecas,intermittent,15.0,14.41,0,28.9
2023-07-01,SKU_13,pecas,intermittent,0.0,13.87,0,26.6
2023-07-02,SKU_13,pecas,intermittent,0.0,13.82,0,25.3
2023-07-03,SKU_13,pecas,intermittent,0.0,13.91,0,28.2
2023-07-04,SKU_13,pecas,intermittent,30.0,14.36,0,26.7
2023-07-05,SKU_13,pecas,intermittent,30.0,14.17,0,28.9
2023-07-06,SKU_13,pecas,intermittent,0.0,14.29,0,26.0
2023-07-07,SKU_13,pecas,intermittent,0.0,14.2,0,23.1
2023-07-08,SKU_13,pecas,intermittent,0.0,13.74,0,22.7
2023-07-09,SKU_13,pecas,intermittent,30.0,13.81,0,28.7
2023-07-10,SKU_13,pecas,intermittent,0.0,13.86,0,28.7
2023-07-11,SKU_13,pecas,intermittent,0.0,13.9,0,24.8
2023-07-12,SKU_13,pecas,intermittent,11.0,13.86,0,24.3
2023-07-13,SKU_13,pecas,intermittent,0.0,13.89,0,27.9
2023-07-14,SKU_13,pecas,intermittent,15.0,14.13,0,22.7
2023-07-15,SKU_13,pecas,intermittent,0.0,14.03,0,23.0
2023-07-16,SKU_13,pecas,intermittent,18.0,14.24,0,26.0
2023-07-17,SKU_13,pecas,intermittent,0.0,14.05,0,23.8
2023-07-18,SKU_13,pecas,intermittent,0.0,13.86,0,24.5
2023-07-19,SKU_13,pecas,intermittent,28.0,14.04,0,24.0
2023-07-20,SKU_13,pecas,intermittent,0.0,13.7,0,24.9
2023-07-21,SKU_13,pecas,intermittent,10.0,13.54,0,27.0
2023-07-22,SKU_13,pecas,intermittent,0.0,14.13,0,24.2
2023-07-23,SKU_13,pecas,intermittent,0.0,14.2,0,25.2
2023-07-24,SKU_13,pecas,intermittent,0.0,14.01,0,19.7
2023-07-25,SKU_13,pecas,intermittent,0.0,13.92,0,23.6
2023-07-26,SKU_13,pecas,intermittent,0.0,13.73,0,22.0
2023-07-27,SKU_13,pecas,intermittent,24.0,14.23,0,21.1
2023-07-28,SKU_13,pecas,intermittent,0.0,14.1,0,21.7
2023-07-29,SKU_13,pecas,intermittent,0.0,14.06,0,22.7
2023-07-30,SKU_13,pecas,intermittent,0.0,14.0,0,25.1
2023-07-31,SKU_13,pecas,intermittent,0.0,11.81,1,20.5
2023-08-01,SKU_13,pecas,intermittent,0.0,13.78,0,23.1
2023-08-02,SKU_13,pecas,intermittent,33.0,14.05,0,22.0
2023-08-03,SKU_13,pecas,intermittent,25.0,13.89,0,22.2
2023-08-04,SKU_13,pecas,intermittent,0.0,13.92,0,24.7
2023-08-05,SKU_13,pecas,intermittent,0.0,14.34,0,23.7
2023-08-06,SKU_13,pecas,intermittent,0.0,13.99,0,25.2
2023-08-07,SKU_13,pecas,intermittent,0.0,13.51,0,22.1
2023-08-08,SKU_13,pecas,intermittent,21.0,13.89,0,20.9
2023-08-09,SKU_13,pecas,intermittent,23.0,13.8,0,21.8
2023-08-10,SKU_13,pecas,intermittent,36.0,13.97,0,22.6
2023-08-11,SKU_13,pecas,intermittent,7.0,13.72,0,22.4
2023-08-12,SKU_13,pecas,intermittent,0.0,14.09,0,19.8
2023-08-13,SKU_13,pecas,intermittent,0.0,13.94,0,22.0
2023-08-14,SKU_13,pecas,intermittent,0.0,13.9,0,22.2
2023-08-15,SKU_13,pecas,intermittent,27.0,14.03,0,26.7
2023-08-16,SKU_13,pecas,intermittent,0.0,11.88,1,25.3
2023-08-17,SKU_13,pecas,intermittent,0.0,13.97,0,19.7
2023-08-18,SKU_13,pecas,intermittent,19.0,13.96,0,20.8
2023-08-19,SKU_13,pecas,intermittent,0.0,14.0,0,18.3
2023-08-20,SKU_13,pecas,intermittent,0.0,14.07,0,20.0
2023-08-21,SKU_13,pecas,intermittent,26.0,14.04,0,21.7
2023-08-22,SKU_13,pecas,intermittent,0.0,14.23,0,23.4
2023-08-23,SKU_13,pecas,intermittent,50.0,13.89,0,19.4
2023-08-24,SKU_13,pecas,intermittent,30.0,14.05,0,19.5
2023-08-25,SKU_13,pecas,intermittent,19.0,14.49,0,16.4
2023-08-26,SKU_13,pecas,intermittent,23.0,11.89,1,20.3
2023-08-27,SKU_13,pecas,intermittent,0.0,14.0,0,18.4
2023-08-28,SKU_13,pecas,intermittent,16.0,13.75,0,19.4
2023-08-29,SKU_13,pecas,intermittent,0.0,11.76,1,18.6
2023-08-30,SKU_13,pecas,intermittent,0.0,13.98,0,20.1
2023-08-31,SKU_13,pecas,intermittent,0.0,14.11,0,16.7
2023-09-01,SKU_13,pecas,intermittent,7.0,14.13,0,17.2
2023-09-02,SKU_13,pecas,intermittent,15.0,14.07,0,24.3
2023-09-03,SKU_13,pecas,intermittent,24.0,14.16,0,17.4
2023-09-04,SKU_13,pecas,intermittent,31.0,13.8,0,17.7
2023-09-05,SKU_13,pecas,intermittent,28.0,14.1,0,23.5
2023-09-06,SKU_13,pecas,intermittent,0.0,14.0,0,25.6
2023-09-07,SKU_13,pecas,intermittent,0.0,14.02,0,17.4
2023-09-08,SKU_13,pecas,intermittent,12.0,13.93,0,18.9
2023-09-09,SKU_13,pecas,intermittent,18.0,13.81,0,20.2
2023-09-10,SKU_13,pecas,intermittent,0.0,13.76,0,22.9
2023-09-11,SKU_13,pecas,intermittent,0.0,14.06,0,17.4
2023-09-12,SKU_13,pecas,intermittent,0.0,14.1,0,18.9
2023-09-13,SKU_13,pecas,intermittent,0.0,13.97,0,20.8
2023-09-14,SKU_13,pecas,intermittent,0.0,14.0,0,20.1
2023-09-15,SKU_13,pecas,intermittent,17.0,13.86,0,18.4
2023-09-16,SKU_13,pecas,intermittent,0.0,12.0,1,18.8
2023-09-17,SKU_13,pecas,intermittent,37.0,14.01,0,16.3
2023-09-18,SKU_13,pecas,intermittent,0.0,13.93,0,18.5
2023-09-19,SKU_13,pecas,intermittent,25.0,14.17,0,18.4
2023-09-20,SKU_13,pecas,intermittent,0.0,14.13,0,19.3
2023-09-21,SKU_13,pecas,intermittent,0.0,13.69,0,17.7
2023-09-22,SKU_13,pecas,intermittent,0.0,14.01,0,19.7
2023-09-23,SKU_13,pecas,intermittent,12.0,13.81,0,20.7
2023-09-24,SKU_13,pecas,intermittent,0.0,14.03,0,19.0
2023-09-25,SKU_13,pecas,intermittent,0.0,13.37,0,19.3
2023-09-26,SKU_13,pecas,intermittent,0.0,14.04,0,18.7
2023-09-27,SKU_13,pecas,intermittent,0.0,14.14,0,18.5
2023-09-28,SKU_13,pecas,intermittent,0.0,13.98,0,17.1
2023-09-29,SKU_13,pecas,intermittent,0.0,13.77,0,19.1
2023-09-30,SKU_13,pecas,intermittent,25.0,14.39,0,18.2
2023-10-01,SKU_13,pecas,intermittent,0.0,14.23,0,22.6
2023-10-02,SKU_13,pecas,intermittent,25.0,13.89,0,21.5
2023-10-03,SKU_13,pecas,intermittent,0.0,13.95,0,19.1
2023-10-04,SKU_13,pecas,intermittent,30.0,13.6,0,16.8
2023-10-05,SKU_13,pecas,intermittent,0.0,14.09,0,16.0
2023-10-06,SKU_13,pecas,intermittent,30.0,13.73,0,20.6
2023-10-07,SKU_13,pecas,intermittent,0.0,14.13,0,18.7
2023-10-08,SKU_13,pecas,intermittent,28.0,14.21,0,19.1
2023-10-09,SKU_13,pecas,intermittent,0.0,13.99,0,14.7
2023-10-10,SKU_13,pecas,intermittent,33.0,13.79,0,20.0
2023-10-11,SKU_13,pecas,intermittent,0.0,14.25,0,19.0
2023-10-12,SKU_13,pecas,intermittent,28.0,11.9,1,15.9
2023-10-13,SKU_13,pecas,intermittent,0.0,14.02,0,17.1
2023-10-14,SKU_13,pecas,intermittent,16.0,13.81,0,18.6
2023-10-15,SKU_13,pecas,intermittent,0.0,14.04,0,18.1
2023-10-16,SKU_13,pecas,intermittent,27.0,13.96,0,17.4
2023-10-17,SKU_13,pecas,intermittent,27.0,13.73,0,17.8
2023-10-18,SKU_13,pecas,intermittent,44.0,14.27,0,17.5
2023-10-19,SKU_13,pecas,intermittent,0.0,14.35,0,18.3
2023-10-20,SKU_13,pecas,intermittent,12.0,14.2,0,20.9
2023-10-21,SKU_13,pecas,intermittent,0.0,14.17,0,12.9
2023-10-22,SKU_13,pecas,intermittent,25.0,14.35,0,17.5
2023-10-23,SKU_13,pecas,intermittent,0.0,13.79,0,18.4
2023-10-24,SKU_13,pecas,intermittent,21.0,13.79,0,18.6
2023-10-25,SKU_13,pecas,intermittent,24.0,13.92,0,17.3
2023-10-26,SKU_13,pecas,intermittent,0.0,14.06,0,14.5
2023-10-27,SKU_13,pecas,intermittent,0.0,13.94,0,18.7
2023-10-28,SKU_13,pecas,intermittent,0.0,13.8,0,21.5
2023-10-29,SKU_13,pecas,intermittent,0.0,14.0,0,15.0
2023-10-30,SKU_13,pecas,intermittent,16.0,13.98,0,19.8
2023-10-31,SKU_13,pecas,intermittent,0.0,14.17,0,17.4
2023-11-01,SKU_13,pecas,intermittent,0.0,14.01,0,18.0
2023-11-02,SKU_13,pecas,intermittent,0.0,13.62,0,16.0
2023-11-03,SKU_13,pecas,intermittent,0.0,14.08,0,17.5
2023-11-04,SKU_13,pecas,intermittent,19.0,14.32,0,20.8
2023-11-05,SKU_13,pecas,intermittent,0.0,11.91,1,19.3
2023-11-06,SKU_13,pecas,intermittent,0.0,14.2,0,21.7
2023-11-07,SKU_13,pecas,intermittent,24.0,13.9,0,20.6
2023-11-08,SKU_13,pecas,intermittent,18.0,14.11,0,19.1
2023-11-09,SKU_13,pecas,intermittent,0.0,13.85,0,21.8
2023-11-10,SKU_13,pecas,intermittent,20.0,13.95,0,19.2
2023-11-11,SKU_13,pecas,intermittent,9.0,13.95,0,20.0
2023-11-12,SKU_13,pecas,intermittent,0.0,14.1,0,17.8
2023-11-13,SKU_13,pecas,intermittent,0.0,13.84,0,18.6
2023-11-14,SKU_13,pecas,intermittent,0.0,13.71,0,17.1
2023-11-15,SKU_13,pecas,intermittent,0.0,14.09,0,20.5
2023-11-16,SKU_13,pecas,intermittent,48.0,14.09,0,16.2
2023-11-17,SKU_13,pecas,intermittent,14.0,14.02,0,20.2
2023-11-18,SKU_13,pecas,intermittent,15.0,14.19,0,18.3
2023-11-19,SKU_13,pecas,intermittent,24.0,13.96,0,21.0
2023-11-20,SKU_13,pecas,intermittent,0.0,14.06,0,20.2
2023-11-21,SKU_13,pecas,intermittent,20.0,13.93,0,22.4
2023-11-22,SKU_13,pecas,intermittent,31.0,13.95,0,20.3
2023-11-23,SKU_13,pecas,intermittent,0.0,14.07,0,15.8
2023-11-24,SKU_13,pecas,intermittent,0.0,14.45,0,18.8
2023-11-25,SKU_13,pecas,intermittent,0.0,14.15,0,16.7
2023-11-26,SKU_13,pecas,intermittent,0.0,14.11,0,18.0
2023-11-27,SKU_13,pecas,intermittent,0.0,14.15,0,22.2
2023-11-28,SKU_13,pecas,intermittent,0.0,13.53,0,20.5
2023-11-29,SKU_13,pecas,intermittent,0.0,14.06,0,17.9
2023-11-30,SKU_13,pecas,intermittent,0.0,14.18,0,17.3
2023-12-01,SKU_13,pecas,intermittent,0.0,14.02,0,19.4
2023-12-02,SKU_13,pecas,intermittent,24.0,13.99,0,17.0
2023-12-03,SKU_13,pecas,intermittent,0.0,13.81,0,18.2
2023-12-04,SKU_13,pecas,intermittent,39.0,13.91,0,20.2
2023-12-05,SKU_13,pecas,intermittent,16.0,13.83,0,22.0
2023-12-06,SKU_13,pecas,intermittent,0.0,14.2,0,20.9
2023-12-07,SKU_13,pecas,intermittent,68.0,12.2,1,15.2
2023-12-08,SKU_13,pecas,intermittent,0.0,14.39,0,20.5
2023-12-09,SKU_13,pecas,intermittent,0.0,13.83,0,20.1
2023-12-10,SKU_13,pecas,intermittent,29.0,13.87,0,20.9
2023-12-11,SKU_13,pecas,intermittent,0.0,13.85,0,23.3
2023-12-12,SKU_13,pecas,intermittent,0.0,13.8,0,16.1
2023-12-13,SKU_13,pecas,intermittent,0.0,13.8,0,19.1
2023-12-14,SKU_13,pecas,intermittent,23.0,13.9,0,21.5
2023-12-15,SKU_13,pecas,intermittent,0.0,14.17,0,17.3
2023-12-16,SKU_13,pecas,intermittent,17.0,13.86,0,23.5
2023-12-17,SKU_13,pecas,intermittent,0.0,14.21,0,21.3
2023-12-18,SKU_13,pecas,intermittent,36.0,14.27,0,22.4
2023-12-19,SKU_13,pecas,intermittent,28.0,14.06,0,19.6
2023-12-20,SKU_13,pecas,intermittent,37.0,14.25,0,22.5
2023-12-21,SKU_13,pecas,intermittent,0.0,13.73,0,23.1
2023-12-22,SKU_13,pecas,intermittent,0.0,11.79,1,21.5
2023-12-23,SKU_13,pecas,intermittent,0.0,14.04,0,21.6
2023-12-24,SKU_13,pecas,intermittent,0.0,14.04,0,21.8
2023-12-25,SKU_13,pecas,intermittent,30.0,14.29,0,19.6
2023-12-26,SKU_13,pecas,intermittent,0.0,13.8,0,21.1
2023-12-27,SKU_13,pecas,intermittent,43.0,13.89,0,21.2
2023-12-28,SKU_13,pecas,intermittent,0.0,13.98,0,22.4
2023-12-29,SKU_13,pecas,intermittent,0.0,13.9,0,23.7
2023-12-30,SKU_13,pecas,intermittent,29.0,13.79,0,19.7
2023-12-31,SKU_13,pecas,intermittent,38.0,13.9,0,21.6
2024-01-01,SKU_13,pecas,intermittent,0.0,13.95,0,24.9
2024-01-02,SKU_13,pecas,intermittent,0.0,14.29,0,20.6
2024-01-03,SKU_13,pecas,intermittent,0.0,13.8,0,20.5
2024-01-04,SKU_13,pecas,intermittent,0.0,14.16,0,22.7
2024-01-05,SKU_13,pecas,intermittent,0.0,14.25,0,24.1
2024-01-06,SKU_13,pecas,intermittent,24.0,13.9,0,22.5
2024-01-07,SKU_13,pecas,intermittent,0.0,14.05,0,25.2
2024-01-08,SKU_13,pecas,intermittent,0.0,14.12,0,24.4
2024-01-09,SKU_13,pecas,intermittent,51.0,14.08,0,24.5
2024-01-10,SKU_13,pecas,intermittent,0.0,14.02,0,24.0
2024-01-11,SKU_13,pecas,intermittent,47.0,13.86,0,27.6
2024-01-12,SKU_13,pecas,intermittent,0.0,14.13,0,22.7
2024-01-13,SKU_13,pecas,intermittent,0.0,13.93,0,19.2
2024-01-14,SKU_13,pecas,intermittent,0.0,11.91,1,26.5
2024-01-15,SKU_13,pecas,intermittent,0.0,14.04,0,22.5
2024-01-16,SKU_13,pecas,intermittent,0.0,14.17,0,23.7
2024-01-17,SKU_13,pecas,intermittent,22.0,14.39,0,26.2
2024-01-18,SKU_13,pecas,intermittent,0.0,13.85,0,20.5
2024-01-19,SKU_13,pecas,intermittent,29.0,14.01,0,21.3
2024-01-20,SKU_13,pecas,intermittent,0.0,13.7,0,20.7
2024-01-21,SKU_13,pecas,intermittent,0.0,14.3,0,22.4
2024-01-22,SKU_13,pecas,intermittent,0.0,14.01,0,25.0
2024-01-23,SKU_13,pecas,intermittent,29.0,13.94,0,25.3
2024-01-24,SKU_13,pecas,intermittent,24.0,14.01,0,24.9
2024-01-25,SKU_13,pecas,intermittent,0.0,14.02,0,21.6
2024-01-26,SKU_13,pecas,intermittent,22.0,13.85,0,19.9
2024-01-27,SKU_13,pecas,intermittent,16.0,14.24,0,24.7
2024-01-28,SKU_13,pecas,intermittent,35.0,14.13,0,23.8
2024-01-29,SKU_13,pecas,intermittent,19.0,14.16,0,25.7
2024-01-30,SKU_13,pecas,intermittent,0.0,13.86,0,26.3
2024-01-31,SKU_13,pecas,intermittent,0.0,11.75,1,25.3
2024-02-01,SKU_13,pecas,intermittent,0.0,11.88,1,26.6
2024-02-02,SKU_13,pecas,intermittent,0.0,12.06,1,25.7
2024-02-03,SKU_13,pecas,intermittent,22.0,14.1,0,26.4
2024-02-04,SKU_13,pecas,intermittent,0.0,13.84,0,24.0
2024-02-05,SKU_13,pecas,intermittent,0.0,12.03,1,25.2
2024-02-06,SKU_13,pecas,intermittent,0.0,13.81,0,26.0
2024-02-07,SKU_13,pecas,intermittent,0.0,13.87,0,27.4
2024-02-08,SKU_13,pecas,intermittent,49.0,14.03,0,25.0
2024-02-09,SKU_13,pecas,intermittent,0.0,13.77,0,27.0
2024-02-10,SKU_13,pecas,intermittent,15.0,13.81,0,25.5
2024-02-11,SKU_13,pecas,intermittent,0.0,14.31,0,25.9
2024-02-12,SKU_13,pecas,intermittent,0.0,14.27,0,27.9
2024-02-13,SKU_13,pecas,intermittent,30.0,14.46,0,22.3
2024-02-14,SKU_13,pecas,intermittent,34.0,14.09,0,23.8
2024-02-15,SKU_13,pecas,intermittent,0.0,14.13,0,23.5
2024-02-16,SKU_13,pecas,intermittent,16.0,13.97,0,21.9
2024-02-17,SKU_13,pecas,intermittent,18.0,13.93,0,25.3
2024-02-18,SKU_13,pecas,intermittent,0.0,14.17,0,28.3
2024-02-19,SKU_13,pecas,intermittent,39.0,14.27,0,26.3
2024-02-20,SKU_13,pecas,intermittent,50.0,14.16,0,27.4
2024-02-21,SKU_13,pecas,intermittent,52.0,13.83,0,29.2
2024-02-22,SKU_13,pecas,intermittent,0.0,14.08,0,29.8
2024-02-23,SKU_13,pecas,intermittent,0.0,13.85,0,27.1
2024-02-24,SKU_13,pecas,intermittent,0.0,13.94,0,30.0
2024-02-25,SKU_13,pecas,intermittent,0.0,14.33,0,27.6
2024-02-26,SKU_13,pecas,intermittent,27.0,13.76,0,25.8
2024-02-27,SKU_13,pecas,intermittent,32.0,14.43,0,26.4
2024-02-28,SKU_13,pecas,intermittent,32.0,14.11,0,24.7
2024-02-29,SKU_13,pecas,intermittent,29.0,13.91,0,26.0
2024-03-01,SKU_13,pecas,intermittent,20.0,14.01,0,27.1
2024-03-02,SKU_13,pecas,intermittent,42.0,13.86,0,29.5
2024-03-03,SKU_13,pecas,intermittent,0.0,13.89,0,31.4
2024-03-04,SKU_13,pecas,intermittent,49.0,14.01,0,25.3
2024-03-05,SKU_13,pecas,intermittent,0.0,13.93,0,28.9
2024-03-06,SKU_13,pecas,intermittent,0.0,13.81,0,26.1
2024-03-07,SKU_13,pecas,intermittent,0.0,13.96,0,29.2
2024-03-08,SKU_13,pecas,intermittent,0.0,13.74,0,28.1
2024-03-09,SKU_13,pecas,intermittent,0.0,13.75,0,24.8
2024-03-10,SKU_13,pecas,intermittent,45.0,13.74,0,30.3
2024-03-11,SKU_13,pecas,intermittent,0.0,14.33,0,27.3
2024-03-12,SKU_13,pecas,intermittent,24.0,14.08,0,27.5
2024-03-13,SKU_13,pecas,intermittent,0.0,14.12,0,26.5
2024-03-14,SKU_13,pecas,intermittent,0.0,14.0,0,27.4
2024-03-15,SKU_13,pecas,intermittent,0.0,14.1,0,29.7
2024-03-16,SKU_13,pecas,intermittent,15.0,14.24,0,28.5
2024-03-17,SKU_13,pecas,intermittent,0.0,14.08,0,29.6
2024-03-18,SKU_13,pecas,intermittent,0.0,14.33,0,29.7
2024-03-19,SKU_13,pecas,intermittent,22.0,13.99,0,31.7
2024-03-20,SKU_13,pecas,intermittent,52.0,12.02,1,28.4
2024-03-21,SKU_13,pecas,intermittent,65.0,12.04,1,26.2
2024-03-22,SKU_13,pecas,intermittent,0.0,13.81,0,31.3
2024-03-23,SKU_13,pecas,intermittent,0.0,14.01,0,28.6
2024-03-24,SKU_13,pecas,intermittent,41.0,13.63,0,31.5
2024-03-25,SKU_13,pecas,intermittent,0.0,13.97,0,30.1
2024-03-26,SKU_13,pecas,intermittent,0.0,13.94,0,29.1
2024-03-27,SKU_13,pecas,intermittent,46.0,13.93,0,30.1
2024-03-28,SKU_13,pecas,intermittent,0.0,13.92,0,33.4
2024-03-29,SKU_13,pecas,intermittent,0.0,14.1,0,33.7
2024-03-30,SKU_13,pecas,intermittent,23.0,13.82,0,29.7
2024-03-31,SKU_13,pecas,intermittent,0.0,14.37,0,29.9
2024-04-01,SKU_13,pecas,intermittent,50.0,14.11,0,31.8
2024-04-02,SKU_13,pecas,intermittent,23.0,13.84,0,28.0
2024-04-03,SKU_13,pecas,intermittent,31.0,14.13,0,30.4
2024-04-04,SKU_13,pecas,intermittent,51.0,12.1,1,29.7
2024-04-05,SKU_13,pecas,intermittent,0.0,11.97,1,30.4
2024-04-06,SKU_13,pecas,intermittent,26.0,13.8,0,28.1
2024-04-07,SKU_13,pecas,intermittent,56.0,14.45,0,26.6
2024-04-08,SKU_13,pecas,intermittent,0.0,14.13,0,25.7
2024-04-09,SKU_13,pecas,intermittent,29.0,13.75,0,27.6
2024-04-10,SKU_13,pecas,intermittent,34.0,14.04,0,29.0
2024-04-11,SKU_13,pecas,intermittent,33.0,13.96,0,29.3
2024-04-12,SKU_13,pecas,intermittent,0.0,14.0,0,33.8
2024-04-13,SKU_13,pecas,intermittent,15.0,13.76,0,32.2
2024-04-14,SKU_13,pecas,intermittent,49.0,11.91,1,28.0
2024-04-15,SKU_13,pecas,intermittent,0.0,13.83,0,30.7
2024-04-16,SKU_13,pecas,intermittent,38.0,13.93,0,29.2
2024-04-17,SKU_13,pecas,intermittent,0.0,14.08,0,29.4
2024-04-18,SKU_13,pecas,intermittent,0.0,13.9,0,30.4
2024-04-19,SKU_13,pecas,intermittent,0.0,13.94,0,31.2
2024-04-20,SKU_13,pecas,intermittent,21.0,14.16,0,29.3
2024-04-21,SKU_13,pecas,intermittent,0.0,13.82,0,32.1
2024-04-22,SKU_13,pecas,intermittent,25.0,13.87,0,27.7
2024-04-23,SKU_13,pecas,intermittent,23.0,13.75,0,30.0
2024-04-24,SKU_13,pecas,intermittent,0.0,13.84,0,35.2
2024-04-25,SKU_13,pecas,intermittent,47.0,14.03,0,30.4
2024-04-26,SKU_13,pecas,intermittent,35.0,14.13,0,32.8
2024-04-27,SKU_13,pecas,intermittent,0.0,13.84,0,30.2
2024-04-28,SKU_13,pecas,intermittent,35.0,12.02,1,31.1
2024-04-29,SKU_13,pecas,intermittent,35.0,14.02,0,29.8
2024-04-30,SKU_13,pecas,intermittent,0.0,13.72,0,29.6
2024-05-01,SKU_13,pecas,intermittent,32.0,14.03,0,28.4
2024-05-02,SKU_13,pecas,intermittent,0.0,14.24,0,30.8
2024-05-03,SKU_13,pecas,intermittent,0.0,13.62,0,28.2
2024-05-04,SKU_13,pecas,intermittent,13.0,14.4,0,31.2
2024-05-05,SKU_13,pecas,intermittent,48.0,13.88,0,32.0
2024-05-06,SKU_13,pecas,intermittent,46.0,13.67,0,30.5
2024-05-07,SKU_13,pecas,intermittent,20.0,14.03,0,29.2
2024-05-08,SKU_13,pecas,intermittent,24.0,14.17,0,30.7
2024-05-09,SKU_13,pecas,intermittent,0.0,13.94,0,29.1
2024-05-10,SKU_13,pecas,intermittent,26.0,14.06,0,31.6
2024-05-11,SKU_13,pecas,intermittent,0.0,14.42,0,26.0
2024-05-12,SKU_13,pecas,intermittent,40.0,14.04,0,29.0
2024-05-13,SKU_13,pecas,intermittent,33.0,14.6,0,25.6
2024-05-14,SKU_13,pecas,intermittent,36.0,14.25,0,26.6
2024-05-15,SKU_13,pecas,intermittent,59.0,11.91,1,32.2
2024-05-16,SKU_13,pecas,intermittent,0.0,14.06,0,31.3
2024-05-17,SKU_13,pecas,intermittent,0.0,13.94,0,28.0
2024-05-18,SKU_13,pecas,intermittent,0.0,14.05,0,26.4
2024-05-19,SKU_13,pecas,intermittent,37.0,14.11,0,23.4
2024-05-20,SKU_13,pecas,intermittent,33.0,13.92,0,28.2
2024-05-21,SKU_13,pecas,intermittent,0.0,13.72,0,34.1
2024-05-22,SKU_13,pecas,intermittent,0.0,14.26,0,30.0
2024-05-23,SKU_13,pecas,intermittent,30.0,14.19,0,28.0
2024-05-24,SKU_13,pecas,intermittent,31.0,13.72,0,30.0
2024-05-25,SKU_13,pecas,intermittent,0.0,14.03,0,25.9
2024-05-26,SKU_13,pecas,intermittent,44.0,14.21,0,28.4
2024-05-27,SKU_13,pecas,intermittent,0.0,14.18,0,29.1
2024-05-28,SKU_13,pecas,intermittent,31.0,13.86,0,28.7
2024-05-29,SKU_13,pecas,intermittent,0.0,14.2,0,30.4
2024-05-30,SKU_13,pecas,intermittent,0.0,14.0,0,29.4
2024-05-31,SKU_13,pecas,intermittent,0.0,14.08,0,30.0
2024-06-01,SKU_13,pecas,intermittent,22.0,13.82,0,27.2
2024-06-02,SKU_13,pecas,intermittent,0.0,13.15,0,30.3
2024-06-03,SKU_13,pecas,intermittent,0.0,13.84,0,31.7
2024-06-04,SKU_13,pecas,intermittent,60.0,14.11,0,26.4
2024-06-05,SKU_13,pecas,intermittent,0.0,13.96,0,26.5
2024-06-06,SKU_13,pecas,intermittent,28.0,14.13,0,30.9
2024-06-07,SKU_13,pecas,intermittent,0.0,14.22,0,27.8
2024-06-08,SKU_13,pecas,intermittent,0.0,13.93,0,30.9
2024-06-09,SKU_13,pecas,intermittent,0.0,13.91,0,27.1
2024-06-10,SKU_13,pecas,intermittent,0.0,13.56,0,30.8
2024-06-11,SKU_13,pecas,intermittent,37.0,13.69,0,28.1
2024-06-12,SKU_13,pecas,intermittent,0.0,13.73,0,28.3
2024-06-13,SKU_13,pecas,intermittent,0.0,14.11,0,30.8
2024-06-14,SKU_13,pecas,intermittent,15.0,13.94,0,26.9
2024-06-15,SKU_13,pecas,intermittent,0.0,13.89,0,25.6
2024-06-16,SKU_13,pecas,intermittent,23.0,13.87,0,26.5
2024-06-17,SKU_13,pecas,intermittent,21.0,13.84,0,28.3
2024-06-18,SKU_13,pecas,intermittent,0.0,14.18,0,24.1
2024-06-19,SKU_13,pecas,intermittent,41.0,14.02,0,28.5
2024-06-20,SKU_13,pecas,intermittent,31.0,14.2,0,26.0
2024-06-21,SKU_13,pecas,intermittent,25.0,13.56,0,29.3
2024-06-22,SKU_13,pecas,intermittent,0.0,14.11,0,22.1
2024-06-23,SKU_13,pecas,intermittent,46.0,13.9,0,25.3
2024-06-24,SKU_13,pecas,intermittent,62.0,13.94,0,23.4
2024-06-25,SKU_13,pecas,intermittent,70.0,14.27,0,25.0
2024-06-26,SKU_13,pecas,intermittent,40.0,13.92,0,27.0
2024-06-27,SKU_13,pecas,intermittent,28.0,14.1,0,26.1
2024-06-28,SKU_13,pecas,intermittent,0.0,13.8,0,25.9
2024-06-29,SKU_13,pecas,intermittent,0.0,14.01,0,25.9
2024-06-30,SKU_13,pecas,intermittent,0.0,13.68,0,26.6
2024-07-01,SKU_13,pecas,intermittent,0.0,13.99,0,24.1
2024-07-02,SKU_13,pecas,intermittent,45.0,11.98,1,27.4
2024-07-03,SKU_13,pecas,intermittent,34.0,14.22,0,27.2
2024-07-04,SKU_13,pecas,intermittent,0.0,13.84,0,26.6
2024-07-05,SKU_13,pecas,intermittent,13.0,13.89,0,26.8
2024-07-06,SKU_13,pecas,intermittent,0.0,13.87,0,26.2
2024-07-07,SKU_13,pecas,intermittent,67.0,11.85,1,29.6
2024-07-08,SKU_13,pecas,intermittent,0.0,11.71,1,25.2
2024-07-09,SKU_13,pecas,intermittent,51.0,13.57,0,24.7
2024-07-10,SKU_13,pecas,intermittent,0.0,13.79,0,23.7
2024-07-11,SKU_13,pecas,intermittent,0.0,11.89,1,23.0
2024-07-12,SKU_13,pecas,intermittent,20.0,13.97,0,22.5
2024-07-13,SKU_13,pecas,intermittent,23.0,14.11,0,23.1
2024-07-14,SKU_13,pecas,intermittent,33.0,14.17,0,24.6
2024-07-15,SKU_13,pecas,intermittent,33.0,13.91,0,25.3
2024-07-16,SKU_13,pecas,intermittent,0.0,11.58,1,24.7
2024-07-17,SKU_13,pecas,intermittent,0.0,14.08,0,22.9
2024-07-18,SKU_13,pecas,intermittent,0.0,14.0,0,26.2
2024-07-19,SKU_13,pecas,intermittent,0.0,13.95,0,25.7
2024-07-20,SKU_13,pecas,intermittent,0.0,14.24,0,23.8
2024-07-21,SKU_13,pecas,intermittent,27.0,14.09,0,22.7
2024-07-22,SKU_13,pecas,intermittent,0.0,14.02,0,25.0
2024-07-23,SKU_13,pecas,intermittent,0.0,14.03,0,24.2
2024-07-24,SKU_13,pecas,intermittent,56.0,14.17,0,20.8
2024-07-25,SKU_13,pecas,intermittent,0.0,13.86,0,23.5
2024-07-26,SKU_13,pecas,intermittent,0.0,13.82,0,24.1
2024-07-27,SKU_13,pecas,intermittent,18.0,13.95,0,21.6
2024-07-28,SKU_13,pecas,intermittent,0.0,13.76,0,23.7
2024-07-29,SKU_13,pecas,intermittent,27.0,13.99,0,20.3
2024-07-30,SKU_13,pecas,intermittent,27.0,14.02,0,25.8
2024-07-31,SKU_13,pecas,intermittent,39.0,13.99,0,25.5
2024-08-01,SKU_13,pecas,intermittent,0.0,13.93,0,22.4
2024-08-02,SKU_13,pecas,intermittent,26.0,14.33,0,23.5
2024-08-03,SKU_13,pecas,intermittent,17.0,14.19,0,17.9
2024-08-04,SKU_13,pecas,intermittent,27.0,13.98,0,20.3
2024-08-05,SKU_13,pecas,intermittent,43.0,14.02,0,21.9
2024-08-06,SKU_13,pecas,intermittent,0.0,14.28,0,20.3
2024-08-07,SKU_13,pecas,intermittent,0.0,13.88,0,23.7
2024-08-08,SKU_13,pecas,intermittent,30.0,13.81,0,26.2
2024-08-09,SKU_13,pecas,intermittent,27.0,14.05,0,19.8
2024-08-10,SKU_13,pecas,intermittent,19.0,14.08,0,20.3
2024-08-11,SKU_13,pecas,intermittent,0.0,14.1,0,22.4
2024-08-12,SKU_13,pecas,intermittent,0.0,14.17,0,25.1
2024-08-13,SKU_13,pecas,intermittent,40.0,13.85,0,19.3
2024-08-14,SKU_13,pecas,intermittent,31.0,13.72,0,22.1
2024-08-15,SKU_13,pecas,intermittent,38.0,13.88,0,25.2
2024-08-16,SKU_13,pecas,intermittent,0.0,14.12,0,18.1
2024-08-17,SKU_13,pecas,intermittent,13.0,13.82,0,18.8
2024-08-18,SKU_13,pecas,intermittent,0.0,11.51,1,20.4
2024-08-19,SKU_13,pecas,intermittent,0.0,14.03,0,20.1
2024-08-20,SKU_13,pecas,intermittent,40.0,13.89,0,22.7
2024-08-21,SKU_13,pecas,intermittent,42.0,13.65,0,21.5
2024-08-22,SKU_13,pecas,intermittent,0.0,14.01,0,17.4
2024-08-23,SKU_13,pecas,intermittent,27.0,13.92,0,21.8
2024-08-24,SKU_13,pecas,intermittent,0.0,14.34,0,19.6
2024-08-25,SKU_13,pecas,intermittent,0.0,14.02,0,23.2
2024-08-26,SKU_13,pecas,intermittent,38.0,12.02,1,19.3
2024-08-27,SKU_13,pecas,intermittent,0.0,14.0,0,19.2
2024-08-28,SKU_13,pecas,intermittent,21.0,13.88,0,21.5
2024-08-29,SKU_13,pecas,intermittent,19.0,13.9,0,21.8
2024-08-30,SKU_13,pecas,intermittent,0.0,14.22,0,21.1
2024-08-31,SKU_13,pecas,intermittent,0.0,14.15,0,16.8
2024-09-01,SKU_13,pecas,intermittent,19.0,13.7,0,21.1
2024-09-02,SKU_13,pecas,intermittent,0.0,13.75,0,17.9
2024-09-03,SKU_13,pecas,intermittent,26.0,13.76,0,20.4
2024-09-04,SKU_13,pecas,intermittent,0.0,14.21,0,17.0
2024-09-05,SKU_13,pecas,intermittent,21.0,13.65,0,20.7
2024-09-06,SKU_13,pecas,intermittent,18.0,14.16,0,18.1
2024-09-07,SKU_13,pecas,intermittent,0.0,14.08,0,17.1
2024-09-08,SKU_13,pecas,intermittent,0.0,14.03,0,21.0
2024-09-09,SKU_13,pecas,intermittent,32.0,13.91,0,20.0
2024-09-10,SKU_13,pecas,intermittent,0.0,14.24,0,18.2
2024-09-11,SKU_13,pecas,intermittent,37.0,14.02,0,22.3
2024-09-12,SKU_13,pecas,intermittent,0.0,13.71,0,18.4
2024-09-13,SKU_13,pecas,intermittent,0.0,11.66,1,19.3
2024-09-14,SKU_13,pecas,intermittent,0.0,13.67,0,19.7
2024-09-15,SKU_13,pecas,intermittent,34.0,14.24,0,17.9
2024-09-16,SKU_13,pecas,intermittent,0.0,14.28,0,20.0
2024-09-17,SKU_13,pecas,intermittent,0.0,12.12,1,17.9
2024-09-18,SKU_13,pecas,intermittent,58.0,13.97,0,18.1
2024-09-19,SKU_13,pecas,intermittent,0.0,13.71,0,21.6
2024-09-20,SKU_13,pecas,intermittent,19.0,13.79,0,16.7
2024-09-21,SKU_13,pecas,intermittent,33.0,11.7,1,13.9
2024-09-22,SKU_13,pecas,intermittent,0.0,13.99,0,21.9
2024-09-23,SKU_13,pecas,intermittent,27.0,14.28,0,23.8
2024-09-24,SKU_13,pecas,intermittent,0.0,14.28,0,17.8
2024-09-25,SKU_13,pecas,intermittent,41.0,11.8,1,14.7
2024-09-26,SKU_13,pecas,intermittent,37.0,13.55,0,17.9
2024-09-27,SKU_13,pecas,intermittent,0.0,13.77,0,17.9
2024-09-28,SKU_13,pecas,intermittent,0.0,14.24,0,18.1
2024-09-29,SKU_13,pecas,intermittent,0.0,14.05,0,16.2
2024-09-30,SKU_13,pecas,intermittent,42.0,13.93,0,19.5
2024-10-01,SKU_13,pecas,intermittent,33.0,13.91,0,19.4
2024-10-02,SKU_13,pecas,intermittent,0.0,13.85,0,15.3
2024-10-03,SKU_13,pecas,intermittent,0.0,11.66,1,19.7
2024-10-04,SKU_13,pecas,intermittent,0.0,14.41,0,22.4
2024-10-05,SKU_13,pecas,intermittent,0.0,14.34,0,18.6
2024-10-06,SKU_13,pecas,intermittent,23.0,13.84,0,17.5
2024-10-07,SKU_13,pecas,intermittent,0.0,13.65,0,17.9
2024-10-08,SKU_13,pecas,intermittent,24.0,14.03,0,19.4
2024-10-09,SKU_13,pecas,intermittent,21.0,13.97,0,14.7
2024-10-10,SKU_13,pecas,intermittent,17.0,14.13,0,18.4
2024-10-11,SKU_13,pecas,intermittent,0.0,14.17,0,17.3
2024-10-12,SKU_13,pecas,intermittent,0.0,13.77,0,21.8
2024-10-13,SKU_13,pecas,intermittent,26.0,14.26,0,17.7
2024-10-14,SKU_13,pecas,intermittent,0.0,13.93,0,21.4
2024-10-15,SKU_13,pecas,intermittent,32.0,14.12,0,15.8
2024-10-16,SKU_13,pecas,intermittent,0.0,13.95,0,19.2
2024-10-17,SKU_13,pecas,intermittent,0.0,14.18,0,18.7
2024-10-18,SKU_13,pecas,intermittent,0.0,13.53,0,16.3
2024-10-19,SKU_13,pecas,intermittent,0.0,14.15,0,18.4
2024-10-20,SKU_13,pecas,intermittent,0.0,13.83,0,20.4
2024-10-21,SKU_13,pecas,intermittent,0.0,14.01,0,17.4
2024-10-22,SKU_13,pecas,intermittent,0.0,14.25,0,14.6
2024-10-23,SKU_13,pecas,intermittent,0.0,13.84,0,18.0
2024-10-24,SKU_13,pecas,intermittent,24.0,13.81,0,16.2
2024-10-25,SKU_13,pecas,intermittent,0.0,13.93,0,17.3
2024-10-26,SKU_13,pecas,intermittent,14.0,13.91,0,17.9
2024-10-27,SKU_13,pecas,intermittent,0.0,13.79,0,14.6
2024-10-28,SKU_13,pecas,intermittent,19.0,14.02,0,14.8
2024-10-29,SKU_13,pecas,intermittent,0.0,11.93,1,19.0
2024-10-30,SKU_13,pecas,intermittent,22.0,14.09,0,17.0
2024-10-31,SKU_13,pecas,intermittent,38.0,13.84,0,13.0
2024-11-01,SKU_13,pecas,intermittent,10.0,13.81,0,19.7
2024-11-02,SKU_13,pecas,intermittent,0.0,13.98,0,18.7
2024-11-03,SKU_13,pecas,intermittent,0.0,11.85,1,16.7
2024-11-04,SKU_13,pecas,intermittent,25.0,13.95,0,15.5
2024-11-05,SKU_13,pecas,intermittent,27.0,13.86,0,19.9
2024-11-06,SKU_13,pecas,intermittent,0.0,14.07,0,18.9
2024-11-07,SKU_13,pecas,intermittent,0.0,13.81,0,23.0
2024-11-08,SKU_13,pecas,intermittent,23.0,13.98,0,19.1
2024-11-09,SKU_13,pecas,intermittent,0.0,13.94,0,19.1
2024-11-10,SKU_13,pecas,intermittent,0.0,13.99,0,18.0
2024-11-11,SKU_13,pecas,intermittent,23.0,14.24,0,20.0
2024-11-12,SKU_13,pecas,intermittent,0.0,11.64,1,19.7
2024-11-13,SKU_13,pecas,intermittent,27.0,13.52,0,21.0
2024-11-14,SKU_13,pecas,intermittent,0.0,11.78,1,17.5
2024-11-15,SKU_13,pecas,intermittent,0.0,13.77,0,17.7
2024-11-16,SKU_13,pecas,intermittent,0.0,13.4,0,17.6
2024-11-17,SKU_13,pecas,intermittent,0.0,14.35,0,20.2
2024-11-18,SKU_13,pecas,intermittent,40.0,14.11,0,21.7
2024-11-19,SKU_13,pecas,intermittent,0.0,14.13,0,17.8
2024-11-20,SKU_13,pecas,intermittent,0.0,13.94,0,17.9
2024-11-21,SKU_13,pecas,intermittent,0.0,14.08,0,19.5
2024-11-22,SKU_13,pecas,intermittent,0.0,13.92,0,18.4
2024-11-23,SKU_13,pecas,intermittent,18.0,14.16,0,20.9
2024-11-24,SKU_13,pecas,intermittent,34.0,14.04,0,14.5
2024-11-25,SKU_13,pecas,intermittent,25.0,13.99,0,17.4
2024-11-26,SKU_13,pecas,intermittent,0.0,14.01,0,17.6
2024-11-27,SKU_13,pecas,intermittent,32.0,14.29,0,14.6
2024-11-28,SKU_13,pecas,intermittent,0.0,14.03,0,17.3
2024-11-29,SKU_13,pecas,intermittent,28.0,13.79,0,17.5
2024-11-30,SKU_13,pecas,intermittent,0.0,14.07,0,19.0
2024-12-01,SKU_13,pecas,intermittent,32.0,14.1,0,21.7
2024-12-02,SKU_13,pecas,intermittent,0.0,13.97,0,19.0
2024-12-03,SKU_13,pecas,intermittent,37.0,13.99,0,17.5
2024-12-04,SKU_13,pecas,intermittent,27.0,13.79,0,19.5
2024-12-05,SKU_13,pecas,intermittent,42.0,14.02,0,21.8
2024-12-06,SKU_13,pecas,intermittent,0.0,13.76,0,17.9
2024-12-07,SKU_13,pecas,intermittent,0.0,13.95,0,18.1
2024-12-08,SKU_13,pecas,intermittent,0.0,13.87,0,21.1
2024-12-09,SKU_13,pecas,intermittent,0.0,14.2,0,19.6
2024-12-10,SKU_13,pecas,intermittent,0.0,14.31,0,21.4
2024-12-11,SKU_13,pecas,intermittent,0.0,13.77,0,20.2
2024-12-12,SKU_13,pecas,intermittent,0.0,14.0,0,21.7
2024-12-13,SKU_13,pecas,intermittent,14.0,13.94,0,18.3
2024-12-14,SKU_13,pecas,intermittent,17.0,14.09,0,20.4
2024-12-15,SKU_13,pecas,intermittent,0.0,14.02,0,20.1
2024-12-16,SKU_13,pecas,intermittent,39.0,13.92,0,18.2
2024-12-17,SKU_13,pecas,intermittent,36.0,14.02,0,17.6
2024-12-18,SKU_13,pecas,intermittent,0.0,13.96,0,22.1
2024-12-19,SKU_13,pecas,intermittent,56.0,14.32,0,20.2
2024-12-20,SKU_13,pecas,intermittent,0.0,13.84,0,18.9
2024-12-21,SKU_13,pecas,intermittent,0.0,14.05,0,20.8
2024-12-22,SKU_13,pecas,intermittent,55.0,12.0,1,23.4
2024-12-23,SKU_13,pecas,intermittent,36.0,14.09,0,16.7
2024-12-24,SKU_13,pecas,intermittent,32.0,13.94,0,18.3
2024-12-25,SKU_13,pecas,intermittent,0.0,14.27,0,19.6
2024-12-26,SKU_13,pecas,intermittent,0.0,11.48,1,24.4
2024-12-27,SKU_13,pecas,intermittent,0.0,13.78,0,22.2
2024-12-28,SKU_13,pecas,intermittent,11.0,14.13,0,23.2
2024-12-29,SKU_13,pecas,intermittent,49.0,13.82,0,19.5
2024-12-30,SKU_13,pecas,intermittent,0.0,13.81,0,19.6
2023-01-01,SKU_14,pecas,intermittent,0.0,16.16,0,22.6
2023-01-02,SKU_14,pecas,intermittent,21.0,15.78,0,20.0
2023-01-03,SKU_14,pecas,intermittent,46.0,13.35,1,23.7
2023-01-04,SKU_14,pecas,intermittent,35.0,15.76,0,24.2
2023-01-05,SKU_14,pecas,intermittent,0.0,16.12,0,18.5
2023-01-06,SKU_14,pecas,intermittent,32.0,13.63,1,19.9
2023-01-07,SKU_14,pecas,intermittent,0.0,15.94,0,22.8
2023-01-08,SKU_14,pecas,intermittent,0.0,13.69,1,22.0
2023-01-09,SKU_14,pecas,intermittent,0.0,16.01,0,22.7
2023-01-10,SKU_14,pecas,intermittent,0.0,16.02,0,21.2
2023-01-11,SKU_14,pecas,intermittent,0.0,15.94,0,24.7
2023-01-12,SKU_14,pecas,intermittent,0.0,15.79,0,24.6
2023-01-13,SKU_14,pecas,intermittent,21.0,16.34,0,23.3
2023-01-14,SKU_14,pecas,intermittent,14.0,16.28,0,25.5
2023-01-15,SKU_14,pecas,intermittent,0.0,13.92,1,24.3
2023-01-16,SKU_14,pecas,intermittent,40.0,15.89,0,21.8
2023-01-17,SKU_14,pecas,intermittent,22.0,15.86,0,24.3
2023-01-18,SKU_14,pecas,intermittent,16.0,15.92,0,21.8
2023-01-19,SKU_14,pecas,intermittent,48.0,16.21,0,25.6
2023-01-20,SKU_14,pecas,intermittent,0.0,16.0,0,23.8
2023-01-21,SKU_14,pecas,intermittent,0.0,15.89,0,23.6
2023-01-22,SKU_14,pecas,intermittent,27.0,16.07,0,22.7
2023-01-23,SKU_14,pecas,intermittent,15.0,15.85,0,26.7
2023-01-24,SKU_14,pecas,intermittent,0.0,15.73,0,24.0
2023-01-25,SKU_14,pecas,intermittent,24.0,16.03,0,23.6
2023-01-26,SKU_14,pecas,intermittent,0.0,15.9,0,23.8
2023-01-27,SKU_14,pecas,intermittent,17.0,16.0,0,25.7
2023-01-28,SKU_14,pecas,intermittent,6.0,15.46,0,25.5
2023-01-29,SKU_14,pecas,intermittent,0.0,15.82,0,25.6
2023-01-30,SKU_14,pecas,intermittent,0.0,15.99,0,25.8
2023-01-31,SKU_14,pecas,intermittent,0.0,15.7,0,29.3
2023-02-01,SKU_14,pecas,intermittent,27.0,15.7,0,24.3
2023-02-02,SKU_14,pecas,intermittent,29.0,16.01,0,24.2
2023-02-03,SKU_14,pecas,intermittent,26.0,13.74,1,23.7
2023-02-04,SKU_14,pecas,intermittent,0.0,13.42,1,26.7
2023-02-05,SKU_14,pecas,intermittent,33.0,15.95,0,27.8
2023-02-06,SKU_14,pecas,intermittent,46.0,13.55,1,25.4
2023-02-07,SKU_14,pecas,intermittent,0.0,15.69,0,24.1
2023-02-08,SKU_14,pecas,intermittent,0.0,16.24,0,24.2
2023-02-09,SKU_14,pecas,intermittent,26.0,15.96,0,27.2
2023-02-10,SKU_14,pecas,intermittent,0.0,15.97,0,27.5
2023-02-11,SKU_14,pecas,intermittent,0.0,16.07,0,27.2
2023-02-12,SKU_14,pecas,intermittent,0.0,15.69,0,24.9
2023-02-13,SKU_14,pecas,intermittent,31.0,16.18,0,26.8
2023-02-14,SKU_14,pecas,intermittent,0.0,16.21,0,26.6
2023-02-15,SKU_14,pecas,intermittent,40.0,16.03,0,26.9
2023-02-16,SKU_14,pecas,intermittent,35.0,16.09,0,28.3
2023-02-17,SKU_14,pecas,intermittent,11.0,15.93,0,27.1
2023-02-18,SKU_14,pecas,intermittent,19.0,16.17,0,28.1
2023-02-19,SKU_14,pecas,intermittent,0.0,15.84,0,27.0
2023-02-20,SKU_14,pecas,intermittent,0.0,13.59,1,27.5
2023-02-21,SKU_14,pecas,intermittent,72.0,13.61,1,28.3
2023-02-22,SKU_14,pecas,intermittent,52.0,15.99,0,24.2
2023-02-23,SKU_14,pecas,intermittent,33.0,16.21,0,26.6
2023-02-24,SKU_14,pecas,intermittent,0.0,16.44,0,26.4
2023-02-25,SKU_14,pecas,intermittent,20.0,15.98,0,26.1
2023-02-26,SKU_14,pecas,intermittent,0.0,16.09,0,26.9
2023-02-27,SKU_14,pecas,intermittent,60.0,15.84,0,30.6
2023-02-28,SKU_14,pecas,intermittent,0.0,16.21,0,25.9
2023-03-01,SKU_14,pecas,intermittent,0.0,15.9,0,29.7
2023-03-02,SKU_14,pecas,intermittent,59.0,14.23,1,24.4
2023-03-03,SKU_14,pecas,intermittent,0.0,15.67,0,27.2
2023-03-04,SKU_14,pecas,intermittent,0.0,16.43,0,28.3
2023-03-05,SKU_14,pecas,intermittent,0.0,16.2,0,29.2
2023-03-06,SKU_14,pecas,intermittent,31.0,15.78,0,29.5
2023-03-07,SKU_14,pecas,intermittent,0.0,14.06,1,29.8
2023-03-08,SKU_14,pecas,intermittent,36.0,15.81,0,27.6
2023-03-09,SKU_14,pecas,intermittent,0.0,15.94,0,27.4
2023-03-10,SKU_14,pecas,intermittent,0.0,15.74,0,30.1
2023-03-11,SKU_14,pecas,intermittent,0.0,15.97,0,28.1
2023-03-12,SKU_14,pecas,intermittent,0.0,15.99,0,26.0
2023-03-13,SKU_14,pecas,intermittent,40.0,16.17,0,26.3
2023-03-14,SKU_14,pecas,intermittent,0.0,16.49,0,26.8
2023-03-15,SKU_14,pecas,intermittent,0.0,15.9,0,29.7
2023-03-16,SKU_14,pecas,intermittent,42.0,15.45,0,29.1
2023-03-17,SKU_14,pecas,intermittent,25.0,16.13,0,30.3
2023-03-18,SKU_14,pecas,intermittent,0.0,15.89,0,28.1
2023-03-19,SKU_14,pecas,intermittent,33.0,16.36,0,29.3
2023-03-20,SKU_14,pecas,intermittent,0.0,15.99,0,30.3
2023-03-21,SKU_14,pecas,intermittent,20.0,15.85,0,28.5
2023-03-22,SKU_14,pecas,intermittent,0.0,13.4,1,30.1
2023-03-23,SKU_14,pecas,intermittent,0.0,16.12,0,27.9
2023-03-24,SKU_14,pecas,intermittent,12.0,15.94,0,28.5
2023-03-25,SKU_14,pecas,intermittent,17.0,16.29,0,28.5
2023-03-26,SKU_14,pecas,intermittent,28.0,15.96,0,27.0
2023-03-27,SKU_14,pecas,intermittent,0.0,16.28,0,30.4
2023-03-28,SKU_14,pecas,intermittent,31.0,15.72,0,28.5
2023-03-29,SKU_14,pecas,intermittent,43.0,15.65,0,29.5
2023-03-30,SKU_14,pecas,intermittent,0.0,16.17,0,30.5
2023-03-31,SKU_14,pecas,intermittent,0.0,15.91,0,30.5
2023-04-01,SKU_14,pecas,intermittent,17.0,15.95,0,30.9
2023-04-02,SKU_14,pecas,intermittent,0.0,15.8,0,29.4
2023-04-03,SKU_14,pecas,intermittent,0.0,15.78,0,28.8
2023-04-04,SKU_14,pecas,intermittent,0.0,16.13,0,29.5
2023-04-05,SKU_14,pecas,intermittent,0.0,16.0,0,26.4
2023-04-06,SKU_14,pecas,intermittent,0.0,15.79,0,26.9
2023-04-07,SKU_14,pecas,intermittent,0.0,16.16,0,27.1
2023-04-08,SKU_14,pecas,intermittent,0.0,16.23,0,27.8
2023-04-09,SKU_14,pecas,intermittent,34.0,15.98,0,30.6
2023-04-10,SKU_14,pecas,intermittent,0.0,16.2,0,28.1
2023-04-11,SKU_14,pecas,intermittent,0.0,15.8,0,29.1
2023-04-12,SKU_14,pecas,intermittent,35.0,16.12,0,32.5
2023-04-13,SKU_14,pecas,intermittent,0.0,16.03,0,29.2
2023-04-14,SKU_14,pecas,intermittent,0.0,15.84,0,31.4
2023-04-15,SKU_14,pecas,intermittent,10.0,16.41,0,28.1
2023-04-16,SKU_14,pecas,intermittent,38.0,16.05,0,29.6
2023-04-17,SKU_14,pecas,intermittent,22.0,15.88,0,28.1
2023-04-18,SKU_14,pecas,intermittent,34.0,16.0,0,29.3
2023-04-19,SKU_14,pecas,intermittent,0.0,15.83,0,31.7
2023-04-20,SKU_14,pecas,intermittent,31.0,15.77,0,26.5
2023-04-21,SKU_14,pecas,intermittent,13.0,15.91,0,30.9
2023-04-22,SKU_14,pecas,intermittent,36.0,13.52,1,30.5
2023-04-23,SKU_14,pecas,intermittent,0.0,15.84,0,28.8
2023-04-24,SKU_14,pecas,intermittent,0.0,16.25,0,27.1
2023-04-25,SKU_14,pecas,intermittent,21.0,15.85,0,30.1
2023-04-26,SKU_14,pecas,intermittent,31.0,15.81,0,28.9
2023-04-27,SKU_14,pecas,intermittent,53.0,15.76,0,30.4
2023-04-28,SKU_14,pecas,intermittent,37.0,15.74,0,30.0
2023-04-29,SKU_14,pecas,intermittent,0.0,16.21,0,33.2
2023-04-30,SKU_14,pecas,intermittent,0.0,16.05,0,29.5
2023-05-01,SKU_14,pecas,intermittent,0.0,16.14,0,27.9
2023-05-02,SKU_14,pecas,intermittent,0.0,16.2,0,30.3
2023-05-03,SKU_14,pecas,intermittent,0.0,15.93,0,30.3
2023-05-04,SKU_14,pecas,intermittent,43.0,16.29,0,32.6
2023-05-05,SKU_14,pecas,intermittent,0.0,15.87,0,31.5
2023-05-06,SKU_14,pecas,intermittent,13.0,15.78,0,30.5
2023-05-07,SKU_14,pecas,intermittent,0.0,16.07,0,32.7
2023-05-08,SKU_14,pecas,intermittent,26.0,16.03,0,27.4
2023-05-09,SKU_14,pecas,intermittent,61.0,16.03,0,28.5
2023-05-10,SKU_14,pecas,intermittent,33.0,16.2,0,27.9
2023-05-11,SKU_14,pecas,intermittent,42.0,16.02,0,28.9
2023-05-12,SKU_14,pecas,intermittent,12.0,16.06,0,26.9
2023-05-13,SKU_14,pecas,intermittent,0.0,16.27,0,30.9
2023-05-14,SKU_14,pecas,intermittent,39.0,16.05,0,29.1
2023-05-15,SKU_14,pecas,intermittent,0.0,16.1,0,26.6
2023-05-16,SKU_14,pecas,intermittent,30.0,15.72,0,27.5
2023-05-17,SKU_14,pecas,intermittent,0.0,16.74,0,30.1
2023-05-18,SKU_14,pecas,intermittent,39.0,15.68,0,31.1
2023-05-19,SKU_14,pecas,intermittent,20.0,15.89,0,33.4
2023-05-20,SKU_14,pecas,intermittent,22.0,15.89,0,35.2
2023-05-21,SKU_14,pecas,intermittent,40.0,16.42,0,30.1
2023-05-22,SKU_14,pecas,intermittent,29.0,15.88,0,27.3
2023-05-23,SKU_14,pecas,intermittent,0.0,13.69,1,24.9
2023-05-24,SKU_14,pecas,intermittent,26.0,15.89,0,29.7
2023-05-25,SKU_14,pecas,intermittent,37.0,15.79,0,27.4
2023-05-26,SKU_14,pecas,intermittent,10.0,16.11,0,28.2
2023-05-27,SKU_14,pecas,intermittent,0.0,15.86,0,27.7
2023-05-28,SKU_14,pecas,intermittent,60.0,16.04,0,28.6
2023-05-29,SKU_14,pecas,intermittent,36.0,16.13,0,31.0
2023-05-30,SKU_14,pecas,intermittent,36.0,16.38,0,29.1
2023-05-31,SKU_14,pecas,intermittent,0.0,15.75,0,28.4
2023-06-01,SKU_14,pecas,intermittent,0.0,15.97,0,26.6
2023-06-02,SKU_14,pecas,intermittent,0.0,15.98,0,25.2
2023-06-03,SKU_14,pecas,intermittent,0.0,16.0,0,27.5
2023-06-04,SKU_14,pecas,intermittent,53.0,16.51,0,28.3
2023-06-05,SKU_14,pecas,intermittent,0.0,15.97,0,31.9
2023-06-06,SKU_14,pecas,intermittent,0.0,13.1,1,28.6
2023-06-07,SKU_14,pecas,intermittent,0.0,15.96,0,30.2
2023-06-08,SKU_14,pecas,intermittent,37.0,15.98,0,27.2
2023-06-09,SKU_14,pecas,intermittent,0.0,15.95,0,25.7
2023-06-10,SKU_14,pecas,intermittent,0.0,15.86,0,26.1
2023-06-11,SKU_14,pecas,intermittent,0.0,15.74,0,26.5
2023-06-12,SKU_14,pecas,intermittent,0.0,16.43,0,32.1
2023-06-13,SKU_14,pecas,intermittent,0.0,16.06,0,26.1
2023-06-14,SKU_14,pecas,intermittent,16.0,15.96,0,29.4
2023-06-15,SKU_14,pecas,intermittent,38.0,16.43,0,25.8
2023-06-16,SKU_14,pecas,intermittent,15.0,15.83,0,29.4
2023-06-17,SKU_14,pecas,intermittent,19.0,16.12,0,28.2
2023-06-18,SKU_14,pecas,intermittent,0.0,15.75,0,27.0
2023-06-19,SKU_14,pecas,intermittent,0.0,16.15,0,27.2
2023-06-20,SKU_14,pecas,intermittent,0.0,15.77,0,25.9
2023-06-21,SKU_14,pecas,intermittent,0.0,16.09,0,28.0
2023-06-22,SKU_14,pecas,intermittent,0.0,16.39,0,26.1
2023-06-23,SKU_14,pecas,intermittent,16.0,16.02,0,24.5
2023-06-24,SKU_14,pecas,intermittent,15.0,15.56,0,24.3
2023-06-25,SKU_14,pecas,intermittent,34.0,16.01,0,27.1
2023-06-26,SKU_14,pecas,intermittent,0.0,16.1,0,29.8
2023-06-27,SKU_14,pecas,intermittent,20.0,16.18,0,26.9
2023-06-28,SKU_14,pecas,intermittent,28.0,16.29,0,26.2
2023-06-29,SKU_14,pecas,intermittent,24.0,16.3,0,26.9
2023-06-30,SKU_14,pecas,intermittent,0.0,15.97,0,28.9
2023-07-01,SKU_14,pecas,intermittent,0.0,15.87,0,26.6
2023-07-02,SKU_14,pecas,intermittent,0.0,15.78,0,25.3
2023-07-03,SKU_14,pecas,intermittent,53.0,15.89,0,28.2
2023-07-04,SKU_14,pecas,intermittent,0.0,16.1,0,26.7
2023-07-05,SKU_14,pecas,intermittent,27.0,15.73,0,28.9
2023-07-06,SKU_14,pecas,intermittent,0.0,15.81,0,26.0
2023-07-07,SKU_14,pecas,intermittent,17.0,16.11,0,23.1
2023-07-08,SKU_14,pecas,intermittent,18.0,15.87,0,22.7
2023-07-09,SKU_14,pecas,intermittent,0.0,16.07,0,28.7
2023-07-10,SKU_14,pecas,intermittent,26.0,15.84,0,28.7
2023-07-11,SKU_14,pecas,intermittent,0.0,16.06,0,24.8
2023-07-12,SKU_14,pecas,intermittent,37.0,15.85,0,24.3
2023-07-13,SKU_14,pecas,intermittent,0.0,15.62,0,27.9
2023-07-14,SKU_14,pecas,intermittent,17.0,16.19,0,22.7
2023-07-15,SKU_14,pecas,intermittent,10.0,15.86,0,23.0
2023-07-16,SKU_14,pecas,intermittent,0.0,15.95,0,26.0
2023-07-17,SKU_14,pecas,intermittent,0.0,15.86,0,23.8
2023-07-18,SKU_14,pecas,intermittent,0.0,16.11,0,24.5
2023-07-19,SKU_14,pecas,intermittent,0.0,16.07,0,24.0
2023-07-20,SKU_14,pecas,intermittent,0.0,16.11,0,24.9
2023-07-21,SKU_14,pecas,intermittent,16.0,15.89,0,27.0
2023-07-22,SKU_14,pecas,intermittent,0.0,15.99,0,24.2
2023-07-23,SKU_14,pecas,intermittent,0.0,16.08,0,25.2
2023-07-24,SKU_14,pecas,intermittent,0.0,16.31,0,19.7
2023-07-25,SKU_14,pecas,intermittent,0.0,16.06,0,23.6
2023-07-26,SKU_14,pecas,intermittent,37.0,15.8,0,22.0
2023-07-27,SKU_14,pecas,intermittent,0.0,16.05,0,21.1
2023-07-28,SKU_14,pecas,intermittent,0.0,15.97,0,21.7
2023-07-29,SKU_14,pecas,intermittent,0.0,15.6,0,22.7
2023-07-30,SKU_14,pecas,intermittent,0.0,15.63,0,25.1
2023-07-31,SKU_14,pecas,intermittent,0.0,13.59,1,20.5
2023-08-01,SKU_14,pecas,intermittent,0.0,16.0,0,23.1
2023-08-02,SKU_14,pecas,intermittent,0.0,15.94,0,22.0
2023-08-03,SKU_14,pecas,intermittent,26.0,16.18,0,22.2
2023-08-04,SKU_14,pecas,intermittent,0.0,15.81,0,24.7
2023-08-05,SKU_14,pecas,intermittent,0.0,15.72,0,23.7
2023-08-06,SKU_14,pecas,intermittent,0.0,15.83,0,25.2
2023-08-07,SKU_14,pecas,intermittent,0.0,15.88,0,22.1
2023-08-08,SKU_14,pecas,intermittent,21.0,15.99,0,20.9
2023-08-09,SKU_14,pecas,intermittent,15.0,15.84,0,21.8
2023-08-10,SKU_14,pecas,intermittent,34.0,15.57,0,22.6
2023-08-11,SKU_14,pecas,intermittent,0.0,15.49,0,22.4
2023-08-12,SKU_14,pecas,intermittent,0.0,16.02,0,19.8
2023-08-13,SKU_14,pecas,intermittent,0.0,15.77,0,22.0
2023-08-14,SKU_14,pecas,intermittent,0.0,15.6,0,22.2
2023-08-15,SKU_14,pecas,intermittent,0.0,16.12,0,26.7
2023-08-16,SKU_14,pecas,intermittent,0.0,13.91,1,25.3
2023-08-17,SKU_14,pecas,intermittent,0.0,15.98,0,19.7
2023-08-18,SKU_14,pecas,intermittent,32.0,16.05,0,20.8
2023-08-19,SKU_14,pecas,intermittent,27.0,16.06,0,18.3
2023-08-20,SKU_14,pecas,intermittent,39.0,15.54,0,20.0
2023-08-21,SKU_14,pecas,intermittent,21.0,16.18,0,21.7
2023-08-22,SKU_14,pecas,intermittent,0.0,16.25,0,23.4
2023-08-23,SKU_14,pecas,intermittent,29.0,16.37,0,19.4
2023-08-24,SKU_14,pecas,intermittent,0.0,15.91,0,19.5
2023-08-25,SKU_14,pecas,intermittent,11.0,15.77,0,16.4
2023-08-26,SKU_14,pecas,intermittent,33.0,13.87,1,20.3
2023-08-27,SKU_14,pecas,intermittent,25.0,16.1,0,18.4
2023-08-28,SKU_14,pecas,intermittent,0.0,16.17,0,19.4
2023-08-29,SKU_14,pecas,intermittent,0.0,13.47,1,18.6
2023-08-30,SKU_14,pecas,intermittent,0.0,16.05,0,20.1
2023-08-31,SKU_14,pecas,intermittent,0.0,15.79,0,16.7
2023-09-01,SKU_14,pecas,intermittent,11.0,16.0,0,17.2
2023-09-02,SKU_14,pecas,intermittent,0.0,15.93,0,24.3
2023-09-03,SKU_14,pecas,intermittent,27.0,16.47,0,17.4
2023-09-04,SKU_14,pecas,intermittent,26.0,16.11,0,17.7
2023-09-05,SKU_14,pecas,intermittent,0.0,15.57,0,23.5
2023-09-06,SKU_14,pecas,intermittent,0.0,16.0,0,25.6
2023-09-07,SKU_14,pecas,intermittent,0.0,16.07,0,17.4
2023-09-08,SKU_14,pecas,intermittent,21.0,15.91,0,18.9
2023-09-09,SKU_14,pecas,intermittent,0.0,15.78,0,20.2
2023-09-10,SKU_14,pecas,intermittent,0.0,16.13,0,22.9
2023-09-11,SKU_14,pecas,intermittent,0.0,15.81,0,17.4
2023-09-12,SKU_14,pecas,intermittent,0.0,16.12,0,18.9
2023-09-13,SKU_14,pecas,intermittent,0.0,15.79,0,20.8
2023-09-14,SKU_14,pecas,intermittent,47.0,15.89,0,20.1
2023-09-15,SKU_14,pecas,intermittent,0.0,16.19,0,18.4
2023-09-16,SKU_14,pecas,intermittent,0.0,13.7,1,18.8
2023-09-17,SKU_14,pecas,intermittent,0.0,16.01,0,16.3
2023-09-18,SKU_14,pecas,intermittent,0.0,15.99,0,18.5
2023-09-19,SKU_14,pecas,intermittent,0.0,16.02,0,18.4
2023-09-20,SKU_14,pecas,intermittent,41.0,15.84,0,19.3
2023-09-21,SKU_14,pecas,intermittent,0.0,15.7,0,17.7
2023-09-22,SKU_14,pecas,intermittent,17.0,16.11,0,19.7
2023-09-23,SKU_14,pecas,intermittent,0.0,16.31,0,20.7
2023-09-24,SKU_14,pecas,intermittent,0.0,16.12,0,19.0
2023-09-25,SKU_14,pecas,intermittent,0.0,16.05,0,19.3
2023-09-26,SKU_14,pecas,intermittent,0.0,15.76,0,18.7
2023-09-27,SKU_14,pecas,intermittent,25.0,16.18,0,18.5
2023-09-28,SKU_14,pecas,intermittent,33.0,16.1,0,17.1
2023-09-29,SKU_14,pecas,intermittent,0.0,16.15,0,19.1
2023-09-30,SKU_14,pecas,intermittent,23.0,16.21,0,18.2
2023-10-01,SKU_14,pecas,intermittent,22.0,16.32,0,22.6
2023-10-02,SKU_14,pecas,intermittent,0.0,15.78,0,21.5
2023-10-03,SKU_14,pecas,intermittent,0.0,15.74,0,19.1
2023-10-04,SKU_14,pecas,intermittent,28.0,16.03,0,16.8
2023-10-05,SKU_14,pecas,intermittent,15.0,15.82,0,16.0
2023-10-06,SKU_14,pecas,intermittent,13.0,15.78,0,20.6
2023-10-07,SKU_14,pecas,intermittent,0.0,16.24,0,18.7
2023-10-08,SKU_14,pecas,intermittent,0.0,15.8,0,19.1
2023-10-09,SKU_14,pecas,intermittent,21.0,16.0,0,14.7
2023-10-10,SKU_14,pecas,intermittent,27.0,15.67,0,20.0
2023-10-11,SKU_14,pecas,intermittent,0.0,16.01,0,19.0
2023-10-12,SKU_14,pecas,intermittent,30.0,13.84,1,15.9
2023-10-13,SKU_14,pecas,intermittent,0.0,16.24,0,17.1
2023-10-14,SKU_14,pecas,intermittent,27.0,16.21,0,18.6
2023-10-15,SKU_14,pecas,intermittent,0.0,15.98,0,18.1
2023-10-16,SKU_14,pecas,intermittent,0.0,16.22,0,17.4
2023-10-17,SKU_14,pecas,intermittent,28.0,16.09,0,17.8
2023-10-18,SKU_14,pecas,intermittent,15.0,15.91,0,17.5
2023-10-19,SKU_14,pecas,intermittent,20.0,16.08,0,18.3
2023-10-20,SKU_14,pecas,intermittent,6.0,16.18,0,20.9
2023-10-21,SKU_14,pecas,intermittent,16.0,15.73,0,12.9
2023-10-22,SKU_14,pecas,intermittent,0.0,15.79,0,17.5
2023-10-23,SKU_14,pecas,intermittent,0.0,15.97,0,18.4
2023-10-24,SKU_14,pecas,intermittent,54.0,15.76,0,18.6
2023-10-25,SKU_14,pecas,intermittent,41.0,15.75,0,17.3
2023-10-26,SKU_14,pecas,intermittent,0.0,15.92,0,14.5
2023-10-27,SKU_14,pecas,intermittent,11.0,16.2,0,18.7
2023-10-28,SKU_14,pecas,intermittent,0.0,16.19,0,21.5
2023-10-29,SKU_14,pecas,intermittent,0.0,16.06,0,15.0
2023-10-30,SKU_14,pecas,intermittent,0.0,16.04,0,19.8
2023-10-31,SKU_14,pecas,intermittent,0.0,16.42,0,17.4
2023-11-01,SKU_14,pecas,intermittent,0.0,15.89,0,18.0
2023-11-02,SKU_14,pecas,intermittent,36.0,16.05,0,16.0
2023-11-03,SKU_14,pecas,intermittent,21.0,15.88,0,17.5
2023-11-04,SKU_14,pecas,intermittent,13.0,15.74,0,20.8
2023-11-05,SKU_14,pecas,intermittent,41.0,13.84,1,19.3
2023-11-06,SKU_14,pecas,intermittent,20.0,15.94,0,21.7
2023-11-07,SKU_14,pecas,intermittent,38.0,16.14,0,20.6
2023-11-08,SKU_14,pecas,intermittent,0.0,15.95,0,19.1
2023-11-09,SKU_14,pecas,intermittent,32.0,16.25,0,21.8
2023-11-10,SKU_14,pecas,intermittent,0.0,15.8,0,19.2
2023-11-11,SKU_14,pecas,intermittent,13.0,16.23,0,20.0
2023-11-12,SKU_14,pecas,intermittent,0.0,16.18,0,17.8
2023-11-13,SKU_14,pecas,intermittent,25.0,15.64,0,18.6
2023-11-14,SKU_14,pecas,intermittent,20.0,15.9,0,17.1
2023-11-15,SKU_14,pecas,intermittent,0.0,16.2,0,20.5
2023-11-16,SKU_14,pecas,intermittent,20.0,16.33,0,16.2
2023-11-17,SKU_14,pecas,intermittent,0.0,16.14,0,20.2
2023-11-18,SKU_14,pecas,intermittent,0.0,15.92,0,18.3
2023-11-19,SKU_14,pecas,intermittent,0.0,15.81,0,21.0
2023-11-20,SKU_14,pecas,intermittent,0.0,16.11,0,20.2
2023-11-21,SKU_14,pecas,intermittent,0.0,15.91,0,22.4
2023-11-22,SKU_14,pecas,intermittent,38.0,15.92,0,20.3
2023-11-23,SKU_14,pecas,intermittent,0.0,15.96,0,15.8
2023-11-24,SKU_14,pecas,intermittent,29.0,16.18,0,18.8
2023-11-25,SKU_14,pecas,intermittent,0.0,16.36,0,16.7
2023-11-26,SKU_14,pecas,intermittent,0.0,16.21,0,18.0
2023-11-27,SKU_14,pecas,intermittent,24.0,16.0,0,22.2
2023-11-28,SKU_14,pecas,intermittent,0.0,15.82,0,20.5
2023-11-29,SKU_14,pecas,intermittent,0.0,16.13,0,17.9
2023-11-30,SKU_14,pecas,intermittent,0.0,16.33,0,17.3
2023-12-01,SKU_14,pecas,intermittent,24.0,16.2,0,19.4
2023-12-02,SKU_14,pecas,intermittent,0.0,16.04,0,17.0
2023-12-03,SKU_14,pecas,intermittent,39.0,15.9,0,18.2
2023-12-04,SKU_14,pecas,intermittent,16.0,16.07,0,20.2
2023-12-05,SKU_14,pecas,intermittent,0.0,16.23,0,22.0
2023-12-06,SKU_14,pecas,intermittent,0.0,16.05,0,20.9
2023-12-07,SKU_14,pecas,intermittent,0.0,13.58,1,15.2
2023-12-08,SKU_14,pecas,intermittent,0.0,15.86,0,20.5
2023-12-09,SKU_14,pecas,intermittent,0.0,16.52,0,20.1
2023-12-10,SKU_14,pecas,intermittent,0.0,15.82,0,20.9
2023-12-11,SKU_14,pecas,intermittent,14.0,15.8,0,23.3
2023-12-12,SKU_14,pecas,intermittent,0.0,16.03,0,16.1
2023-12-13,SKU_14,pecas,intermittent,0.0,15.96,0,19.1
2023-12-14,SKU_14,pecas,intermittent,24.0,16.2,0,21.5
2023-12-15,SKU_14,pecas,intermittent,14.0,16.21,0,17.3
2023-12-16,SKU_14,pecas,intermittent,26.0,15.76,0,23.5
2023-12-17,SKU_14,pecas,intermittent,0.0,15.85,0,21.3
2023-12-18,SKU_14,pecas,intermittent,35.0,15.82,0,22.4
2023-12-19,SKU_14,pecas,intermittent,0.0,16.16,0,19.6
2023-12-20,SKU_14,pecas,intermittent,0.0,16.09,0,22.5
2023-12-21,SKU_14,pecas,intermittent,0.0,15.93,0,23.1
2023-12-22,SKU_14,pecas,intermittent,35.0,13.64,1,21.5
2023-12-23,SKU_14,pecas,intermittent,0.0,15.77,0,21.6
2023-12-24,SKU_14,pecas,intermittent,0.0,15.85,0,21.8
2023-12-25,SKU_14,pecas,intermittent,30.0,15.74,0,19.6
2023-12-26,SKU_14,pecas,intermittent,34.0,16.03,0,21.1
2023-12-27,SKU_14,pecas,intermittent,53.0,16.03,0,21.2
2023-12-28,SKU_14,pecas,intermittent,27.0,15.8,0,22.4
2023-12-29,SKU_14,pecas,intermittent,16.0,16.08,0,23.7
2023-12-30,SKU_14,pecas,intermittent,17.0,16.21,0,19.7
2023-12-31,SKU_14,pecas,intermittent,0.0,15.79,0,21.6
2024-01-01,SKU_14,pecas,intermittent,18.0,15.93,0,24.9
2024-01-02,SKU_14,pecas,intermittent,31.0,16.1,0,20.6
2024-01-03,SKU_14,pecas,intermittent,0.0,16.0,0,20.5
2024-01-04,SKU_14,pecas,intermittent,0.0,15.73,0,22.7
2024-01-05,SKU_14,pecas,intermittent,0.0,15.91,0,24.1
2024-01-06,SKU_14,pecas,intermittent,0.0,15.91,0,22.5
2024-01-07,SKU_14,pecas,intermittent,0.0,15.97,0,25.2
2024-01-08,SKU_14,pecas,intermittent,32.0,15.97,0,24.4
2024-01-09,SKU_14,pecas,intermittent,0.0,16.31,0,24.5
2024-01-10,SKU_14,pecas,intermittent,34.0,15.96,0,24.0
2024-01-11,SKU_14,pecas,intermittent,0.0,15.66,0,27.6
2024-01-12,SKU_14,pecas,intermittent,27.0,16.02,0,22.7
2024-01-13,SKU_14,pecas,intermittent,0.0,16.35,0,19.2
2024-01-14,SKU_14,pecas,intermittent,52.0,13.57,1,26.5
2024-01-15,SKU_14,pecas,intermittent,0.0,15.91,0,22.5
2024-01-16,SKU_14,pecas,intermittent,43.0,15.94,0,23.7
2024-01-17,SKU_14,pecas,intermittent,0.0,16.12,0,26.2
2024-01-18,SKU_14,pecas,intermittent,0.0,15.94,0,20.5
2024-01-19,SKU_14,pecas,intermittent,13.0,15.7,0,21.3
2024-01-20,SKU_14,pecas,intermittent,0.0,15.87,0,20.7
2024-01-21,SKU_14,pecas,intermittent,15.0,15.99,0,22.4
2024-01-22,SKU_14,pecas,intermittent,50.0,16.11,0,25.0
2024-01-23,SKU_14,pecas,intermittent,36.0,15.88,0,25.3
2024-01-24,SKU_14,pecas,intermittent,0.0,15.94,0,24.9
2024-01-25,SKU_14,pecas,intermittent,59.0,16.01,0,21.6
2024-01-26,SKU_14,pecas,intermittent,0.0,15.84,0,19.9
2024-01-27,SKU_14,pecas,intermittent,0.0,15.98,0,24.7
2024-01-28,SKU_14,pecas,intermittent,29.0,16.09,0,23.8
2024-01-29,SKU_14,pecas,intermittent,38.0,15.76,0,25.7
2024-01-30,SKU_14,pecas,intermittent,54.0,16.06,0,26.3
2024-01-31,SKU_14,pecas,intermittent,42.0,13.38,1,25.3
2024-02-01,SKU_14,pecas,intermittent,0.0,13.39,1,26.6
2024-02-02,SKU_14,pecas,intermittent,44.0,13.47,1,25.7
2024-02-03,SKU_14,pecas,intermittent,0.0,16.27,0,26.4
2024-02-04,SKU_14,pecas,intermittent,0.0,15.66,0,24.0
2024-02-05,SKU_14,pecas,intermittent,54.0,13.51,1,25.2
2024-02-06,SKU_14,pecas,intermittent,0.0,15.99,0,26.0
2024-02-07,SKU_14,pecas,intermittent,0.0,16.23,0,27.4
2024-02-08,SKU_14,pecas,intermittent,0.0,16.39,0,25.0
2024-02-09,SKU_14,pecas,intermittent,17.0,15.92,0,27.0
2024-02-10,SKU_14,pecas,intermittent,0.0,16.11,0,25.5
2024-02-11,SKU_14,pecas,intermittent,0.0,15.98,0,25.9
2024-02-12,SKU_14,pecas,intermittent,0.0,15.98,0,27.9
2024-02-13,SKU_14,pecas,intermittent,0.0,16.05,0,22.3
2024-02-14,SKU_14,pecas,intermittent,0.0,15.68,0,23.8
2024-02-15,SKU_14,pecas,intermittent,0.0,15.99,0,23.5
2024-02-16,SKU_14,pecas,intermittent,21.0,16.09,0,21.9
2024-02-17,SKU_14,pecas,intermittent,0.0,15.83,0,25.3
2024-02-18,SKU_14,pecas,intermittent,52.0,16.09,0,28.3
2024-02-19,SKU_14,pecas,intermittent,0.0,15.65,0,26.3
2024-02-20,SKU_14,pecas,intermittent,31.0,16.02,0,27.4
2024-02-21,SKU_14,pecas,intermittent,0.0,16.27,0,29.2
2024-02-22,SKU_14,pecas,intermittent,0.0,15.96,0,29.8
2024-02-23,SKU_14,pecas,intermittent,0.0,15.8,0,27.1
2024-02-24,SKU_14,pecas,intermittent,16.0,15.71,0,30.0
2024-02-25,SKU_14,pecas,intermittent,0.0,16.08,0,27.6
2024-02-26,SKU_14,pecas,intermittent,37.0,16.19,0,25.8
2024-02-27,SKU_14,pecas,intermittent,25.0,15.99,0,26.4
2024-02-28,SKU_14,pecas,intermittent,0.0,15.91,0,24.7
2024-02-29,SKU_14,pecas,intermittent,0.0,15.61,0,26.0
2024-03-01,SKU_14,pecas,intermittent,0.0,16.02,0,27.1
2024-03-02,SKU_14,pecas,intermittent,0.0,15.86,0,29.5
2024-03-03,SKU_14,pecas,intermittent,0.0,15.87,0,31.4
2024-03-04,SKU_14,pecas,intermittent,34.0,16.32,0,25.3
2024-03-05,SKU_14,pecas,intermittent,37.0,15.64,0,28.9
2024-03-06,SKU_14,pecas,intermittent,0.0,15.67,0,26.1
2024-03-07,SKU_14,pecas,intermittent,0.0,16.05,0,29.2
2024-03-08,SKU_14,pecas,intermittent,0.0,15.92,0,28.1
2024-03-09,SKU_14,pecas,intermittent,15.0,15.9,0,24.8
2024-03-10,SKU_14,pecas,intermittent,28.0,16.05,0,30.3
2024-03-11,SKU_14,pecas,intermittent,33.0,16.05,0,27.3
2024-03-12,SKU_14,pecas,intermittent,0.0,15.81,0,27.5
2024-03-13,SKU_14,pecas,intermittent,23.0,15.88,0,26.5
2024-03-14,SKU_14,pecas,intermittent,34.0,16.01,0,27.4
2024-03-15,SKU_14,pecas,intermittent,0.0,16.03,0,29.7
2024-03-16,SKU_14,pecas,intermittent,17.0,16.1,0,28.5
2024-03-17,SKU_14,pecas,intermittent,45.0,15.88,0,29.6
2024-03-18,SKU_14,pecas,intermittent,0.0,16.07,0,29.7
2024-03-19,SKU_14,pecas,intermittent,58.0,16.19,0,31.7
2024-03-20,SKU_14,pecas,intermittent,0.0,13.61,1,28.4
2024-03-21,SKU_14,pecas,intermittent,0.0,13.58,1,26.2
2024-03-22,SKU_14,pecas,intermittent,27.0,15.95,0,31.3
2024-03-23,SKU_14,pecas,intermittent,21.0,15.88,0,28.6
2024-03-24,SKU_14,pecas,intermittent,0.0,15.81,0,31.5
2024-03-25,SKU_14,pecas,intermittent,0.0,15.94,0,30.1
2024-03-26,SKU_14,pecas,intermittent,0.0,16.09,0,29.1
2024-03-27,SKU_14,pecas,intermittent,30.0,15.82,0,30.1
2024-03-28,SKU_14,pecas,intermittent,0.0,15.98,0,33.4
2024-03-29,SKU_14,pecas,intermittent,0.0,15.96,0,33.7
2024-03-30,SKU_14,pecas,intermittent,16.0,16.36,0,29.7
2024-03-31,SKU_14,pecas,intermittent,0.0,16.14,0,29.9
2024-04-01,SKU_14,pecas,intermittent,33.0,16.14,0,31.8
2024-04-02,SKU_14,pecas,intermittent,29.0,16.18,0,28.0
2024-04-03,SKU_14,pecas,intermittent,29.0,15.89,0,30.4
2024-04-04,SKU_14,pecas,intermittent,54.0,13.88,1,29.7
2024-04-05,SKU_14,pecas,intermittent,0.0,13.63,1,30.4
2024-04-06,SKU_14,pecas,intermittent,21.0,15.99,0,28.1
2024-04-07,SKU_14,pecas,intermittent,26.0,15.76,0,26.6
2024-04-08,SKU_14,pecas,intermittent,28.0,15.92,0,25.7
2024-04-09,SKU_14,pecas,intermittent,0.0,15.65,0,27.6
2024-04-10,SKU_14,pecas,intermittent,0.0,15.95,0,29.0
2024-04-11,SKU_14,pecas,intermittent,19.0,15.88,0,29.3
2024-04-12,SKU_14,pecas,intermittent,0.0,15.92,0,33.8
2024-04-13,SKU_14,pecas,intermittent,0.0,15.72,0,32.2
2024-04-14,SKU_14,pecas,intermittent,0.0,13.74,1,28.0
2024-04-15,SKU_14,pecas,intermittent,0.0,16.12,0,30.7
2024-04-16,SKU_14,pecas,intermittent,0.0,16.34,0,29.2
2024-04-17,SKU_14,pecas,intermittent,0.0,16.33,0,29.4
2024-04-18,SKU_14,pecas,intermittent,0.0,16.03,0,30.4
2024-04-19,SKU_14,pecas,intermittent,0.0,16.2,0,31.2
2024-04-20,SKU_14,pecas,intermittent,0.0,16.05,0,29.3
2024-04-21,SKU_14,pecas,intermittent,0.0,15.91,0,32.1
2024-04-22,SKU_14,pecas,intermittent,0.0,15.94,0,27.7
2024-04-23,SKU_14,pecas,intermittent,0.0,16.13,0,30.0
2024-04-24,SKU_14,pecas,intermittent,0.0,16.82,0,35.2
2024-04-25,SKU_14,pecas,intermittent,0.0,16.23,0,30.4
2024-04-26,SKU_14,pecas,intermittent,0.0,16.05,0,32.8
2024-04-27,SKU_14,pecas,intermittent,21.0,16.1,0,30.2
2024-04-28,SKU_14,pecas,intermittent,0.0,13.69,1,31.1
2024-04-29,SKU_14,pecas,intermittent,32.0,15.98,0,29.8
2024-04-30,SKU_14,pecas,intermittent,26.0,16.15,0,29.6
2024-05-01,SKU_14,pecas,intermittent,46.0,15.97,0,28.4
2024-05-02,SKU_14,pecas,intermittent,51.0,15.8,0,30.8
2024-05-03,SKU_14,pecas,intermittent,0.0,16.1,0,28.2
2024-05-04,SKU_14,pecas,intermittent,34.0,16.12,0,31.2
2024-05-05,SKU_14,pecas,intermittent,29.0,15.97,0,32.0
2024-05-06,SKU_14,pecas,intermittent,28.0,16.06,0,30.5
2024-05-07,SKU_14,pecas,intermittent,41.0,16.19,0,29.2
2024-05-08,SKU_14,pecas,intermittent,0.0,15.99,0,30.7
2024-05-09,SKU_14,pecas,intermittent,0.0,15.91,0,29.1
2024-05-10,SKU_14,pecas,intermittent,19.0,15.86,0,31.6
2024-05-11,SKU_14,pecas,intermittent,0.0,15.95,0,26.0
2024-05-12,SKU_14,pecas,intermittent,0.0,16.31,0,29.0
2024-05-13,SKU_14,pecas,intermittent,0.0,15.96,0,25.6
2024-05-14,SKU_14,pecas,intermittent,58.0,16.07,0,26.6
2024-05-15,SKU_14,pecas,intermittent,0.0,13.54,1,32.2
2024-05-16,SKU_14,pecas,intermittent,31.0,15.92,0,31.3
2024-05-17,SKU_14,pecas,intermittent,28.0,15.82,0,28.0
2024-05-18,SKU_14,pecas,intermittent,0.0,16.02,0,26.4
2024-05-19,SKU_14,pecas,intermittent,45.0,15.9,0,23.4
2024-05-20,SKU_14,pecas,intermittent,24.0,16.25,0,28.2
2024-05-21,SKU_14,pecas,intermittent,38.0,15.98,0,34.1
2024-05-22,SKU_14,pecas,intermittent,0.0,15.99,0,30.0
2024-05-23,SKU_14,pecas,intermittent,68.0,15.96,0,28.0
2024-05-24,SKU_14,pecas,intermittent,26.0,16.07,0,30.0
2024-05-25,SKU_14,pecas,intermittent,20.0,16.3,0,25.9
2024-05-26,SKU_14,pecas,intermittent,38.0,15.79,0,28.4
2024-05-27,SKU_14,pecas,intermittent,0.0,16.06,0,29.1
2024-05-28,SKU_14,pecas,intermittent,42.0,15.69,0,28.7
2024-05-29,SKU_14,pecas,intermittent,0.0,16.24,0,30.4
2024-05-30,SKU_14,pecas,intermittent,51.0,15.98,0,29.4
2024-05-31,SKU_14,pecas,intermittent,0.0,15.7,0,30.0
2024-06-01,SKU_14,pecas,intermittent,0.0,15.74,0,27.2
2024-06-02,SKU_14,pecas,intermittent,27.0,16.16,0,30.3
2024-06-03,SKU_14,pecas,intermittent,34.0,15.67,0,31.7
2024-06-04,SKU_14,pecas,intermittent,0.0,16.06,0,26.4
2024-06-05,SKU_14,pecas,intermittent,0.0,15.91,0,26.5
2024-06-06,SKU_14,pecas,intermittent,32.0,15.96,0,30.9
2024-06-07,SKU_14,pecas,intermittent,13.0,15.87,0,27.8
2024-06-08,SKU_14,pecas,intermittent,0.0,15.81,0,30.9
2024-06-09,SKU_14,pecas,intermittent,22.0,15.9,0,27.1
2024-06-10,SKU_14,pecas,intermittent,35.0,16.11,0,30.8
2024-06-11,SKU_14,pecas,intermittent,30.0,15.94,0,28.1
2024-06-12,SKU_14,pecas,intermittent,0.0,16.08,0,28.3
2024-06-13,SKU_14,pecas,intermittent,48.0,15.95,0,30.8
2024-06-14,SKU_14,pecas,intermittent,20.0,16.12,0,26.9
2024-06-15,SKU_14,pecas,intermittent,26.0,16.08,0,25.6
2024-06-16,SKU_14,pecas,intermittent,0.0,15.89,0,26.5
2024-06-17,SKU_14,pecas,intermittent,0.0,15.81,0,28.3
2024-06-18,SKU_14,pecas,intermittent,0.0,16.19,0,24.1
2024-06-19,SKU_14,pecas,intermittent,0.0,15.84,0,28.5
2024-06-20,SKU_14,pecas,intermittent,0.0,16.1,0,26.0
2024-06-21,SKU_14,pecas,intermittent,0.0,16.01,0,29.3
2024-06-22,SKU_14,pecas,intermittent,0.0,15.91,0,22.1
2024-06-23,SKU_14,pecas,intermittent,0.0,16.09,0,25.3
2024-06-24,SKU_14,pecas,intermittent,24.0,16.27,0,23.4
2024-06-25,SKU_14,pecas,intermittent,0.0,16.13,0,25.0
2024-06-26,SKU_14,pecas,intermittent,35.0,16.03,0,27.0
2024-06-27,SKU_14,pecas,intermittent,50.0,16.32,0,26.1
2024-06-28,SKU_14,pecas,intermittent,17.0,15.67,0,25.9
2024-06-29,SKU_14,pecas,intermittent,0.0,15.78,0,25.9
2024-06-30,SKU_14,pecas,intermittent,0.0,15.91,0,26.6
2024-07-01,SKU_14,pecas,intermittent,0.0,16.28,0,24.1
2024-07-02,SKU_14,pecas,intermittent,0.0,13.79,1,27.4
2024-07-03,SKU_14,pecas,intermittent,28.0,15.66,0,27.2
2024-07-04,SKU_14,pecas,intermittent,0.0,15.91,0,26.6
2024-07-05,SKU_14,pecas,intermittent,26.0,15.74,0,26.8
2024-07-06,SKU_14,pecas,intermittent,0.0,15.99,0,26.2
2024-07-07,SKU_14,pecas,intermittent,44.0,13.78,1,29.6
2024-07-08,SKU_14,pecas,intermittent,39.0,13.8,1,25.2
2024-07-09,SKU_14,pecas,intermittent,0.0,16.05,0,24.7
2024-07-10,SKU_14,pecas,intermittent,37.0,15.91,0,23.7
2024-07-11,SKU_14,pecas,intermittent,30.0,13.58,1,23.0
2024-07-12,SKU_14,pecas,intermittent,0.0,16.14,0,22.5
2024-07-13,SKU_14,pecas,intermittent,0.0,16.47,0,23.1
2024-07-14,SKU_14,pecas,intermittent,30.0,15.76,0,24.6
2024-07-15,SKU_14,pecas,intermittent,0.0,16.32,0,25.3
2024-07-16,SKU_14,pecas,intermittent,0.0,13.65,1,24.7
2024-07-17,SKU_14,pecas,intermittent,40.0,16.16,0,22.9
2024-07-18,SKU_14,pecas,intermittent,26.0,16.04,0,26.2
2024-07-19,SKU_14,pecas,intermittent,0.0,16.28,0,25.7
2024-07-20,SKU_14,pecas,intermittent,0.0,16.07,0,23.8
2024-07-21,SKU_14,pecas,intermittent,27.0,15.87,0,22.7
2024-07-22,SKU_14,pecas,intermittent,0.0,16.09,0,25.0
2024-07-23,SKU_14,pecas,intermittent,0.0,16.23,0,24.2
2024-07-24,SKU_14,pecas,intermittent,0.0,16.0,0,20.8
2024-07-25,SKU_14,pecas,intermittent,0.0,15.59,0,23.5
2024-07-26,SKU_14,pecas,intermittent,0.0,15.98,0,24.1
2024-07-27,SKU_14,pecas,intermittent,14.0,16.02,0,21.6
2024-07-28,SKU_14,pecas,intermittent,0.0,15.99,0,23.7
2024-07-29,SKU_14,pecas,intermittent,0.0,15.9,0,20.3
2024-07-30,SKU_14,pecas,intermittent,0.0,16.26,0,25.8
2024-07-31,SKU_14,pecas,intermittent,0.0,15.53,0,25.5
2024-08-01,SKU_14,pecas,intermittent,42.0,16.02,0,22.4
2024-08-02,SKU_14,pecas,intermittent,0.0,16.02,0,23.5
2024-08-03,SKU_14,pecas,intermittent,0.0,16.42,0,17.9
2024-08-04,SKU_14,pecas,intermittent,42.0,16.0,0,20.3
2024-08-05,SKU_14,pecas,intermittent,20.0,16.09,0,21.9
2024-08-06,SKU_14,pecas,intermittent,0.0,16.03,0,20.3
2024-08-07,SKU_14,pecas,intermittent,0.0,16.02,0,23.7
2024-08-08,SKU_14,pecas,intermittent,0.0,16.35,0,26.2
2024-08-09,SKU_14,pecas,intermittent,19.0,15.78,0,19.8
2024-08-10,SKU_14,pecas,intermittent,0.0,15.87,0,20.3
2024-08-11,SKU_14,pecas,intermittent,42.0,16.15,0,22.4
2024-08-12,SKU_14,pecas,intermittent,0.0,16.05,0,25.1
2024-08-13,SKU_14,pecas,intermittent,0.0,15.94,0,19.3
2024-08-14,SKU_14,pecas,intermittent,0.0,15.99,0,22.1
2024-08-15,SKU_14,pecas,intermittent,0.0,16.18,0,25.2
2024-08-16,SKU_14,pecas,intermittent,30.0,16.1,0,18.1
2024-08-17,SKU_14,pecas,intermittent,21.0,15.86,0,18.8
2024-08-18,SKU_14,pecas,intermittent,0.0,13.65,1,20.4
2024-08-19,SKU_14,pecas,intermittent,0.0,15.99,0,20.1
2024-08-20,SKU_14,pecas,intermittent,0.0,16.09,0,22.7
2024-08-21,SKU_14,pecas,intermittent,0.0,15.94,0,21.5
2024-08-22,SKU_14,pecas,intermittent,0.0,15.76,0,17.4
2024-08-23,SKU_14,pecas,intermittent,19.0,16.13,0,21.8
2024-08-24,SKU_14,pecas,intermittent,9.0,16.11,0,19.6
2024-08-25,SKU_14,pecas,intermittent,0.0,16.28,0,23.2
2024-08-26,SKU_14,pecas,intermittent,22.0,13.34,1,19.3
2024-08-27,SKU_14,pecas,intermittent,0.0,15.99,0,19.2
2024-08-28,SKU_14,pecas,intermittent,0.0,15.95,0,21.5
2024-08-29,SKU_14,pecas,intermittent,0.0,15.92,0,21.8
2024-08-30,SKU_14,pecas,intermittent,18.0,15.69,0,21.1
2024-08-31,SKU_14,pecas,intermittent,0.0,15.79,0,16.8
2024-09-01,SKU_14,pecas,intermittent,29.0,16.05,0,21.1
2024-09-02,SKU_14,pecas,intermittent,0.0,15.9,0,17.9
2024-09-03,SKU_14,pecas,intermittent,0.0,15.83,0,20.4
2024-09-04,SKU_14,pecas,intermittent,0.0,16.29,0,17.0
2024-09-05,SKU_14,pecas,intermittent,34.0,16.47,0,20.7
2024-09-06,SKU_14,pecas,intermittent,11.0,15.99,0,18.1
2024-09-07,SKU_14,pecas,intermittent,14.0,15.7,0,17.1
2024-09-08,SKU_14,pecas,intermittent,0.0,16.08,0,21.0
2024-09-09,SKU_14,pecas,intermittent,0.0,15.58,0,20.0
2024-09-10,SKU_14,pecas,intermittent,0.0,15.73,0,18.2
2024-09-11,SKU_14,pecas,intermittent,54.0,16.08,0,22.3
2024-09-12,SKU_14,pecas,intermittent,30.0,15.72,0,18.4
2024-09-13,SKU_14,pecas,intermittent,0.0,13.54,1,19.3
2024-09-14,SKU_14,pecas,intermittent,0.0,15.7,0,19.7
2024-09-15,SKU_14,pecas,intermittent,0.0,16.01,0,17.9
2024-09-16,SKU_14,pecas,intermittent,25.0,16.22,0,20.0
2024-09-17,SKU_14,pecas,intermittent,33.0,13.48,1,17.9
2024-09-18,SKU_14,pecas,intermittent,0.0,16.0,0,18.1
2024-09-19,SKU_14,pecas,intermittent,0.0,15.84,0,21.6
2024-09-20,SKU_14,pecas,intermittent,0.0,15.85,0,16.7
2024-09-21,SKU_14,pecas,intermittent,0.0,13.43,1,13.9
2024-09-22,SKU_14,pecas,intermittent,0.0,16.16,0,21.9
2024-09-23,SKU_14,pecas,intermittent,0.0,15.72,0,23.8
2024-09-24,SKU_14,pecas,intermittent,0.0,15.93,0,17.8
2024-09-25,SKU_14,pecas,intermittent,48.0,13.68,1,14.7
2024-09-26,SKU_14,pecas,intermittent,36.0,16.18,0,17.9
2024-09-27,SKU_14,pecas,intermittent,0.0,16.09,0,17.9
2024-09-28,SKU_14,pecas,intermittent,0.0,15.99,0,18.1
2024-09-29,SKU_14,pecas,intermittent,0.0,15.89,0,16.2
2024-09-30,SKU_14,pecas,intermittent,25.0,16.19,0,19.5
2024-10-01,SKU_14,pecas,intermittent,0.0,15.83,0,19.4
2024-10-02,SKU_14,pecas,intermittent,43.0,15.83,0,15.3
2024-10-03,SKU_14,pecas,intermittent,48.0,13.87,1,19.7
2024-10-04,SKU_14,pecas,intermittent,0.0,16.07,0,22.4
2024-10-05,SKU_14,pecas,intermittent,0.0,16.08,0,18.6
2024-10-06,SKU_14,pecas,intermittent,43.0,16.12,0,17.5
2024-10-07,SKU_14,pecas,intermittent,0.0,15.98,0,17.9
2024-10-08,SKU_14,pecas,intermittent,0.0,15.71,0,19.4
2024-10-09,SKU_14,pecas,intermittent,23.0,16.05,0,14.7
2024-10-10,SKU_14,pecas,intermittent,26.0,16.0,0,18.4
2024-10-11,SKU_14,pecas,intermittent,0.0,15.83,0,17.3
2024-10-12,SKU_14,pecas,intermittent,0.0,15.78,0,21.8
2024-10-13,SKU_14,pecas,intermittent,0.0,15.99,0,17.7
2024-10-14,SKU_14,pecas,intermittent,32.0,15.73,0,21.4
2024-10-15,SKU_14,pecas,intermittent,0.0,15.97,0,15.8
2024-10-16,SKU_14,pecas,intermittent,0.0,15.95,0,19.2
2024-10-17,SKU_14,pecas,intermittent,30.0,15.98,0,18.7
2024-10-18,SKU_14,pecas,intermittent,0.0,16.08,0,16.3
2024-10-19,SKU_14,pecas,intermittent,22.0,16.12,0,18.4
2024-10-20,SKU_14,pecas,intermittent,0.0,15.86,0,20.4
2024-10-21,SKU_14,pecas,intermittent,55.0,16.17,0,17.4
2024-10-22,SKU_14,pecas,intermittent,25.0,15.96,0,14.6
2024-10-23,SKU_14,pecas,intermittent,31.0,16.35,0,18.0
2024-10-24,SKU_14,pecas,intermittent,31.0,15.88,0,16.2
2024-10-25,SKU_14,pecas,intermittent,18.0,15.68,0,17.3
2024-10-26,SKU_14,pecas,intermittent,12.0,16.17,0,17.9
2024-10-27,SKU_14,pecas,intermittent,0.0,16.09,0,14.6
2024-10-28,SKU_14,pecas,intermittent,29.0,16.24,0,14.8
2024-10-29,SKU_14,pecas,intermittent,26.0,13.66,1,19.0
2024-10-30,SKU_14,pecas,intermittent,26.0,16.47,0,17.0
2024-10-31,SKU_14,pecas,intermittent,0.0,15.96,0,13.0
2024-11-01,SKU_14,pecas,intermittent,16.0,16.21,0,19.7
2024-11-02,SKU_14,pecas,intermittent,0.0,15.89,0,18.7
2024-11-03,SKU_14,pecas,intermittent,30.0,13.7,1,16.7
2024-11-04,SKU_14,pecas,intermittent,38.0,16.14,0,15.5
2024-11-05,SKU_14,pecas,intermittent,0.0,16.17,0,19.9
2024-11-06,SKU_14,pecas,intermittent,0.0,16.16,0,18.9
2024-11-07,SKU_14,pecas,intermittent,0.0,15.35,0,23.0
2024-11-08,SKU_14,pecas,intermittent,16.0,15.99,0,19.1
2024-11-09,SKU_14,pecas,intermittent,13.0,15.88,0,19.1
2024-11-10,SKU_14,pecas,intermittent,27.0,15.92,0,18.0
2024-11-11,SKU_14,pecas,intermittent,18.0,15.94,0,20.0
2024-11-12,SKU_14,pecas,intermittent,0.0,13.8,1,19.7
2024-11-13,SKU_14,pecas,intermittent,12.0,16.04,0,21.0
2024-11-14,SKU_14,pecas,intermittent,57.0,13.5,1,17.5
2024-11-15,SKU_14,pecas,intermittent,21.0,15.71,0,17.7
2024-11-16,SKU_14,pecas,intermittent,28.0,16.31,0,17.6
2024-11-17,SKU_14,pecas,intermittent,57.0,15.87,0,20.2
2024-11-18,SKU_14,pecas,intermittent,40.0,15.97,0,21.7
2024-11-19,SKU_14,pecas,intermittent,0.0,16.43,0,17.8
2024-11-20,SKU_14,pecas,intermittent,0.0,15.88,0,17.9
2024-11-21,SKU_14,pecas,intermittent,21.0,15.94,0,19.5
2024-11-22,SKU_14,pecas,intermittent,10.0,16.05,0,18.4
2024-11-23,SKU_14,pecas,intermittent,0.0,15.68,0,20.9
2024-11-24,SKU_14,pecas,intermittent,37.0,15.66,0,14.5
2024-11-25,SKU_14,pecas,intermittent,0.0,15.9,0,17.4
2024-11-26,SKU_14,pecas,intermittent,0.0,15.91,0,17.6
2024-11-27,SKU_14,pecas,intermittent,0.0,16.03,0,14.6
2024-11-28,SKU_14,pecas,intermittent,0.0,15.8,0,17.3
2024-11-29,SKU_14,pecas,intermittent,15.0,16.09,0,17.5
2024-11-30,SKU_14,pecas,intermittent,33.0,15.57,0,19.0
2024-12-01,SKU_14,pecas,intermittent,0.0,15.99,0,21.7
2024-12-02,SKU_14,pecas,intermittent,33.0,16.07,0,19.0
2024-12-03,SKU_14,pecas,intermittent,30.0,16.07,0,17.5
2024-12-04,SKU_14,pecas,intermittent,0.0,15.97,0,19.5
2024-12-05,SKU_14,pecas,intermittent,0.0,15.87,0,21.8
2024-12-06,SKU_14,pecas,intermittent,10.0,15.96,0,17.9
2024-12-07,SKU_14,pecas,intermittent,0.0,16.25,0,18.1
2024-12-08,SKU_14,pecas,intermittent,31.0,15.88,0,21.1
2024-12-09,SKU_14,pecas,intermittent,0.0,16.2,0,19.6
2024-12-10,SKU_14,pecas,intermittent,32.0,16.23,0,21.4
2024-12-11,SKU_14,pecas,intermittent,0.0,15.65,0,20.2
2024-12-12,SKU_14,pecas,intermittent,0.0,15.97,0,21.7
2024-12-13,SKU_14,pecas,intermittent,29.0,15.8,0,18.3
2024-12-14,SKU_14,pecas,intermittent,0.0,15.7,0,20.4
2024-12-15,SKU_14,pecas,intermittent,35.0,16.16,0,20.1
2024-12-16,SKU_14,pecas,intermittent,0.0,16.09,0,18.2
2024-12-17,SKU_14,pecas,intermittent,30.0,16.05,0,17.6
2024-12-18,SKU_14,pecas,intermittent,21.0,15.78,0,22.1
2024-12-19,SKU_14,pecas,intermittent,46.0,16.04,0,20.2
2024-12-20,SKU_14,pecas,intermittent,17.0,15.74,0,18.9
2024-12-21,SKU_14,pecas,intermittent,0.0,16.02,0,20.8
2024-12-22,SKU_14,pecas,intermittent,0.0,13.47,1,23.4
2024-12-23,SKU_14,pecas,intermittent,0.0,16.21,0,16.7
2024-12-24,SKU_14,pecas,intermittent,0.0,15.93,0,18.3
2024-12-25,SKU_14,pecas,intermittent,0.0,16.05,0,19.6
2024-12-26,SKU_14,pecas,intermittent,39.0,13.65,1,24.4
2024-12-27,SKU_14,pecas,intermittent,0.0,15.98,0,22.2
2024-12-28,SKU_14,pecas,intermittent,0.0,16.02,0,23.2
2024-12-29,SKU_14,pecas,intermittent,22.0,16.06,0,19.5
2024-12-30,SKU_14,pecas,intermittent,51.0,15.82,0,19.6
2023-01-01,SKU_15,pecas,intermittent,0.0,7.78,0,22.6
2023-01-02,SKU_15,pecas,intermittent,0.0,7.85,0,20.0
2023-01-03,SKU_15,pecas,intermittent,0.0,6.51,1,23.7
2023-01-04,SKU_15,pecas,intermittent,0.0,7.77,0,24.2
2023-01-05,SKU_15,pecas,intermittent,28.0,7.8,0,18.5
2023-01-06,SKU_15,pecas,intermittent,0.0,6.51,1,19.9
2023-01-07,SKU_15,pecas,intermittent,15.0,8.11,0,22.8
2023-01-08,SKU_15,pecas,intermittent,28.0,6.62,1,22.0
2023-01-09,SKU_15,pecas,intermittent,40.0,7.63,0,22.7
2023-01-10,SKU_15,pecas,intermittent,0.0,7.92,0,21.2
2023-01-11,SKU_15,pecas,intermittent,0.0,7.78,0,24.7
2023-01-12,SKU_15,pecas,intermittent,0.0,8.29,0,24.6
2023-01-13,SKU_15,pecas,intermittent,0.0,8.03,0,23.3
2023-01-14,SKU_15,pecas,intermittent,0.0,7.71,0,25.5
2023-01-15,SKU_15,pecas,intermittent,0.0,6.91,1,24.3
2023-01-16,SKU_15,pecas,intermittent,0.0,8.02,0,21.8
2023-01-17,SKU_15,pecas,intermittent,28.0,7.95,0,24.3
2023-01-18,SKU_15,pecas,intermittent,0.0,8.31,0,21.8
2023-01-19,SKU_15,pecas,intermittent,28.0,7.8,0,25.6
2023-01-20,SKU_15,pecas,intermittent,15.0,8.21,0,23.8
2023-01-21,SKU_15,pecas,intermittent,39.0,7.92,0,23.6
2023-01-22,SKU_15,pecas,intermittent,24.0,8.0,0,22.7
2023-01-23,SKU_15,pecas,intermittent,0.0,7.85,0,26.7
2023-01-24,SKU_15,pecas,intermittent,0.0,7.86,0,24.0
2023-01-25,SKU_15,pecas,intermittent,0.0,7.91,0,23.6
2023-01-26,SKU_15,pecas,intermittent,0.0,7.62,0,23.8
2023-01-27,SKU_15,pecas,intermittent,0.0,8.07,0,25.7
2023-01-28,SKU_15,pecas,intermittent,16.0,8.02,0,25.5
2023-01-29,SKU_15,pecas,intermittent,0.0,7.7,0,25.6
2023-01-30,SKU_15,pecas,intermittent,28.0,8.13,0,25.8
2023-01-31,SKU_15,pecas,intermittent,0.0,8.29,0,29.3
2023-02-01,SKU_15,pecas,intermittent,0.0,7.87,0,24.3
2023-02-02,SKU_15,pecas,intermittent,0.0,7.84,0,24.2
2023-02-03,SKU_15,pecas,intermittent,0.0,7.02,1,23.7
2023-02-04,SKU_15,pecas,intermittent,33.0,6.88,1,26.7
2023-02-05,SKU_15,pecas,intermittent,0.0,7.97,0,27.8
2023-02-06,SKU_15,pecas,intermittent,61.0,6.96,1,25.4
2023-02-07,SKU_15,pecas,intermittent,29.0,8.05,0,24.1
2023-02-08,SKU_15,pecas,intermittent,41.0,8.29,0,24.2
2023-02-09,SKU_15,pecas,intermittent,0.0,8.0,0,27.2
2023-02-10,SKU_15,pecas,intermittent,0.0,8.09,0,27.5
2023-02-11,SKU_15,pecas,intermittent,0.0,8.22,0,27.2
2023-02-12,SKU_15,pecas,intermittent,0.0,7.51,0,24.9
2023-02-13,SKU_15,pecas,intermittent,0.0,8.23,0,26.8
2023-02-14,SKU_15,pecas,intermittent,36.0,7.9,0,26.6
2023-02-15,SKU_15,pecas,intermittent,0.0,8.1,0,26.9
2023-02-16,SKU_15,pecas,intermittent,34.0,8.33,0,28.3
2023-02-17,SKU_15,pecas,intermittent,0.0,7.94,0,27.1
2023-02-18,SKU_15,pecas,intermittent,0.0,7.91,0,28.1
2023-02-19,SKU_15,pecas,intermittent,34.0,7.99,0,27.0
2023-02-20,SKU_15,pecas,intermittent,35.0,6.51,1,27.5
2023-02-21,SKU_15,pecas,intermittent,52.0,7.24,1,28.3
2023-02-22,SKU_15,pecas,intermittent,0.0,7.99,0,24.2
2023-02-23,SKU_15,pecas,intermittent,25.0,8.33,0,26.6
2023-02-24,SKU_15,pecas,intermittent,0.0,7.93,0,26.4
2023-02-25,SKU_15,pecas,intermittent,15.0,8.01,0,26.1
2023-02-26,SKU_15,pecas,intermittent,0.0,8.19,0,26.9
2023-02-27,SKU_15,pecas,intermittent,0.0,7.78,0,30.6
2023-02-28,SKU_15,pecas,intermittent,33.0,7.98,0,25.9
2023-03-01,SKU_15,pecas,intermittent,0.0,8.18,0,29.7
2023-03-02,SKU_15,pecas,intermittent,49.0,6.76,1,24.4
2023-03-03,SKU_15,pecas,intermittent,16.0,7.9,0,27.2
2023-03-04,SKU_15,pecas,intermittent,16.0,8.22,0,28.3
2023-03-05,SKU_15,pecas,intermittent,22.0,8.28,0,29.2
2023-03-06,SKU_15,pecas,intermittent,0.0,8.31,0,29.5
2023-03-07,SKU_15,pecas,intermittent,0.0,6.67,1,29.8
2023-03-08,SKU_15,pecas,intermittent,0.0,7.88,0,27.6
2023-03-09,SKU_15,pecas,intermittent,18.0,7.91,0,27.4
2023-03-10,SKU_15,pecas,intermittent,0.0,8.14,0,30.1
2023-03-11,SKU_15,pecas,intermittent,0.0,7.76,0,28.1
2023-03-12,SKU_15,pecas,intermittent,33.0,7.77,0,26.0
2023-03-13,SKU_15,pecas,intermittent,0.0,7.86,0,26.3
2023-03-14,SKU_15,pecas,intermittent,0.0,7.81,0,26.8
2023-03-15,SKU_15,pecas,intermittent,0.0,8.18,0,29.7
2023-03-16,SKU_15,pecas,intermittent,0.0,8.16,0,29.1
2023-03-17,SKU_15,pecas,intermittent,14.0,7.9,0,30.3
2023-03-18,SKU_15,pecas,intermittent,0.0,7.96,0,28.1
2023-03-19,SKU_15,pecas,intermittent,0.0,7.49,0,29.3
2023-03-20,SKU_15,pecas,intermittent,0.0,7.91,0,30.3
2023-03-21,SKU_15,pecas,intermittent,37.0,8.25,0,28.5
2023-03-22,SKU_15,pecas,intermittent,65.0,6.7,1,30.1
2023-03-23,SKU_15,pecas,intermittent,30.0,7.78,0,27.9
2023-03-24,SKU_15,pecas,intermittent,19.0,8.28,0,28.5
2023-03-25,SKU_15,pecas,intermittent,0.0,7.78,0,28.5
2023-03-26,SKU_15,pecas,intermittent,0.0,8.31,0,27.0
2023-03-27,SKU_15,pecas,intermittent,0.0,8.58,0,30.4
2023-03-28,SKU_15,pecas,intermittent,31.0,7.98,0,28.5
2023-03-29,SKU_15,pecas,intermittent,0.0,8.25,0,29.5
2023-03-30,SKU_15,pecas,intermittent,0.0,7.67,0,30.5
2023-03-31,SKU_15,pecas,intermittent,0.0,7.66,0,30.5
2023-04-01,SKU_15,pecas,intermittent,25.0,7.84,0,30.9
2023-04-02,SKU_15,pecas,intermittent,0.0,8.16,0,29.4
2023-04-03,SKU_15,pecas,intermittent,0.0,8.0,0,28.8
2023-04-04,SKU_15,pecas,intermittent,0.0,7.96,0,29.5
2023-04-05,SKU_15,pecas,intermittent,18.0,7.74,0,26.4
2023-04-06,SKU_15,pecas,intermittent,48.0,7.97,0,26.9
2023-04-07,SKU_15,pecas,intermittent,0.0,7.87,0,27.1
2023-04-08,SKU_15,pecas,intermittent,0.0,7.82,0,27.8
2023-04-09,SKU_15,pecas,intermittent,0.0,7.8,0,30.6
2023-04-10,SKU_15,pecas,intermittent,20.0,8.04,0,28.1
2023-04-11,SKU_15,pecas,intermittent,33.0,7.86,0,29.1
2023-04-12,SKU_15,pecas,intermittent,0.0,8.0,0,32.5
2023-04-13,SKU_15,pecas,intermittent,0.0,7.65,0,29.2
2023-04-14,SKU_15,pecas,intermittent,0.0,8.1,0,31.4
2023-04-15,SKU_15,pecas,intermittent,0.0,8.05,0,28.1
2023-04-16,SKU_15,pecas,intermittent,0.0,7.95,0,29.6
2023-04-17,SKU_15,pecas,intermittent,0.0,8.03,0,28.1
2023-04-18,SKU_15,pecas,intermittent,23.0,8.19,0,29.3
2023-04-19,SKU_15,pecas,intermittent,0.0,7.71,0,31.7
2023-04-20,SKU_15,pecas,intermittent,0.0,8.01,0,26.5
2023-04-21,SKU_15,pecas,intermittent,0.0,7.74,0,30.9
2023-04-22,SKU_15,pecas,intermittent,0.0,6.82,1,30.5
2023-04-23,SKU_15,pecas,intermittent,49.0,7.95,0,28.8
2023-04-24,SKU_15,pecas,intermittent,34.0,8.0,0,27.1
2023-04-25,SKU_15,pecas,intermittent,0.0,8.17,0,30.1
2023-04-26,SKU_15,pecas,intermittent,0.0,8.16,0,28.9
2023-04-27,SKU_15,pecas,intermittent,28.0,8.22,0,30.4
2023-04-28,SKU_15,pecas,intermittent,0.0,7.92,0,30.0
2023-04-29,SKU_15,pecas,intermittent,21.0,8.14,0,33.2
2023-04-30,SKU_15,pecas,intermittent,0.0,8.1,0,29.5
2023-05-01,SKU_15,pecas,intermittent,0.0,7.93,0,27.9
2023-05-02,SKU_15,pecas,intermittent,0.0,8.02,0,30.3
2023-05-03,SKU_15,pecas,intermittent,26.0,7.97,0,30.3
2023-05-04,SKU_15,pecas,intermittent,46.0,8.28,0,32.6
2023-05-05,SKU_15,pecas,intermittent,15.0,8.16,0,31.5
2023-05-06,SKU_15,pecas,intermittent,31.0,7.93,0,30.5
2023-05-07,SKU_15,pecas,intermittent,24.0,7.92,0,32.7
2023-05-08,SKU_15,pecas,intermittent,0.0,8.19,0,27.4
2023-05-09,SKU_15,pecas,intermittent,0.0,8.27,0,28.5
2023-05-10,SKU_15,pecas,intermittent,49.0,8.06,0,27.9
2023-05-11,SKU_15,pecas,intermittent,0.0,8.13,0,28.9
2023-05-12,SKU_15,pecas,intermittent,13.0,8.26,0,26.9
2023-05-13,SKU_15,pecas,intermittent,0.0,7.97,0,30.9
2023-05-14,SKU_15,pecas,intermittent,0.0,8.02,0,29.1
2023-05-15,SKU_15,pecas,intermittent,0.0,8.1,0,26.6
2023-05-16,SKU_15,pecas,intermittent,38.0,7.91,0,27.5
2023-05-17,SKU_15,pecas,intermittent,0.0,8.34,0,30.1
2023-05-18,SKU_15,pecas,intermittent,21.0,7.91,0,31.1
2023-05-19,SKU_15,pecas,intermittent,0.0,8.01,0,33.4
2023-05-20,SKU_15,pecas,intermittent,30.0,8.38,0,35.2
2023-05-21,SKU_15,pecas,intermittent,0.0,7.63,0,30.1
2023-05-22,SKU_15,pecas,intermittent,0.0,8.04,0,27.3
2023-05-23,SKU_15,pecas,intermittent,0.0,6.67,1,24.9
2023-05-24,SKU_15,pecas,intermittent,0.0,8.0,0,29.7
2023-05-25,SKU_15,pecas,intermittent,0.0,7.76,0,27.4
2023-05-26,SKU_15,pecas,intermittent,13.0,7.93,0,28.2
2023-05-27,SKU_15,pecas,intermittent,16.0,8.0,0,27.7
2023-05-28,SKU_15,pecas,intermittent,0.0,8.05,0,28.6
2023-05-29,SKU_15,pecas,intermittent,37.0,8.18,0,31.0
2023-05-30,SKU_15,pecas,intermittent,0.0,7.54,0,29.1
2023-05-31,SKU_15,pecas,intermittent,47.0,7.97,0,28.4
2023-06-01,SKU_15,pecas,intermittent,25.0,7.97,0,26.6
2023-06-02,SKU_15,pecas,intermittent,13.0,7.99,0,25.2
2023-06-03,SKU_15,pecas,intermittent,0.0,8.01,0,27.5
2023-06-04,SKU_15,pecas,intermittent,24.0,7.83,0,28.3
2023-06-05,SKU_15,pecas,intermittent,21.0,7.69,0,31.9
2023-06-06,SKU_15,pecas,intermittent,54.0,6.84,1,28.6
2023-06-07,SKU_15,pecas,intermittent,22.0,7.8,0,30.2
2023-06-08,SKU_15,pecas,intermittent,29.0,8.08,0,27.2
2023-06-09,SKU_15,pecas,intermittent,0.0,7.81,0,25.7
2023-06-10,SKU_15,pecas,intermittent,0.0,8.14,0,26.1
2023-06-11,SKU_15,pecas,intermittent,41.0,7.99,0,26.5
2023-06-12,SKU_15,pecas,intermittent,47.0,8.0,0,32.1
2023-06-13,SKU_15,pecas,intermittent,43.0,7.95,0,26.1
2023-06-14,SKU_15,pecas,intermittent,19.0,7.92,0,29.4
2023-06-15,SKU_15,pecas,intermittent,20.0,7.95,0,25.8
2023-06-16,SKU_15,pecas,intermittent,0.0,8.24,0,29.4
2023-06-17,SKU_15,pecas,intermittent,16.0,7.69,0,28.2
2023-06-18,SKU_15,pecas,intermittent,19.0,7.87,0,27.0
2023-06-19,SKU_15,pecas,intermittent,0.0,8.21,0,27.2
2023-06-20,SKU_15,pecas,intermittent,30.0,8.16,0,25.9
2023-06-21,SKU_15,pecas,intermittent,0.0,8.27,0,28.0
2023-06-22,SKU_15,pecas,intermittent,0.0,7.99,0,26.1
2023-06-23,SKU_15,pecas,intermittent,15.0,7.74,0,24.5
2023-06-24,SKU_15,pecas,intermittent,0.0,7.78,0,24.3
2023-06-25,SKU_15,pecas,intermittent,24.0,7.94,0,27.1
2023-06-26,SKU_15,pecas,intermittent,41.0,8.15,0,29.8
2023-06-27,SKU_15,pecas,intermittent,0.0,7.95,0,26.9
2023-06-28,SKU_15,pecas,intermittent,0.0,7.93,0,26.2
2023-06-29,SKU_15,pecas,intermittent,46.0,8.08,0,26.9
2023-06-30,SKU_15,pecas,intermittent,12.0,8.01,0,28.9
2023-07-01,SKU_15,pecas,intermittent,0.0,7.91,0,26.6
2023-07-02,SKU_15,pecas,intermittent,0.0,7.8,0,25.3
2023-07-03,SKU_15,pecas,intermittent,0.0,8.19,0,28.2
2023-07-04,SKU_15,pecas,intermittent,0.0,8.21,0,26.7
2023-07-05,SKU_15,pecas,intermittent,0.0,7.79,0,28.9
2023-07-06,SKU_15,pecas,intermittent,0.0,7.92,0,26.0
2023-07-07,SKU_15,pecas,intermittent,16.0,8.13,0,23.1
2023-07-08,SKU_15,pecas,intermittent,11.0,7.77,0,22.7
2023-07-09,SKU_15,pecas,intermittent,0.0,8.07,0,28.7
2023-07-10,SKU_15,pecas,intermittent,0.0,7.93,0,28.7
2023-07-11,SKU_15,pecas,intermittent,0.0,7.76,0,24.8
2023-07-12,SKU_15,pecas,intermittent,0.0,8.36,0,24.3
2023-07-13,SKU_15,pecas,intermittent,0.0,7.93,0,27.9
2023-07-14,SKU_15,pecas,intermittent,15.0,8.1,0,22.7
2023-07-15,SKU_15,pecas,intermittent,0.0,7.78,0,23.0
2023-07-16,SKU_15,pecas,intermittent,0.0,8.31,0,26.0
2023-07-17,SKU_15,pecas,intermittent,0.0,8.39,0,23.8
2023-07-18,SKU_15,pecas,intermittent,0.0,7.7,0,24.5
2023-07-19,SKU_15,pecas,intermittent,0.0,7.97,0,24.0
2023-07-20,SKU_15,pecas,intermittent,21.0,8.27,0,24.9
2023-07-21,SKU_15,pecas,intermittent,0.0,7.91,0,27.0
2023-07-22,SKU_15,pecas,intermittent,0.0,8.08,0,24.2
2023-07-23,SKU_15,pecas,intermittent,0.0,7.66,0,25.2
2023-07-24,SKU_15,pecas,intermittent,0.0,7.84,0,19.7
2023-07-25,SKU_15,pecas,intermittent,28.0,8.06,0,23.6
2023-07-26,SKU_15,pecas,intermittent,51.0,7.88,0,22.0
2023-07-27,SKU_15,pecas,intermittent,18.0,7.93,0,21.1
2023-07-28,SKU_15,pecas,intermittent,20.0,7.7,0,21.7
2023-07-29,SKU_15,pecas,intermittent,13.0,8.13,0,22.7
2023-07-30,SKU_15,pecas,intermittent,18.0,7.73,0,25.1
2023-07-31,SKU_15,pecas,intermittent,61.0,7.11,1,20.5
2023-08-01,SKU_15,pecas,intermittent,0.0,7.86,0,23.1
2023-08-02,SKU_15,pecas,intermittent,0.0,8.16,0,22.0
2023-08-03,SKU_15,pecas,intermittent,0.0,8.14,0,22.2
2023-08-04,SKU_15,pecas,intermittent,16.0,7.8,0,24.7
2023-08-05,SKU_15,pecas,intermittent,0.0,7.88,0,23.7
2023-08-06,SKU_15,pecas,intermittent,29.0,7.91,0,25.2
2023-08-07,SKU_15,pecas,intermittent,0.0,7.92,0,22.1
2023-08-08,SKU_15,pecas,intermittent,0.0,7.74,0,20.9
2023-08-09,SKU_15,pecas,intermittent,0.0,8.11,0,21.8
2023-08-10,SKU_15,pecas,intermittent,0.0,7.86,0,22.6
2023-08-11,SKU_15,pecas,intermittent,15.0,7.98,0,22.4
2023-08-12,SKU_15,pecas,intermittent,0.0,8.2,0,19.8
2023-08-13,SKU_15,pecas,intermittent,0.0,8.11,0,22.0
2023-08-14,SKU_15,pecas,intermittent,0.0,7.88,0,22.2
2023-08-15,SKU_15,pecas,intermittent,33.0,8.21,0,26.7
2023-08-16,SKU_15,pecas,intermittent,0.0,6.93,1,25.3
2023-08-17,SKU_15,pecas,intermittent,0.0,7.86,0,19.7
2023-08-18,SKU_15,pecas,intermittent,0.0,7.9,0,20.8
2023-08-19,SKU_15,pecas,intermittent,0.0,8.2,0,18.3
2023-08-20,SKU_15,pecas,intermittent,0.0,8.16,0,20.0
2023-08-21,SKU_15,pecas,intermittent,12.0,7.7,0,21.7
2023-08-22,SKU_15,pecas,intermittent,0.0,7.8,0,23.4
2023-08-23,SKU_15,pecas,intermittent,0.0,8.14,0,19.4
2023-08-24,SKU_15,pecas,intermittent,0.0,7.77,0,19.5
2023-08-25,SKU_15,pecas,intermittent,7.0,8.16,0,16.4
2023-08-26,SKU_15,pecas,intermittent,0.0,7.19,1,20.3
2023-08-27,SKU_15,pecas,intermittent,27.0,8.07,0,18.4
2023-08-28,SKU_15,pecas,intermittent,0.0,7.82,0,19.4
2023-08-29,SKU_15,pecas,intermittent,0.0,6.84,1,18.6
2023-08-30,SKU_15,pecas,intermittent,19.0,8.21,0,20.1
2023-08-31,SKU_15,pecas,intermittent,0.0,8.02,0,16.7
2023-09-01,SKU_15,pecas,intermittent,12.0,8.1,0,17.2
2023-09-02,SKU_15,pecas,intermittent,0.0,7.84,0,24.3
2023-09-03,SKU_15,pecas,intermittent,0.0,7.86,0,17.4
2023-09-04,SKU_15,pecas,intermittent,15.0,8.18,0,17.7
2023-09-05,SKU_15,pecas,intermittent,26.0,7.86,0,23.5
2023-09-06,SKU_15,pecas,intermittent,0.0,7.48,0,25.6
2023-09-07,SKU_15,pecas,intermittent,40.0,7.94,0,17.4
2023-09-08,SKU_15,pecas,intermittent,19.0,8.06,0,18.9
2023-09-09,SKU_15,pecas,intermittent,0.0,8.21,0,20.2
2023-09-10,SKU_15,pecas,intermittent,38.0,8.33,0,22.9
2023-09-11,SKU_15,pecas,intermittent,17.0,8.02,0,17.4
2023-09-12,SKU_15,pecas,intermittent,0.0,8.13,0,18.9
2023-09-13,SKU_15,pecas,intermittent,0.0,8.02,0,20.8
2023-09-14,SKU_15,pecas,intermittent,38.0,8.07,0,20.1
2023-09-15,SKU_15,pecas,intermittent,0.0,7.96,0,18.4
2023-09-16,SKU_15,pecas,intermittent,30.0,6.88,1,18.8
2023-09-17,SKU_15,pecas,intermittent,24.0,7.85,0,16.3
2023-09-18,SKU_15,pecas,intermittent,0.0,8.4,0,18.5
2023-09-19,SKU_15,pecas,intermittent,0.0,7.52,0,18.4
2023-09-20,SKU_15,pecas,intermittent,0.0,8.11,0,19.3
2023-09-21,SKU_15,pecas,intermittent,0.0,8.06,0,17.7
2023-09-22,SKU_15,pecas,intermittent,0.0,8.07,0,19.7
2023-09-23,SKU_15,pecas,intermittent,0.0,7.76,0,20.7
2023-09-24,SKU_15,pecas,intermittent,45.0,7.66,0,19.0
2023-09-25,SKU_15,pecas,intermittent,18.0,8.12,0,19.3
2023-09-26,SKU_15,pecas,intermittent,22.0,8.27,0,18.7
2023-09-27,SKU_15,pecas,intermittent,0.0,8.04,0,18.5
2023-09-28,SKU_15,pecas,intermittent,0.0,8.16,0,17.1
2023-09-29,SKU_15,pecas,intermittent,14.0,7.91,0,19.1
2023-09-30,SKU_15,pecas,intermittent,19.0,8.07,0,18.2
2023-10-01,SKU_15,pecas,intermittent,0.0,8.25,0,22.6
2023-10-02,SKU_15,pecas,intermittent,17.0,7.94,0,21.5
2023-10-03,SKU_15,pecas,intermittent,0.0,8.24,0,19.1
2023-10-04,SKU_15,pecas,intermittent,0.0,7.67,0,16.8
2023-10-05,SKU_15,pecas,intermittent,0.0,7.88,0,16.0
2023-10-06,SKU_15,pecas,intermittent,9.0,8.11,0,20.6
2023-10-07,SKU_15,pecas,intermittent,0.0,8.38,0,18.7
2023-10-08,SKU_15,pecas,intermittent,28.0,8.0,0,19.1
2023-10-09,SKU_15,pecas,intermittent,0.0,7.79,0,14.7
2023-10-10,SKU_15,pecas,intermittent,33.0,8.38,0,20.0
2023-10-11,SKU_15,pecas,intermittent,0.0,7.97,0,19.0
2023-10-12,SKU_15,pecas,intermittent,0.0,6.93,1,15.9
2023-10-13,SKU_15,pecas,intermittent,0.0,7.93,0,17.1
2023-10-14,SKU_15,pecas,intermittent,16.0,8.03,0,18.6
2023-10-15,SKU_15,pecas,intermittent,25.0,7.89,0,18.1
2023-10-16,SKU_15,pecas,intermittent,0.0,8.45,0,17.4
2023-10-17,SKU_15,pecas,intermittent,22.0,8.24,0,17.8
2023-10-18,SKU_15,pecas,intermittent,26.0,8.35,0,17.5
2023-10-19,SKU_15,pecas,intermittent,38.0,7.84,0,18.3
2023-10-20,SKU_15,pecas,intermittent,0.0,7.63,0,20.9
2023-10-21,SKU_15,pecas,intermittent,0.0,7.94,0,12.9
2023-10-22,SKU_15,pecas,intermittent,0.0,8.5,0,17.5
2023-10-23,SKU_15,pecas,intermittent,0.0,7.94,0,18.4
2023-10-24,SKU_15,pecas,intermittent,0.0,8.21,0,18.6
2023-10-25,SKU_15,pecas,intermittent,0.0,7.8,0,17.3
2023-10-26,SKU_15,pecas,intermittent,20.0,7.83,0,14.5
2023-10-27,SKU_15,pecas,intermittent,0.0,7.98,0,18.7
2023-10-28,SKU_15,pecas,intermittent,0.0,8.42,0,21.5
2023-10-29,SKU_15,pecas,intermittent,21.0,8.22,0,15.0
2023-10-30,SKU_15,pecas,intermittent,0.0,7.59,0,19.8
2023-10-31,SKU_15,pecas,intermittent,29.0,8.13,0,17.4
2023-11-01,SKU_15,pecas,intermittent,15.0,7.77,0,18.0
2023-11-02,SKU_15,pecas,intermittent,0.0,7.86,0,16.0
2023-11-03,SKU_15,pecas,intermittent,0.0,8.1,0,17.5
2023-11-04,SKU_15,pecas,intermittent,19.0,8.28,0,20.8
2023-11-05,SKU_15,pecas,intermittent,62.0,7.07,1,19.3
2023-11-06,SKU_15,pecas,intermittent,0.0,8.07,0,21.7
2023-11-07,SKU_15,pecas,intermittent,0.0,8.07,0,20.6
2023-11-08,SKU_15,pecas,intermittent,55.0,8.27,0,19.1
2023-11-09,SKU_15,pecas,intermittent,21.0,7.68,0,21.8
2023-11-10,SKU_15,pecas,intermittent,0.0,8.37,0,19.2
2023-11-11,SKU_15,pecas,intermittent,0.0,7.85,0,20.0
2023-11-12,SKU_15,pecas,intermittent,26.0,8.05,0,17.8
2023-11-13,SKU_15,pecas,intermittent,29.0,7.9,0,18.6
2023-11-14,SKU_15,pecas,intermittent,0.0,7.77,0,17.1
2023-11-15,SKU_15,pecas,intermittent,0.0,8.09,0,20.5
2023-11-16,SKU_15,pecas,intermittent,25.0,8.05,0,16.2
2023-11-17,SKU_15,pecas,intermittent,11.0,7.98,0,20.2
2023-11-18,SKU_15,pecas,intermittent,0.0,7.97,0,18.3
2023-11-19,SKU_15,pecas,intermittent,0.0,8.31,0,21.0
2023-11-20,SKU_15,pecas,intermittent,0.0,8.44,0,20.2
2023-11-21,SKU_15,pecas,intermittent,33.0,8.25,0,22.4
2023-11-22,SKU_15,pecas,intermittent,27.0,8.06,0,20.3
2023-11-23,SKU_15,pecas,intermittent,0.0,7.67,0,15.8
2023-11-24,SKU_15,pecas,intermittent,0.0,8.13,0,18.8
2023-11-25,SKU_15,pecas,intermittent,17.0,8.13,0,16.7
2023-11-26,SKU_15,pecas,intermittent,0.0,8.15,0,18.0
2023-11-27,SKU_15,pecas,intermittent,29.0,7.77,0,22.2
2023-11-28,SKU_15,pecas,intermittent,41.0,8.17,0,20.5
2023-11-29,SKU_15,pecas,intermittent,33.0,8.31,0,17.9
2023-11-30,SKU_15,pecas,intermittent,0.0,7.8,0,17.3
2023-12-01,SKU_15,pecas,intermittent,0.0,8.14,0,19.4
2023-12-02,SKU_15,pecas,intermittent,0.0,7.84,0,17.0
2023-12-03,SKU_15,pecas,intermittent,29.0,7.98,0,18.2
2023-12-04,SKU_15,pecas,intermittent,0.0,7.81,0,20.2
2023-12-05,SKU_15,pecas,intermittent,21.0,7.93,0,22.0
2023-12-06,SKU_15,pecas,intermittent,34.0,7.93,0,20.9
2023-12-07,SKU_15,pecas,intermittent,0.0,6.88,1,15.2
2023-12-08,SKU_15,pecas,intermittent,0.0,8.18,0,20.5
2023-12-09,SKU_15,pecas,intermittent,12.0,8.24,0,20.1
2023-12-10,SKU_15,pecas,intermittent,24.0,7.87,0,20.9
2023-12-11,SKU_15,pecas,intermittent,0.0,8.07,0,23.3
2023-12-12,SKU_15,pecas,intermittent,36.0,7.78,0,16.1
2023-12-13,SKU_15,pecas,intermittent,0.0,7.98,0,19.1
2023-12-14,SKU_15,pecas,intermittent,0.0,8.01,0,21.5
2023-12-15,SKU_15,pecas,intermittent,0.0,7.82,0,17.3
2023-12-16,SKU_15,pecas,intermittent,25.0,8.11,0,23.5
2023-12-17,SKU_15,pecas,intermittent,0.0,7.97,0,21.3
2023-12-18,SKU_15,pecas,intermittent,0.0,8.03,0,22.4
2023-12-19,SKU_15,pecas,intermittent,0.0,8.24,0,19.6
2023-12-20,SKU_15,pecas,intermittent,34.0,7.91,0,22.5
2023-12-21,SKU_15,pecas,intermittent,0.0,8.17,0,23.1
2023-12-22,SKU_15,pecas,intermittent,30.0,7.09,1,21.5
2023-12-23,SKU_15,pecas,intermittent,28.0,8.28,0,21.6
2023-12-24,SKU_15,pecas,intermittent,20.0,7.96,0,21.8
2023-12-25,SKU_15,pecas,intermittent,40.0,7.81,0,19.6
2023-12-26,SKU_15,pecas,intermittent,29.0,7.86,0,21.1
2023-12-27,SKU_15,pecas,intermittent,0.0,7.68,0,21.2
2023-12-28,SKU_15,pecas,intermittent,54.0,8.14,0,22.4
2023-12-29,SKU_15,pecas,intermittent,22.0,8.15,0,23.7
2023-12-30,SKU_15,pecas,intermittent,0.0,8.02,0,19.7
2023-12-31,SKU_15,pecas,intermittent,40.0,7.72,0,21.6
2024-01-01,SKU_15,pecas,intermittent,0.0,7.93,0,24.9
2024-01-02,SKU_15,pecas,intermittent,0.0,8.28,0,20.6
2024-01-03,SKU_15,pecas,intermittent,25.0,8.12,0,20.5
2024-01-04,SKU_15,pecas,intermittent,33.0,8.16,0,22.7
2024-01-05,SKU_15,pecas,intermittent,15.0,8.66,0,24.1
2024-01-06,SKU_15,pecas,intermittent,0.0,8.07,0,22.5
2024-01-07,SKU_15,pecas,intermittent,40.0,7.57,0,25.2
2024-01-08,SKU_15,pecas,intermittent,0.0,7.78,0,24.4
2024-01-09,SKU_15,pecas,intermittent,0.0,8.06,0,24.5
2024-01-10,SKU_15,pecas,intermittent,0.0,8.0,0,24.0
2024-01-11,SKU_15,pecas,intermittent,0.0,7.97,0,27.6
2024-01-12,SKU_15,pecas,intermittent,25.0,7.97,0,22.7
2024-01-13,SKU_15,pecas,intermittent,0.0,7.84,0,19.2
2024-01-14,SKU_15,pecas,intermittent,0.0,6.87,1,26.5
2024-01-15,SKU_15,pecas,intermittent,0.0,8.28,0,22.5
2024-01-16,SKU_15,pecas,intermittent,0.0,8.35,0,23.7
2024-01-17,SKU_15,pecas,intermittent,31.0,8.34,0,26.2
2024-01-18,SKU_15,pecas,intermittent,0.0,7.81,0,20.5
2024-01-19,SKU_15,pecas,intermittent,0.0,8.0,0,21.3
2024-01-20,SKU_15,pecas,intermittent,0.0,7.94,0,20.7
2024-01-21,SKU_15,pecas,intermittent,0.0,8.12,0,22.4
2024-01-22,SKU_15,pecas,intermittent,0.0,7.98,0,25.0
2024-01-23,SKU_15,pecas,intermittent,0.0,7.95,0,25.3
2024-01-24,SKU_15,pecas,intermittent,28.0,8.29,0,24.9
2024-01-25,SKU_15,pecas,intermittent,29.0,8.02,0,21.6
2024-01-26,SKU_15,pecas,intermittent,16.0,8.02,0,19.9
2024-01-27,SKU_15,pecas,intermittent,14.0,8.08,0,24.7
2024-01-28,SKU_15,pecas,intermittent,0.0,8.14,0,23.8
2024-01-29,SKU_15,pecas,intermittent,36.0,8.14,0,25.7
2024-01-30,SKU_15,pecas,intermittent,0.0,8.31,0,26.3
2024-01-31,SKU_15,pecas,intermittent,0.0,6.54,1,25.3
2024-02-01,SKU_15,pecas,intermittent,0.0,6.86,1,26.6
2024-02-02,SKU_15,pecas,intermittent,39.0,6.78,1,25.7
2024-02-03,SKU_15,pecas,intermittent,0.0,7.94,0,26.4
2024-02-04,SKU_15,pecas,intermittent,0.0,8.15,0,24.0
2024-02-05,SKU_15,pecas,intermittent,0.0,7.06,1,25.2
2024-02-06,SKU_15,pecas,intermittent,41.0,7.88,0,26.0
2024-02-07,SKU_15,pecas,intermittent,0.0,8.34,0,27.4
2024-02-08,SKU_15,pecas,intermittent,38.0,7.71,0,25.0
2024-02-09,SKU_15,pecas,intermittent,32.0,8.12,0,27.0
2024-02-10,SKU_15,pecas,intermittent,19.0,7.82,0,25.5
2024-02-11,SKU_15,pecas,intermittent,0.0,7.87,0,25.9
2024-02-12,SKU_15,pecas,intermittent,36.0,8.01,0,27.9
2024-02-13,SKU_15,pecas,intermittent,27.0,7.92,0,22.3
2024-02-14,SKU_15,pecas,intermittent,0.0,7.43,0,23.8
2024-02-15,SKU_15,pecas,intermittent,32.0,8.12,0,23.5
2024-02-16,SKU_15,pecas,intermittent,13.0,8.16,0,21.9
2024-02-17,SKU_15,pecas,intermittent,0.0,7.97,0,25.3
2024-02-18,SKU_15,pecas,intermittent,0.0,7.95,0,28.3
2024-02-19,SKU_15,pecas,intermittent,0.0,7.93,0,26.3
2024-02-20,SKU_15,pecas,intermittent,0.0,7.66,0,27.4
2024-02-21,SKU_15,pecas,intermittent,45.0,7.64,0,29.2
2024-02-22,SKU_15,pecas,intermittent,29.0,8.16,0,29.8
2024-02-23,SKU_15,pecas,intermittent,0.0,8.21,0,27.1
2024-02-24,SKU_15,pecas,intermittent,0.0,8.12,0,30.0
2024-02-25,SKU_15,pecas,intermittent,39.0,8.08,0,27.6
2024-02-26,SKU_15,pecas,intermittent,34.0,8.16,0,25.8
2024-02-27,SKU_15,pecas,intermittent,0.0,8.14,0,26.4
2024-02-28,SKU_15,pecas,intermittent,0.0,7.84,0,24.7
2024-02-29,SKU_15,pecas,intermittent,41.0,8.04,0,26.0
2024-03-01,SKU_15,pecas,intermittent,0.0,7.94,0,27.1
2024-03-02,SKU_15,pecas,intermittent,0.0,7.94,0,29.5
2024-03-03,SKU_15,pecas,intermittent,0.0,8.23,0,31.4
2024-03-04,SKU_15,pecas,intermittent,30.0,8.31,0,25.3
2024-03-05,SKU_15,pecas,intermittent,40.0,7.53,0,28.9
2024-03-06,SKU_15,pecas,intermittent,56.0,7.95,0,26.1
2024-03-07,SKU_15,pecas,intermittent,26.0,7.94,0,29.2
2024-03-08,SKU_15,pecas,intermittent,13.0,8.23,0,28.1
2024-03-09,SKU_15,pecas,intermittent,19.0,7.71,0,24.8
2024-03-10,SKU_15,pecas,intermittent,29.0,7.4,0,30.3
2024-03-11,SKU_15,pecas,intermittent,0.0,8.16,0,27.3
2024-03-12,SKU_15,pecas,intermittent,41.0,8.19,0,27.5
2024-03-13,SKU_15,pecas,intermittent,39.0,7.64,0,26.5
2024-03-14,SKU_15,pecas,intermittent,0.0,7.98,0,27.4
2024-03-15,SKU_15,pecas,intermittent,29.0,8.31,0,29.7
2024-03-16,SKU_15,pecas,intermittent,26.0,7.78,0,28.5
2024-03-17,SKU_15,pecas,intermittent,0.0,8.02,0,29.6
2024-03-18,SKU_15,pecas,intermittent,0.0,8.1,0,29.7
2024-03-19,SKU_15,pecas,intermittent,0.0,7.71,0,31.7
2024-03-20,SKU_15,pecas,intermittent,71.0,6.69,1,28.4
2024-03-21,SKU_15,pecas,intermittent,0.0,6.46,1,26.2
2024-03-22,SKU_15,pecas,intermittent,15.0,7.97,0,31.3
2024-03-23,SKU_15,pecas,intermittent,19.0,7.84,0,28.6
2024-03-24,SKU_15,pecas,intermittent,0.0,8.04,0,31.5
2024-03-25,SKU_15,pecas,intermittent,0.0,8.13,0,30.1
2024-03-26,SKU_15,pecas,intermittent,0.0,8.28,0,29.1
2024-03-27,SKU_15,pecas,intermittent,46.0,8.47,0,30.1
2024-03-28,SKU_15,pecas,intermittent,0.0,8.04,0,33.4
2024-03-29,SKU_15,pecas,intermittent,0.0,7.94,0,33.7
2024-03-30,SKU_15,pecas,intermittent,0.0,7.93,0,29.7
2024-03-31,SKU_15,pecas,intermittent,0.0,7.81,0,29.9
2024-04-01,SKU_15,pecas,intermittent,0.0,8.09,0,31.8
2024-04-02,SKU_15,pecas,intermittent,26.0,7.9,0,28.0
2024-04-03,SKU_15,pecas,intermittent,0.0,8.1,0,30.4
2024-04-04,SKU_15,pecas,intermittent,36.0,6.61,1,29.7
2024-04-05,SKU_15,pecas,intermittent,0.0,6.71,1,30.4
2024-04-06,SKU_15,pecas,intermittent,0.0,8.09,0,28.1
2024-04-07,SKU_15,pecas,intermittent,51.0,7.98,0,26.6
2024-04-08,SKU_15,pecas,intermittent,25.0,7.62,0,25.7
2024-04-09,SKU_15,pecas,intermittent,0.0,8.0,0,27.6
2024-04-10,SKU_15,pecas,intermittent,0.0,7.84,0,29.0
2024-04-11,SKU_15,pecas,intermittent,44.0,8.24,0,29.3
2024-04-12,SKU_15,pecas,intermittent,18.0,8.19,0,33.8
2024-04-13,SKU_15,pecas,intermittent,18.0,7.54,0,32.2
2024-04-14,SKU_15,pecas,intermittent,54.0,6.96,1,28.0
2024-04-15,SKU_15,pecas,intermittent,0.0,8.08,0,30.7
2024-04-16,SKU_15,pecas,intermittent,42.0,7.7,0,29.2
2024-04-17,SKU_15,pecas,intermittent,49.0,8.18,0,29.4
2024-04-18,SKU_15,pecas,intermittent,32.0,7.74,0,30.4
2024-04-19,SKU_15,pecas,intermittent,14.0,8.23,0,31.2
2024-04-20,SKU_15,pecas,intermittent,32.0,7.87,0,29.3
2024-04-21,SKU_15,pecas,intermittent,0.0,7.7,0,32.1
2024-04-22,SKU_15,pecas,intermittent,0.0,8.42,0,27.7
2024-04-23,SKU_15,pecas,intermittent,0.0,7.69,0,30.0
2024-04-24,SKU_15,pecas,intermittent,24.0,7.84,0,35.2
2024-04-25,SKU_15,pecas,intermittent,0.0,7.88,0,30.4
2024-04-26,SKU_15,pecas,intermittent,0.0,7.91,0,32.8
2024-04-27,SKU_15,pecas,intermittent,15.0,8.14,0,30.2
2024-04-28,SKU_15,pecas,intermittent,0.0,6.81,1,31.1
2024-04-29,SKU_15,pecas,intermittent,22.0,8.2,0,29.8
2024-04-30,SKU_15,pecas,intermittent,0.0,8.07,0,29.6
2024-05-01,SKU_15,pecas,intermittent,33.0,7.67,0,28.4
2024-05-02,SKU_15,pecas,intermittent,0.0,8.11,0,30.8
2024-05-03,SKU_15,pecas,intermittent,0.0,8.05,0,28.2
2024-05-04,SKU_15,pecas,intermittent,0.0,7.88,0,31.2
2024-05-05,SKU_15,pecas,intermittent,0.0,8.41,0,32.0
2024-05-06,SKU_15,pecas,intermittent,52.0,8.12,0,30.5
2024-05-07,SKU_15,pecas,intermittent,0.0,8.19,0,29.2
2024-05-08,SKU_15,pecas,intermittent,45.0,8.2,0,30.7
2024-05-09,SKU_15,pecas,intermittent,64.0,7.92,0,29.1
2024-05-10,SKU_15,pecas,intermittent,0.0,8.13,0,31.6
2024-05-11,SKU_15,pecas,intermittent,0.0,8.06,0,26.0
2024-05-12,SKU_15,pecas,intermittent,0.0,7.89,0,29.0
2024-05-13,SKU_15,pecas,intermittent,34.0,7.76,0,25.6
2024-05-14,SKU_15,pecas,intermittent,43.0,8.0,0,26.6
2024-05-15,SKU_15,pecas,intermittent,71.0,6.92,1,32.2
2024-05-16,SKU_15,pecas,intermittent,0.0,8.0,0,31.3
2024-05-17,SKU_15,pecas,intermittent,15.0,7.96,0,28.0
2024-05-18,SKU_15,pecas,intermittent,21.0,8.01,0,26.4
2024-05-19,SKU_15,pecas,intermittent,0.0,7.94,0,23.4
2024-05-20,SKU_15,pecas,intermittent,0.0,8.31,0,28.2
2024-05-21,SKU_15,pecas,intermittent,0.0,8.05,0,34.1
2024-05-22,SKU_15,pecas,intermittent,40.0,7.9,0,30.0
2024-05-23,SKU_15,pecas,intermittent,0.0,7.64,0,28.0
2024-05-24,SKU_15,pecas,intermittent,0.0,7.96,0,30.0
2024-05-25,SKU_15,pecas,intermittent,27.0,7.88,0,25.9
2024-05-26,SKU_15,pecas,intermittent,0.0,7.88,0,28.4
2024-05-27,SKU_15,pecas,intermittent,32.0,8.19,0,29.1
2024-05-28,SKU_15,pecas,intermittent,25.0,8.02,0,28.7
2024-05-29,SKU_15,pecas,intermittent,0.0,7.66,0,30.4
2024-05-30,SKU_15,pecas,intermittent,0.0,8.12,0,29.4
2024-05-31,SKU_15,pecas,intermittent,0.0,7.68,0,30.0
2024-06-01,SKU_15,pecas,intermittent,15.0,8.14,0,27.2
2024-06-02,SKU_15,pecas,intermittent,0.0,7.9,0,30.3
2024-06-03,SKU_15,pecas,intermittent,0.0,8.02,0,31.7
2024-06-04,SKU_15,pecas,intermittent,0.0,8.0,0,26.4
2024-06-05,SKU_15,pecas,intermittent,38.0,7.97,0,26.5
2024-06-06,SKU_15,pecas,intermittent,0.0,8.04,0,30.9
2024-06-07,SKU_15,pecas,intermittent,0.0,8.02,0,27.8
2024-06-08,SKU_15,pecas,intermittent,17.0,8.37,0,30.9
2024-06-09,SKU_15,pecas,intermittent,0.0,8.04,0,27.1
2024-06-10,SKU_15,pecas,intermittent,0.0,8.05,0,30.8
2024-06-11,SKU_15,pecas,intermittent,0.0,7.86,0,28.1
2024-06-12,SKU_15,pecas,intermittent,45.0,8.08,0,28.3
2024-06-13,SKU_15,pecas,intermittent,42.0,7.8,0,30.8
2024-06-14,SKU_15,pecas,intermittent,0.0,8.23,0,26.9
2024-06-15,SKU_15,pecas,intermittent,18.0,7.7,0,25.6
2024-06-16,SKU_15,pecas,intermittent,30.0,7.83,0,26.5
2024-06-17,SKU_15,pecas,intermittent,18.0,7.67,0,28.3
2024-06-18,SKU_15,pecas,intermittent,46.0,8.08,0,24.1
2024-06-19,SKU_15,pecas,intermittent,0.0,7.92,0,28.5
2024-06-20,SKU_15,pecas,intermittent,0.0,8.14,0,26.0
2024-06-21,SKU_15,pecas,intermittent,20.0,7.8,0,29.3
2024-06-22,SKU_15,pecas,intermittent,29.0,8.11,0,22.1
2024-06-23,SKU_15,pecas,intermittent,38.0,8.12,0,25.3
2024-06-24,SKU_15,pecas,intermittent,0.0,8.04,0,23.4
2024-06-25,SKU_15,pecas,intermittent,0.0,8.01,0,25.0
2024-06-26,SKU_15,pecas,intermittent,0.0,8.03,0,27.0
2024-06-27,SKU_15,pecas,intermittent,0.0,7.82,0,26.1
2024-06-28,SKU_15,pecas,intermittent,11.0,7.78,0,25.9
2024-06-29,SKU_15,pecas,intermittent,17.0,8.11,0,25.9
2024-06-30,SKU_15,pecas,intermittent,0.0,7.93,0,26.6
2024-07-01,SKU_15,pecas,intermittent,25.0,8.09,0,24.1
2024-07-02,SKU_15,pecas,intermittent,55.0,7.11,1,27.4
2024-07-03,SKU_15,pecas,intermittent,37.0,7.91,0,27.2
2024-07-04,SKU_15,pecas,intermittent,0.0,7.88,0,26.6
2024-07-05,SKU_15,pecas,intermittent,0.0,7.94,0,26.8
2024-07-06,SKU_15,pecas,intermittent,0.0,8.01,0,26.2
2024-07-07,SKU_15,pecas,intermittent,94.0,6.92,1,29.6
2024-07-08,SKU_15,pecas,intermittent,0.0,6.79,1,25.2
2024-07-09,SKU_15,pecas,intermittent,0.0,8.42,0,24.7
2024-07-10,SKU_15,pecas,intermittent,0.0,8.08,0,23.7
2024-07-11,SKU_15,pecas,intermittent,0.0,6.96,1,23.0
2024-07-12,SKU_15,pecas,intermittent,0.0,7.99,0,22.5
2024-07-13,SKU_15,pecas,intermittent,0.0,8.2,0,23.1
2024-07-14,SKU_15,pecas,intermittent,22.0,7.96,0,24.6
2024-07-15,SKU_15,pecas,intermittent,26.0,7.87,0,25.3
2024-07-16,SKU_15,pecas,intermittent,0.0,6.98,1,24.7
2024-07-17,SKU_15,pecas,intermittent,0.0,7.99,0,22.9
2024-07-18,SKU_15,pecas,intermittent,0.0,8.05,0,26.2
2024-07-19,SKU_15,pecas,intermittent,0.0,8.2,0,25.7
2024-07-20,SKU_15,pecas,intermittent,20.0,8.03,0,23.8
2024-07-21,SKU_15,pecas,intermittent,0.0,7.97,0,22.7
2024-07-22,SKU_15,pecas,intermittent,34.0,7.89,0,25.0
2024-07-23,SKU_15,pecas,intermittent,52.0,8.21,0,24.2
2024-07-24,SKU_15,pecas,intermittent,0.0,7.93,0,20.8
2024-07-25,SKU_15,pecas,intermittent,0.0,7.99,0,23.5
2024-07-26,SKU_15,pecas,intermittent,0.0,8.06,0,24.1
2024-07-27,SKU_15,pecas,intermittent,15.0,8.06,0,21.6
2024-07-28,SKU_15,pecas,intermittent,0.0,8.2,0,23.7
2024-07-29,SKU_15,pecas,intermittent,0.0,7.99,0,20.3
2024-07-30,SKU_15,pecas,intermittent,0.0,8.28,0,25.8
2024-07-31,SKU_15,pecas,intermittent,39.0,7.95,0,25.5
2024-08-01,SKU_15,pecas,intermittent,32.0,8.07,0,22.4
2024-08-02,SKU_15,pecas,intermittent,0.0,7.96,0,23.5
2024-08-03,SKU_15,pecas,intermittent,24.0,8.42,0,17.9
2024-08-04,SKU_15,pecas,intermittent,0.0,7.93,0,20.3
2024-08-05,SKU_15,pecas,intermittent,26.0,7.95,0,21.9
2024-08-06,SKU_15,pecas,intermittent,0.0,8.02,0,20.3
2024-08-07,SKU_15,pecas,intermittent,0.0,7.95,0,23.7
2024-08-08,SKU_15,pecas,intermittent,0.0,8.06,0,26.2
2024-08-09,SKU_15,pecas,intermittent,0.0,8.25,0,19.8
2024-08-10,SKU_15,pecas,intermittent,17.0,8.03,0,20.3
2024-08-11,SKU_15,pecas,intermittent,29.0,8.04,0,22.4
2024-08-12,SKU_15,pecas,intermittent,0.0,7.95,0,25.1
2024-08-13,SKU_15,pecas,intermittent,0.0,7.9,0,19.3
2024-08-14,SKU_15,pecas,intermittent,0.0,8.02,0,22.1
2024-08-15,SKU_15,pecas,intermittent,23.0,8.0,0,25.2
2024-08-16,SKU_15,pecas,intermittent,12.0,8.23,0,18.1
2024-08-17,SKU_15,pecas,intermittent,0.0,7.81,0,18.8
2024-08-18,SKU_15,pecas,intermittent,0.0,7.09,1,20.4
2024-08-19,SKU_15,pecas,intermittent,31.0,7.97,0,20.1
2024-08-20,SKU_15,pecas,intermittent,0.0,8.03,0,22.7
2024-08-21,SKU_15,pecas,intermittent,39.0,7.79,0,21.5
2024-08-22,SKU_15,pecas,intermittent,33.0,8.11,0,17.4
2024-08-23,SKU_15,pecas,intermittent,0.0,7.81,0,21.8
2024-08-24,SKU_15,pecas,intermittent,0.0,8.07,0,19.6
2024-08-25,SKU_15,pecas,intermittent,23.0,8.06,0,23.2
2024-08-26,SKU_15,pecas,intermittent,0.0,6.73,1,19.3
2024-08-27,SKU_15,pecas,intermittent,0.0,7.59,0,19.2
2024-08-28,SKU_15,pecas,intermittent,0.0,8.43,0,21.5
2024-08-29,SKU_15,pecas,intermittent,0.0,7.79,0,21.8
2024-08-30,SKU_15,pecas,intermittent,0.0,8.05,0,21.1
2024-08-31,SKU_15,pecas,intermittent,11.0,7.85,0,16.8
2024-09-01,SKU_15,pecas,intermittent,0.0,8.21,0,21.1
2024-09-02,SKU_15,pecas,intermittent,50.0,7.92,0,17.9
2024-09-03,SKU_15,pecas,intermittent,24.0,7.85,0,20.4
2024-09-04,SKU_15,pecas,intermittent,23.0,8.12,0,17.0
2024-09-05,SKU_15,pecas,intermittent,15.0,7.75,0,20.7
2024-09-06,SKU_15,pecas,intermittent,0.0,7.92,0,18.1
2024-09-07,SKU_15,pecas,intermittent,0.0,8.14,0,17.1
2024-09-08,SKU_15,pecas,intermittent,34.0,8.3,0,21.0
2024-09-09,SKU_15,pecas,intermittent,0.0,7.81,0,20.0
2024-09-10,SKU_15,pecas,intermittent,0.0,7.88,0,18.2
2024-09-11,SKU_15,pecas,intermittent,30.0,8.07,0,22.3
2024-09-12,SKU_15,pecas,intermittent,0.0,7.6,0,18.4
2024-09-13,SKU_15,pecas,intermittent,17.0,7.07,1,19.3
2024-09-14,SKU_15,pecas,intermittent,17.0,7.8,0,19.7
2024-09-15,SKU_15,pecas,intermittent,0.0,7.91,0,17.9
2024-09-16,SKU_15,pecas,intermittent,0.0,8.05,0,20.0
2024-09-17,SKU_15,pecas,intermittent,49.0,6.81,1,17.9
2024-09-18,SKU_15,pecas,intermittent,29.0,7.81,0,18.1
2024-09-19,SKU_15,pecas,intermittent,0.0,8.34,0,21.6
2024-09-20,SKU_15,pecas,intermittent,0.0,7.48,0,16.7
2024-09-21,SKU_15,pecas,intermittent,0.0,6.58,1,13.9
2024-09-22,SKU_15,pecas,intermittent,0.0,7.87,0,21.9
2024-09-23,SKU_15,pecas,intermittent,0.0,7.81,0,23.8
2024-09-24,SKU_15,pecas,intermittent,0.0,8.24,0,17.8
2024-09-25,SKU_15,pecas,intermittent,45.0,6.47,1,14.7
2024-09-26,SKU_15,pecas,intermittent,0.0,8.31,0,17.9
2024-09-27,SKU_15,pecas,intermittent,16.0,7.94,0,17.9
2024-09-28,SKU_15,pecas,intermittent,0.0,7.73,0,18.1
2024-09-29,SKU_15,pecas,intermittent,22.0,7.58,0,16.2
2024-09-30,SKU_15,pecas,intermittent,50.0,7.96,0,19.5
2024-10-01,SKU_15,pecas,intermittent,0.0,7.86,0,19.4
2024-10-02,SKU_15,pecas,intermittent,0.0,8.05,0,15.3
2024-10-03,SKU_15,pecas,intermittent,0.0,6.71,1,19.7
2024-10-04,SKU_15,pecas,intermittent,0.0,8.19,0,22.4
2024-10-05,SKU_15,pecas,intermittent,0.0,7.97,0,18.6
2024-10-06,SKU_15,pecas,intermittent,20.0,7.92,0,17.5
2024-10-07,SKU_15,pecas,intermittent,0.0,8.19,0,17.9
2024-10-08,SKU_15,pecas,intermittent,40.0,8.05,0,19.4
2024-10-09,SKU_15,pecas,intermittent,0.0,8.15,0,14.7
2024-10-10,SKU_15,pecas,intermittent,27.0,8.23,0,18.4
2024-10-11,SKU_15,pecas,intermittent,0.0,7.94,0,17.3
2024-10-12,SKU_15,pecas,intermittent,14.0,8.01,0,21.8
2024-10-13,SKU_15,pecas,intermittent,0.0,8.17,0,17.7
2024-10-14,SKU_15,pecas,intermittent,0.0,7.51,0,21.4
2024-10-15,SKU_15,pecas,intermittent,33.0,7.98,0,15.8
2024-10-16,SKU_15,pecas,intermittent,0.0,7.96,0,19.2
2024-10-17,SKU_15,pecas,intermittent,62.0,8.07,0,18.7
2024-10-18,SKU_15,pecas,intermittent,0.0,7.84,0,16.3
2024-10-19,SKU_15,pecas,intermittent,0.0,8.22,0,18.4
2024-10-20,SKU_15,pecas,intermittent,32.0,7.85,0,20.4
2024-10-21,SKU_15,pecas,intermittent,0.0,7.91,0,17.4
2024-10-22,SKU_15,pecas,intermittent,0.0,7.87,0,14.6
2024-10-23,SKU_15,pecas,intermittent,0.0,8.25,0,18.0
2024-10-24,SKU_15,pecas,intermittent,0.0,7.58,0,16.2
2024-10-25,SKU_15,pecas,intermittent,11.0,8.36,0,17.3
2024-10-26,SKU_15,pecas,intermittent,13.0,8.29,0,17.9
2024-10-27,SKU_15,pecas,intermittent,24.0,7.89,0,14.6
2024-10-28,SKU_15,pecas,intermittent,0.0,8.21,0,14.8
2024-10-29,SKU_15,pecas,intermittent,84.0,6.83,1,19.0
2024-10-30,SKU_15,pecas,intermittent,23.0,8.33,0,17.0
2024-10-31,SKU_15,pecas,intermittent,30.0,8.19,0,13.0
2024-11-01,SKU_15,pecas,intermittent,0.0,8.44,0,19.7
2024-11-02,SKU_15,pecas,intermittent,0.0,7.69,0,18.7
2024-11-03,SKU_15,pecas,intermittent,42.0,6.84,1,16.7
2024-11-04,SKU_15,pecas,intermittent,0.0,7.66,0,15.5
2024-11-05,SKU_15,pecas,intermittent,0.0,7.9,0,19.9
2024-11-06,SKU_15,pecas,intermittent,0.0,8.45,0,18.9
2024-11-07,SKU_15,pecas,intermittent,0.0,8.09,0,23.0
2024-11-08,SKU_15,pecas,intermittent,25.0,8.2,0,19.1
2024-11-09,SKU_15,pecas,intermittent,19.0,8.1,0,19.1
2024-11-10,SKU_15,pecas,intermittent,30.0,8.09,0,18.0
2024-11-11,SKU_15,pecas,intermittent,0.0,7.9,0,20.0
2024-11-12,SKU_15,pecas,intermittent,41.0,6.66,1,19.7
2024-11-13,SKU_15,pecas,intermittent,0.0,7.89,0,21.0
2024-11-14,SKU_15,pecas,intermittent,0.0,6.25,1,17.5
2024-11-15,SKU_15,pecas,intermittent,0.0,7.98,0,17.7
2024-11-16,SKU_15,pecas,intermittent,17.0,8.05,0,17.6
2024-11-17,SKU_15,pecas,intermittent,0.0,7.88,0,20.2
2024-11-18,SKU_15,pecas,intermittent,0.0,7.97,0,21.7
2024-11-19,SKU_15,pecas,intermittent,0.0,8.11,0,17.8
2024-11-20,SKU_15,pecas,intermittent,0.0,8.18,0,17.9
2024-11-21,SKU_15,pecas,intermittent,28.0,7.76,0,19.5
2024-11-22,SKU_15,pecas,intermittent,0.0,7.84,0,18.4
2024-11-23,SKU_15,pecas,intermittent,0.0,8.15,0,20.9
2024-11-24,SKU_15,pecas,intermittent,0.0,8.12,0,14.5
2024-11-25,SKU_15,pecas,intermittent,38.0,8.27,0,17.4
2024-11-26,SKU_15,pecas,intermittent,35.0,8.26,0,17.6
2024-11-27,SKU_15,pecas,intermittent,39.0,8.48,0,14.6
2024-11-28,SKU_15,pecas,intermittent,0.0,7.94,0,17.3
2024-11-29,SKU_15,pecas,intermittent,11.0,8.32,0,17.5
2024-11-30,SKU_15,pecas,intermittent,20.0,7.82,0,19.0
2024-12-01,SKU_15,pecas,intermittent,0.0,8.48,0,21.7
2024-12-02,SKU_15,pecas,intermittent,16.0,8.09,0,19.0
2024-12-03,SKU_15,pecas,intermittent,36.0,8.11,0,17.5
2024-12-04,SKU_15,pecas,intermittent,0.0,8.2,0,19.5
2024-12-05,SKU_15,pecas,intermittent,31.0,7.73,0,21.8
2024-12-06,SKU_15,pecas,intermittent,0.0,7.79,0,17.9
2024-12-07,SKU_15,pecas,intermittent,23.0,8.02,0,18.1
2024-12-08,SKU_15,pecas,intermittent,0.0,8.07,0,21.1
2024-12-09,SKU_15,pecas,intermittent,48.0,8.42,0,19.6
2024-12-10,SKU_15,pecas,intermittent,0.0,7.81,0,21.4
2024-12-11,SKU_15,pecas,intermittent,30.0,8.31,0,20.2
2024-12-12,SKU_15,pecas,intermittent,44.0,7.95,0,21.7
2024-12-13,SKU_15,pecas,intermittent,0.0,7.94,0,18.3
2024-12-14,SKU_15,pecas,intermittent,0.0,7.97,0,20.4
2024-12-15,SKU_15,pecas,intermittent,0.0,7.94,0,20.1
2024-12-16,SKU_15,pecas,intermittent,0.0,8.1,0,18.2
2024-12-17,SKU_15,pecas,intermittent,30.0,7.92,0,17.6
2024-12-18,SKU_15,pecas,intermittent,0.0,7.72,0,22.1
2024-12-19,SKU_15,pecas,intermittent,0.0,7.95,0,20.2
2024-12-20,SKU_15,pecas,intermittent,0.0,8.09,0,18.9
2024-12-21,SKU_15,pecas,intermittent,18.0,7.72,0,20.8
2024-12-22,SKU_15,pecas,intermittent,0.0,6.92,1,23.4
2024-12-23,SKU_15,pecas,intermittent,30.0,8.24,0,16.7
2024-12-24,SKU_15,pecas,intermittent,74.0,8.3,0,18.3
2024-12-25,SKU_15,pecas,intermittent,0.0,8.07,0,19.6
2024-12-26,SKU_15,pecas,intermittent,59.0,6.44,1,24.4
2024-12-27,SKU_15,pecas,intermittent,21.0,8.13,0,22.2
2024-12-28,SKU_15,pecas,intermittent,28.0,8.19,0,23.2
2024-12-29,SKU_15,pecas,intermittent,36.0,7.86,0,19.5
2024-12-30,SKU_15,pecas,intermittent,0.0,7.99,0,19.6
2023-01-01,SKU_16,sazonais,lumpy,46.0,10.0,0,22.6
2023-01-02,SKU_16,sazonais,lumpy,0.0,10.03,0,20.0
2023-01-03,SKU_16,sazonais,lumpy,35.0,8.53,1,23.7
2023-01-04,SKU_16,sazonais,lumpy,0.0,9.87,0,24.2
2023-01-05,SKU_16,sazonais,lumpy,0.0,9.83,0,18.5
2023-01-06,SKU_16,sazonais,lumpy,0.0,8.46,1,19.9
2023-01-07,SKU_16,sazonais,lumpy,0.0,10.07,0,22.8
2023-01-08,SKU_16,sazonais,lumpy,0.0,8.38,1,22.0
2023-01-09,SKU_16,sazonais,lumpy,37.0,9.81,0,22.7
2023-01-10,SKU_16,sazonais,lumpy,0.0,9.82,0,21.2
2023-01-11,SKU_16,sazonais,lumpy,8.0,9.87,0,24.7
2023-01-12,SKU_16,sazonais,lumpy,0.0,9.91,0,24.6
2023-01-13,SKU_16,sazonais,lumpy,0.0,9.78,0,23.3
2023-01-14,SKU_16,sazonais,lumpy,0.0,9.91,0,25.5
2023-01-15,SKU_16,sazonais,lumpy,0.0,8.75,1,24.3
2023-01-16,SKU_16,sazonais,lumpy,0.0,9.94,0,21.8
2023-01-17,SKU_16,sazonais,lumpy,58.0,9.75,0,24.3
2023-01-18,SKU_16,sazonais,lumpy,0.0,9.55,0,21.8
2023-01-19,SKU_16,sazonais,lumpy,0.0,10.37,0,25.6
2023-01-20,SKU_16,sazonais,lumpy,0.0,10.23,0,23.8
2023-01-21,SKU_16,sazonais,lumpy,18.0,10.06,0,23.6
2023-01-22,SKU_16,sazonais,lumpy,0.0,10.23,0,22.7
2023-01-23,SKU_16,sazonais,lumpy,0.0,10.11,0,26.7
2023-01-24,SKU_16,sazonais,lumpy,16.0,9.98,0,24.0
2023-01-25,SKU_16,sazonais,lumpy,0.0,9.75,0,23.6
2023-01-26,SKU_16,sazonais,lumpy,546.0,10.38,0,23.8
2023-01-27,SKU_16,sazonais,lumpy,106.0,9.91,0,25.7
2023-01-28,SKU_16,sazonais,lumpy,0.0,9.92,0,25.5
2023-01-29,SKU_16,sazonais,lumpy,68.0,10.01,0,25.6
2023-01-30,SKU_16,sazonais,lumpy,80.0,10.01,0,25.8
2023-01-31,SKU_16,sazonais,lumpy,0.0,10.11,0,29.3
2023-02-01,SKU_16,sazonais,lumpy,0.0,10.09,0,24.3
2023-02-02,SKU_16,sazonais,lumpy,0.0,9.88,0,24.2
2023-02-03,SKU_16,sazonais,lumpy,0.0,8.51,1,23.7
2023-02-04,SKU_16,sazonais,lumpy,0.0,8.61,1,26.7
2023-02-05,SKU_16,sazonais,lumpy,131.0,9.87,0,27.8
2023-02-06,SKU_16,sazonais,lumpy,59.0,8.79,1,25.4
2023-02-07,SKU_16,sazonais,lumpy,0.0,10.0,0,24.1
2023-02-08,SKU_16,sazonais,lumpy,0.0,10.32,0,24.2
2023-02-09,SKU_16,sazonais,lumpy,0.0,9.72,0,27.2
2023-02-10,SKU_16,sazonais,lumpy,0.0,10.13,0,27.5
2023-02-11,SKU_16,sazonais,lumpy,0.0,9.82,0,27.2
2023-02-12,SKU_16,sazonais,lumpy,0.0,9.87,0,24.9
2023-02-13,SKU_16,sazonais,lumpy,0.0,10.18,0,26.8
2023-02-14,SKU_16,sazonais,lumpy,0.0,9.95,0,26.6
2023-02-15,SKU_16,sazonais,lumpy,0.0,10.52,0,26.9
2023-02-16,SKU_16,sazonais,lumpy,16.0,10.1,0,28.3
2023-02-17,SKU_16,sazonais,lumpy,0.0,9.86,0,27.1
2023-02-18,SKU_16,sazonais,lumpy,22.0,10.1,0,28.1
2023-02-19,SKU_16,sazonais,lumpy,0.0,9.95,0,27.0
2023-02-20,SKU_16,sazonais,lumpy,0.0,8.67,1,27.5
2023-02-21,SKU_16,sazonais,lumpy,0.0,8.44,1,28.3
2023-02-22,SKU_16,sazonais,lumpy,23.0,10.08,0,24.2
2023-02-23,SKU_16,sazonais,lumpy,102.0,10.04,0,26.6
2023-02-24,SKU_16,sazonais,lumpy,0.0,10.02,0,26.4
2023-02-25,SKU_16,sazonais,lumpy,23.0,10.21,0,26.1
2023-02-26,SKU_16,sazonais,lumpy,0.0,9.64,0,26.9
2023-02-27,SKU_16,sazonais,lumpy,0.0,10.02,0,30.6
2023-02-28,SKU_16,sazonais,lumpy,27.0,9.86,0,25.9
2023-03-01,SKU_16,sazonais,lumpy,0.0,9.73,0,29.7
2023-03-02,SKU_16,sazonais,lumpy,90.0,8.33,1,24.4
2023-03-03,SKU_16,sazonais,lumpy,0.0,9.88,0,27.2
2023-03-04,SKU_16,sazonais,lumpy,8.0,9.95,0,28.3
2023-03-05,SKU_16,sazonais,lumpy,20.0,10.07,0,29.2
2023-03-06,SKU_16,sazonais,lumpy,25.0,10.11,0,29.5
2023-03-07,SKU_16,sazonais,lumpy,0.0,8.42,1,29.8
2023-03-08,SKU_16,sazonais,lumpy,0.0,10.32,0,27.6
2023-03-09,SKU_16,sazonais,lumpy,0.0,9.93,0,27.4
2023-03-10,SKU_16,sazonais,lumpy,0.0,9.61,0,30.1
2023-03-11,SKU_16,sazonais,lumpy,0.0,9.93,0,28.1
2023-03-12,SKU_16,sazonais,lumpy,0.0,10.01,0,26.0
2023-03-13,SKU_16,sazonais,lumpy,0.0,9.35,0,26.3
2023-03-14,SKU_16,sazonais,lumpy,0.0,10.24,0,26.8
2023-03-15,SKU_16,sazonais,lumpy,23.0,9.98,0,29.7
2023-03-16,SKU_16,sazonais,lumpy,0.0,9.77,0,29.1
2023-03-17,SKU_16,sazonais,lumpy,0.0,9.81,0,30.3
2023-03-18,SKU_16,sazonais,lumpy,22.0,10.15,0,28.1
2023-03-19,SKU_16,sazonais,lumpy,0.0,10.18,0,29.3
2023-03-20,SKU_16,sazonais,lumpy,14.0,9.87,0,30.3
2023-03-21,SKU_16,sazonais,lumpy,0.0,9.73,0,28.5
2023-03-22,SKU_16,sazonais,lumpy,0.0,8.53,1,30.1
2023-03-23,SKU_16,sazonais,lumpy,449.0,10.06,0,27.9
2023-03-24,SKU_16,sazonais,lumpy,31.0,10.11,0,28.5
2023-03-25,SKU_16,sazonais,lumpy,0.0,9.89,0,28.5
2023-03-26,SKU_16,sazonais,lumpy,0.0,9.98,0,27.0
2023-03-27,SKU_16,sazonais,lumpy,0.0,10.0,0,30.4
2023-03-28,SKU_16,sazonais,lumpy,0.0,10.19,0,28.5
2023-03-29,SKU_16,sazonais,lumpy,99.0,10.27,0,29.5
2023-03-30,SKU_16,sazonais,lumpy,61.0,10.32,0,30.5
2023-03-31,SKU_16,sazonais,lumpy,0.0,10.26,0,30.5
2023-04-01,SKU_16,sazonais,lumpy,0.0,10.36,0,30.9
2023-04-02,SKU_16,sazonais,lumpy,0.0,10.2,0,29.4
2023-04-03,SKU_16,sazonais,lumpy,45.0,9.88,0,28.8
2023-04-04,SKU_16,sazonais,lumpy,0.0,10.31,0,29.5
2023-04-05,SKU_16,sazonais,lumpy,18.0,9.72,0,26.4
2023-04-06,SKU_16,sazonais,lumpy,29.0,10.47,0,26.9
2023-04-07,SKU_16,sazonais,lumpy,77.0,9.8,0,27.1
2023-04-08,SKU_16,sazonais,lumpy,0.0,10.18,0,27.8
2023-04-09,SKU_16,sazonais,lumpy,26.0,10.29,0,30.6
2023-04-10,SKU_16,sazonais,lumpy,89.0,10.09,0,28.1
2023-04-11,SKU_16,sazonais,lumpy,0.0,9.59,0,29.1
2023-04-12,SKU_16,sazonais,lumpy,0.0,9.81,0,32.5
2023-04-13,SKU_16,sazonais,lumpy,68.0,10.07,0,29.2
2023-04-14,SKU_16,sazonais,lumpy,0.0,10.13,0,31.4
2023-04-15,SKU_16,sazonais,lumpy,0.0,9.96,0,28.1
2023-04-16,SKU_16,sazonais,lumpy,36.0,10.01,0,29.6
2023-04-17,SKU_16,sazonais,lumpy,53.0,9.71,0,28.1
2023-04-18,SKU_16,sazonais,lumpy,0.0,10.35,0,29.3
2023-04-19,SKU_16,sazonais,lumpy,0.0,9.92,0,31.7
2023-04-20,SKU_16,sazonais,lumpy,68.0,10.16,0,26.5
2023-04-21,SKU_16,sazonais,lumpy,0.0,10.28,0,30.9
2023-04-22,SKU_16,sazonais,lumpy,42.0,8.27,1,30.5
2023-04-23,SKU_16,sazonais,lumpy,0.0,10.03,0,28.8
2023-04-24,SKU_16,sazonais,lumpy,0.0,10.06,0,27.1
2023-04-25,SKU_16,sazonais,lumpy,16.0,9.95,0,30.1
2023-04-26,SKU_16,sazonais,lumpy,0.0,10.19,0,28.9
2023-04-27,SKU_16,sazonais,lumpy,0.0,9.87,0,30.4
2023-04-28,SKU_16,sazonais,lumpy,53.0,10.01,0,30.0
2023-04-29,SKU_16,sazonais,lumpy,18.0,9.93,0,33.2
2023-04-30,SKU_16,sazonais,lumpy,97.0,10.47,0,29.5
2023-05-01,SKU_16,sazonais,lumpy,0.0,9.87,0,27.9
2023-05-02,SKU_16,sazonais,lumpy,0.0,10.15,0,30.3
2023-05-03,SKU_16,sazonais,lumpy,0.0,10.36,0,30.3
2023-05-04,SKU_16,sazonais,lumpy,28.0,9.82,0,32.6
2023-05-05,SKU_16,sazonais,lumpy,28.0,10.02,0,31.5
2023-05-06,SKU_16,sazonais,lumpy,0.0,9.8,0,30.5
2023-05-07,SKU_16,sazonais,lumpy,0.0,9.6,0,32.7
2023-05-08,SKU_16,sazonais,lumpy,61.0,9.84,0,27.4
2023-05-09,SKU_16,sazonais,lumpy,49.0,9.89,0,28.5
2023-05-10,SKU_16,sazonais,lumpy,0.0,9.9,0,27.9
2023-05-11,SKU_16,sazonais,lumpy,0.0,9.94,0,28.9
2023-05-12,SKU_16,sazonais,lumpy,11.0,10.0,0,26.9
2023-05-13,SKU_16,sazonais,lumpy,0.0,9.76,0,30.9
2023-05-14,SKU_16,sazonais,lumpy,0.0,10.07,0,29.1
2023-05-15,SKU_16,sazonais,lumpy,0.0,10.24,0,26.6
2023-05-16,SKU_16,sazonais,lumpy,0.0,10.27,0,27.5
2023-05-17,SKU_16,sazonais,lumpy,47.0,9.95,0,30.1
2023-05-18,SKU_16,sazonais,lumpy,0.0,10.18,0,31.1
2023-05-19,SKU_16,sazonais,lumpy,23.0,9.86,0,33.4
2023-05-20,SKU_16,sazonais,lumpy,4.0,9.93,0,35.2
2023-05-21,SKU_16,sazonais,lumpy,0.0,10.08,0,30.1
2023-05-22,SKU_16,sazonais,lumpy,0.0,9.93,0,27.3
2023-05-23,SKU_16,sazonais,lumpy,67.0,8.25,1,24.9
2023-05-24,SKU_16,sazonais,lumpy,27.0,10.17,0,29.7
2023-05-25,SKU_16,sazonais,lumpy,30.0,9.83,0,27.4
2023-05-26,SKU_16,sazonais,lumpy,9.0,9.9,0,28.2
2023-05-27,SKU_16,sazonais,lumpy,11.0,10.21,0,27.7
2023-05-28,SKU_16,sazonais,lumpy,63.0,10.11,0,28.6
2023-05-29,SKU_16,sazonais,lumpy,0.0,10.04,0,31.0
2023-05-30,SKU_16,sazonais,lumpy,0.0,9.71,0,29.1
2023-05-31,SKU_16,sazonais,lumpy,0.0,9.77,0,28.4
2023-06-01,SKU_16,sazonais,lumpy,8.0,10.08,0,26.6
2023-06-02,SKU_16,sazonais,lumpy,59.0,10.13,0,25.2
2023-06-03,SKU_16,sazonais,lumpy,0.0,10.05,0,27.5
2023-06-04,SKU_16,sazonais,lumpy,0.0,9.91,0,28.3
2023-06-05,SKU_16,sazonais,lumpy,0.0,9.9,0,31.9
2023-06-06,SKU_16,sazonais,lumpy,39.0,8.54,1,28.6
2023-06-07,SKU_16,sazonais,lumpy,0.0,9.75,0,30.2
2023-06-08,SKU_16,sazonais,lumpy,0.0,10.02,0,27.2
2023-06-09,SKU_16,sazonais,lumpy,0.0,9.72,0,25.7
2023-06-10,SKU_16,sazonais,lumpy,0.0,9.79,0,26.1
2023-06-11,SKU_16,sazonais,lumpy,24.0,10.04,0,26.5
2023-06-12,SKU_16,sazonais,lumpy,82.0,10.12,0,32.1
2023-06-13,SKU_16,sazonais,lumpy,0.0,10.07,0,26.1
2023-06-14,SKU_16,sazonais,lumpy,0.0,9.78,0,29.4
2023-06-15,SKU_16,sazonais,lumpy,32.0,9.63,0,25.8
2023-06-16,SKU_16,sazonais,lumpy,17.0,10.0,0,29.4
2023-06-17,SKU_16,sazonais,lumpy,71.0,9.62,0,28.2
2023-06-18,SKU_16,sazonais,lumpy,0.0,10.19,0,27.0
2023-06-19,SKU_16,sazonais,lumpy,0.0,9.78,0,27.2
2023-06-20,SKU_16,sazonais,lumpy,0.0,10.45,0,25.9
2023-06-21,SKU_16,sazonais,lumpy,0.0,9.81,0,28.0
2023-06-22,SKU_16,sazonais,lumpy,0.0,10.09,0,26.1
2023-06-23,SKU_16,sazonais,lumpy,0.0,9.85,0,24.5
2023-06-24,SKU_16,sazonais,lumpy,0.0,9.97,0,24.3
2023-06-25,SKU_16,sazonais,lumpy,0.0,10.04,0,27.1
2023-06-26,SKU_16,sazonais,lumpy,0.0,10.17,0,29.8
2023-06-27,SKU_16,sazonais,lumpy,0.0,10.2,0,26.9
2023-06-28,SKU_16,sazonais,lumpy,22.0,10.15,0,26.2
2023-06-29,SKU_16,sazonais,lumpy,63.0,10.21,0,26.9
2023-06-30,SKU_16,sazonais,lumpy,42.0,9.88,0,28.9
2023-07-01,SKU_16,sazonais,lumpy,22.0,10.13,0,26.6
2023-07-02,SKU_16,sazonais,lumpy,0.0,9.93,0,25.3
2023-07-03,SKU_16,sazonais,lumpy,0.0,10.2,0,28.2
2023-07-04,SKU_16,sazonais,lumpy,25.0,10.02,0,26.7
2023-07-05,SKU_16,sazonais,lumpy,0.0,10.12,0,28.9
2023-07-06,SKU_16,sazonais,lumpy,181.0,10.06,0,26.0
2023-07-07,SKU_16,sazonais,lumpy,12.0,10.15,0,23.1
2023-07-08,SKU_16,sazonais,lumpy,29.0,9.84,0,22.7
2023-07-09,SKU_16,sazonais,lumpy,0.0,9.69,0,28.7
2023-07-10,SKU_16,sazonais,lumpy,0.0,10.2,0,28.7
2023-07-11,SKU_16,sazonais,lumpy,10.0,10.27,0,24.8
2023-07-12,SKU_16,sazonais,lumpy,29.0,9.98,0,24.3
2023-07-13,SKU_16,sazonais,lumpy,0.0,10.16,0,27.9
2023-07-14,SKU_16,sazonais,lumpy,0.0,9.67,0,22.7
2023-07-15,SKU_16,sazonais,lumpy,0.0,9.88,0,23.0
2023-07-16,SKU_16,sazonais,lumpy,0.0,10.02,0,26.0
2023-07-17,SKU_16,sazonais,lumpy,0.0,9.65,0,23.8
2023-07-18,SKU_16,sazonais,lumpy,27.0,9.69,0,24.5
2023-07-19,SKU_16,sazonais,lumpy,0.0,10.03,0,24.0
2023-07-20,SKU_16,sazonais,lumpy,0.0,9.88,0,24.9
2023-07-21,SKU_16,sazonais,lumpy,0.0,9.93,0,27.0
2023-07-22,SKU_16,sazonais,lumpy,43.0,9.92,0,24.2
2023-07-23,SKU_16,sazonais,lumpy,14.0,9.74,0,25.2
2023-07-24,SKU_16,sazonais,lumpy,0.0,9.96,0,19.7
2023-07-25,SKU_16,sazonais,lumpy,0.0,10.0,0,23.6
2023-07-26,SKU_16,sazonais,lumpy,0.0,9.88,0,22.0
2023-07-27,SKU_16,sazonais,lumpy,0.0,9.9,0,21.1
2023-07-28,SKU_16,sazonais,lumpy,0.0,9.96,0,21.7
2023-07-29,SKU_16,sazonais,lumpy,0.0,10.16,0,22.7
2023-07-30,SKU_16,sazonais,lumpy,0.0,9.98,0,25.1
2023-07-31,SKU_16,sazonais,lumpy,0.0,8.11,1,20.5
2023-08-01,SKU_16,sazonais,lumpy,0.0,9.76,0,23.1
2023-08-02,SKU_16,sazonais,lumpy,0.0,10.19,0,22.0
2023-08-03,SKU_16,sazonais,lumpy,0.0,9.86,0,22.2
2023-08-04,SKU_16,sazonais,lumpy,28.0,9.98,0,24.7
2023-08-05,SKU_16,sazonais,lumpy,0.0,10.38,0,23.7
2023-08-06,SKU_16,sazonais,lumpy,0.0,10.13,0,25.2
2023-08-07,SKU_16,sazonais,lumpy,0.0,9.57,0,22.1
2023-08-08,SKU_16,sazonais,lumpy,0.0,10.29,0,20.9
2023-08-09,SKU_16,sazonais,lumpy,0.0,10.03,0,21.8
2023-08-10,SKU_16,sazonais,lumpy,28.0,10.07,0,22.6
2023-08-11,SKU_16,sazonais,lumpy,0.0,10.06,0,22.4
2023-08-12,SKU_16,sazonais,lumpy,0.0,10.18,0,19.8
2023-08-13,SKU_16,sazonais,lumpy,0.0,9.98,0,22.0
2023-08-14,SKU_16,sazonais,lumpy,0.0,9.7,0,22.2
2023-08-15,SKU_16,sazonais,lumpy,0.0,10.06,0,26.7
2023-08-16,SKU_16,sazonais,lumpy,483.0,8.22,1,25.3
2023-08-17,SKU_16,sazonais,lumpy,0.0,10.36,0,19.7
2023-08-18,SKU_16,sazonais,lumpy,0.0,9.93,0,20.8
2023-08-19,SKU_16,sazonais,lumpy,11.0,9.99,0,18.3
2023-08-20,SKU_16,sazonais,lumpy,0.0,9.86,0,20.0
2023-08-21,SKU_16,sazonais,lumpy,0.0,10.07,0,21.7
2023-08-22,SKU_16,sazonais,lumpy,0.0,10.09,0,23.4
2023-08-23,SKU_16,sazonais,lumpy,0.0,9.86,0,19.4
2023-08-24,SKU_16,sazonais,lumpy,149.0,10.09,0,19.5
2023-08-25,SKU_16,sazonais,lumpy,0.0,10.01,0,16.4
2023-08-26,SKU_16,sazonais,lumpy,0.0,8.48,1,20.3
2023-08-27,SKU_16,sazonais,lumpy,0.0,9.85,0,18.4
2023-08-28,SKU_16,sazonais,lumpy,13.0,10.46,0,19.4
2023-08-29,SKU_16,sazonais,lumpy,13.0,8.74,1,18.6
2023-08-30,SKU_16,sazonais,lumpy,0.0,10.15,0,20.1
2023-08-31,SKU_16,sazonais,lumpy,13.0,10.23,0,16.7
2023-09-01,SKU_16,sazonais,lumpy,0.0,10.06,0,17.2
2023-09-02,SKU_16,sazonais,lumpy,10.0,9.93,0,24.3
2023-09-03,SKU_16,sazonais,lumpy,0.0,9.47,0,17.4
2023-09-04,SKU_16,sazonais,lumpy,0.0,9.76,0,17.7
2023-09-05,SKU_16,sazonais,lumpy,0.0,10.43,0,23.5
2023-09-06,SKU_16,sazonais,lumpy,0.0,10.23,0,25.6
2023-09-07,SKU_16,sazonais,lumpy,0.0,10.04,0,17.4
2023-09-08,SKU_16,sazonais,lumpy,0.0,9.68,0,18.9
2023-09-09,SKU_16,sazonais,lumpy,0.0,10.13,0,20.2
2023-09-10,SKU_16,sazonais,lumpy,0.0,9.94,0,22.9
2023-09-11,SKU_16,sazonais,lumpy,0.0,10.14,0,17.4
2023-09-12,SKU_16,sazonais,lumpy,0.0,9.78,0,18.9
2023-09-13,SKU_16,sazonais,lumpy,0.0,9.9,0,20.8
2023-09-14,SKU_16,sazonais,lumpy,0.0,10.18,0,20.1
2023-09-15,SKU_16,sazonais,lumpy,7.0,10.39,0,18.4
2023-09-16,SKU_16,sazonais,lumpy,0.0,8.37,1,18.8
2023-09-17,SKU_16,sazonais,lumpy,0.0,9.8,0,16.3
2023-09-18,SKU_16,sazonais,lumpy,29.0,10.2,0,18.5
2023-09-19,SKU_16,sazonais,lumpy,14.0,9.75,0,18.4
2023-09-20,SKU_16,sazonais,lumpy,0.0,9.76,0,19.3
2023-09-21,SKU_16,sazonais,lumpy,16.0,10.05,0,17.7
2023-09-22,SKU_16,sazonais,lumpy,0.0,10.42,0,19.7
2023-09-23,SKU_16,sazonais,lumpy,0.0,9.83,0,20.7
2023-09-24,SKU_16,sazonais,lumpy,0.0,9.93,0,19.0
2023-09-25,SKU_16,sazonais,lumpy,41.0,10.02,0,19.3
2023-09-26,SKU_16,sazonais,lumpy,32.0,9.91,0,18.7
2023-09-27,SKU_16,sazonais,lumpy,0.0,9.65,0,18.5
2023-09-28,SKU_16,sazonais,lumpy,0.0,10.16,0,17.1
2023-09-29,SKU_16,sazonais,lumpy,0.0,10.04,0,19.1
2023-09-30,SKU_16,sazonais,lumpy,0.0,10.07,0,18.2
2023-10-01,SKU_16,sazonais,lumpy,0.0,9.97,0,22.6
2023-10-02,SKU_16,sazonais,lumpy,0.0,10.3,0,21.5
2023-10-03,SKU_16,sazonais,lumpy,0.0,9.9,0,19.1
2023-10-04,SKU_16,sazonais,lumpy,155.0,9.78,0,16.8
2023-10-05,SKU_16,sazonais,lumpy,0.0,10.33,0,16.0
2023-10-06,SKU_16,sazonais,lumpy,0.0,9.56,0,20.6
2023-10-07,SKU_16,sazonais,lumpy,0.0,9.97,0,18.7
2023-10-08,SKU_16,sazonais,lumpy,0.0,9.98,0,19.1
2023-10-09,SKU_16,sazonais,lumpy,32.0,9.98,0,14.7
2023-10-10,SKU_16,sazonais,lumpy,0.0,9.69,0,20.0
2023-10-11,SKU_16,sazonais,lumpy,0.0,9.76,0,19.0
2023-10-12,SKU_16,sazonais,lumpy,0.0,8.69,1,15.9
2023-10-13,SKU_16,sazonais,lumpy,0.0,10.28,0,17.1
2023-10-14,SKU_16,sazonais,lumpy,0.0,9.92,0,18.6
2023-10-15,SKU_16,sazonais,lumpy,5.0,9.81,0,18.1
2023-10-16,SKU_16,sazonais,lumpy,0.0,9.64,0,17.4
2023-10-17,SKU_16,sazonais,lumpy,0.0,10.19,0,17.8
2023-10-18,SKU_16,sazonais,lumpy,0.0,10.2,0,17.5
2023-10-19,SKU_16,sazonais,lumpy,0.0,9.44,0,18.3
2023-10-20,SKU_16,sazonais,lumpy,0.0,9.52,0,20.9
2023-10-21,SKU_16,sazonais,lumpy,0.0,10.03,0,12.9
2023-10-22,SKU_16,sazonais,lumpy,3.0,10.05,0,17.5
2023-10-23,SKU_16,sazonais,lumpy,0.0,9.9,0,18.4
2023-10-24,SKU_16,sazonais,lumpy,9.0,9.99,0,18.6
2023-10-25,SKU_16,sazonais,lumpy,0.0,9.95,0,17.3
2023-10-26,SKU_16,sazonais,lumpy,0.0,10.01,0,14.5
2023-10-27,SKU_16,sazonais,lumpy,0.0,9.82,0,18.7
2023-10-28,SKU_16,sazonais,lumpy,121.0,10.0,0,21.5
2023-10-29,SKU_16,sazonais,lumpy,0.0,9.87,0,15.0
2023-10-30,SKU_16,sazonais,lumpy,0.0,9.85,0,19.8
2023-10-31,SKU_16,sazonais,lumpy,0.0,9.63,0,17.4
2023-11-01,SKU_16,sazonais,lumpy,0.0,9.96,0,18.0
2023-11-02,SKU_16,sazonais,lumpy,16.0,10.16,0,16.0
2023-11-03,SKU_16,sazonais,lumpy,21.0,9.93,0,17.5
2023-11-04,SKU_16,sazonais,lumpy,0.0,9.93,0,20.8
2023-11-05,SKU_16,sazonais,lumpy,0.0,8.75,1,19.3
2023-11-06,SKU_16,sazonais,lumpy,21.0,10.2,0,21.7
2023-11-07,SKU_16,sazonais,lumpy,0.0,10.35,0,20.6
2023-11-08,SKU_16,sazonais,lumpy,0.0,10.45,0,19.1
2023-11-09,SKU_16,sazonais,lumpy,15.0,10.01,0,21.8
2023-11-10,SKU_16,sazonais,lumpy,0.0,9.77,0,19.2
2023-11-11,SKU_16,sazonais,lumpy,5.0,9.9,0,20.0
2023-11-12,SKU_16,sazonais,lumpy,18.0,10.11,0,17.8
2023-11-13,SKU_16,sazonais,lumpy,0.0,10.29,0,18.6
2023-11-14,SKU_16,sazonais,lumpy,10.0,9.79,0,17.1
2023-11-15,SKU_16,sazonais,lumpy,0.0,10.05,0,20.5
2023-11-16,SKU_16,sazonais,lumpy,0.0,9.84,0,16.2
2023-11-17,SKU_16,sazonais,lumpy,22.0,9.97,0,20.2
2023-11-18,SKU_16,sazonais,lumpy,0.0,9.97,0,18.3
2023-11-19,SKU_16,sazonais,lumpy,0.0,10.08,0,21.0
2023-11-20,SKU_16,sazonais,lumpy,0.0,10.41,0,20.2
2023-11-21,SKU_16,sazonais,lumpy,0.0,10.1,0,22.4
2023-11-22,SKU_16,sazonais,lumpy,18.0,9.91,0,20.3
2023-11-23,SKU_16,sazonais,lumpy,0.0,9.88,0,15.8
2023-11-24,SKU_16,sazonais,lumpy,0.0,9.96,0,18.8
2023-11-25,SKU_16,sazonais,lumpy,5.0,9.83,0,16.7
2023-11-26,SKU_16,sazonais,lumpy,30.0,10.03,0,18.0
2023-11-27,SKU_16,sazonais,lumpy,0.0,9.52,0,22.2
2023-11-28,SKU_16,sazonais,lumpy,0.0,9.96,0,20.5
2023-11-29,SKU_16,sazonais,lumpy,0.0,9.97,0,17.9
2023-11-30,SKU_16,sazonais,lumpy,172.0,9.77,0,17.3
2023-12-01,SKU_16,sazonais,lumpy,7.0,9.92,0,19.4
2023-12-02,SKU_16,sazonais,lumpy,0.0,10.22,0,17.0
2023-12-03,SKU_16,sazonais,lumpy,0.0,10.24,0,18.2
2023-12-04,SKU_16,sazonais,lumpy,0.0,9.89,0,20.2
2023-12-05,SKU_16,sazonais,lumpy,0.0,10.1,0,22.0
2023-12-06,SKU_16,sazonais,lumpy,0.0,9.7,0,20.9
2023-12-07,SKU_16,sazonais,lumpy,67.0,8.44,1,15.2
2023-12-08,SKU_16,sazonais,lumpy,0.0,10.05,0,20.5
2023-12-09,SKU_16,sazonais,lumpy,0.0,10.31,0,20.1
2023-12-10,SKU_16,sazonais,lumpy,0.0,10.24,0,20.9
2023-12-11,SKU_16,sazonais,lumpy,0.0,10.04,0,23.3
2023-12-12,SKU_16,sazonais,lumpy,0.0,9.82,0,16.1
2023-12-13,SKU_16,sazonais,lumpy,0.0,10.27,0,19.1
2023-12-14,SKU_16,sazonais,lumpy,9.0,9.93,0,21.5
2023-12-15,SKU_16,sazonais,lumpy,0.0,10.09,0,17.3
2023-12-16,SKU_16,sazonais,lumpy,0.0,9.98,0,23.5
2023-12-17,SKU_16,sazonais,lumpy,4.0,10.4,0,21.3
2023-12-18,SKU_16,sazonais,lumpy,0.0,9.88,0,22.4
2023-12-19,SKU_16,sazonais,lumpy,0.0,10.18,0,19.6
2023-12-20,SKU_16,sazonais,lumpy,145.0,9.98,0,22.5
2023-12-21,SKU_16,sazonais,lumpy,98.0,10.11,0,23.1
2023-12-22,SKU_16,sazonais,lumpy,0.0,8.82,1,21.5
2023-12-23,SKU_16,sazonais,lumpy,0.0,9.6,0,21.6
2023-12-24,SKU_16,sazonais,lumpy,0.0,9.99,0,21.8
2023-12-25,SKU_16,sazonais,lumpy,103.0,9.82,0,19.6
2023-12-26,SKU_16,sazonais,lumpy,0.0,10.09,0,21.1
2023-12-27,SKU_16,sazonais,lumpy,0.0,10.14,0,21.2
2023-12-28,SKU_16,sazonais,lumpy,13.0,9.91,0,22.4
2023-12-29,SKU_16,sazonais,lumpy,0.0,9.9,0,23.7
2023-12-30,SKU_16,sazonais,lumpy,10.0,10.04,0,19.7
2023-12-31,SKU_16,sazonais,lumpy,0.0,9.75,0,21.6
2024-01-01,SKU_16,sazonais,lumpy,0.0,10.07,0,24.9
2024-01-02,SKU_16,sazonais,lumpy,0.0,9.84,0,20.6
2024-01-03,SKU_16,sazonais,lumpy,29.0,10.15,0,20.5
2024-01-04,SKU_16,sazonais,lumpy,0.0,9.74,0,22.7
2024-01-05,SKU_16,sazonais,lumpy,0.0,9.89,0,24.1
2024-01-06,SKU_16,sazonais,lumpy,0.0,9.85,0,22.5
2024-01-07,SKU_16,sazonais,lumpy,0.0,9.94,0,25.2
2024-01-08,SKU_16,sazonais,lumpy,0.0,10.28,0,24.4
2024-01-09,SKU_16,sazonais,lumpy,0.0,10.17,0,24.5
2024-01-10,SKU_16,sazonais,lumpy,135.0,9.9,0,24.0
2024-01-11,SKU_16,sazonais,lumpy,0.0,9.9,0,27.6
2024-01-12,SKU_16,sazonais,lumpy,13.0,10.18,0,22.7
2024-01-13,SKU_16,sazonais,lumpy,0.0,9.77,0,19.2
2024-01-14,SKU_16,sazonais,lumpy,0.0,8.5,1,26.5
2024-01-15,SKU_16,sazonais,lumpy,0.0,9.88,0,22.5
2024-01-16,SKU_16,sazonais,lumpy,0.0,9.97,0,23.7
2024-01-17,SKU_16,sazonais,lumpy,10.0,10.16,0,26.2
2024-01-18,SKU_16,sazonais,lumpy,0.0,9.87,0,20.5
2024-01-19,SKU_16,sazonais,lumpy,0.0,10.19,0,21.3
2024-01-20,SKU_16,sazonais,lumpy,0.0,10.44,0,20.7
2024-01-21,SKU_16,sazonais,lumpy,0.0,10.12,0,22.4
2024-01-22,SKU_16,sazonais,lumpy,153.0,9.98,0,25.0
2024-01-23,SKU_16,sazonais,lumpy,185.0,10.23,0,25.3
2024-01-24,SKU_16,sazonais,lumpy,34.0,9.78,0,24.9
2024-01-25,SKU_16,sazonais,lumpy,0.0,10.3,0,21.6
2024-01-26,SKU_16,sazonais,lumpy,19.0,9.85,0,19.9
2024-01-27,SKU_16,sazonais,lumpy,0.0,10.43,0,24.7
2024-01-28,SKU_16,sazonais,lumpy,0.0,9.86,0,23.8
2024-01-29,SKU_16,sazonais,lumpy,0.0,10.13,0,25.7
2024-01-30,SKU_16,sazonais,lumpy,96.0,9.69,0,26.3
2024-01-31,SKU_16,sazonais,lumpy,0.0,8.46,1,25.3
2024-02-01,SKU_16,sazonais,lumpy,42.0,8.28,1,26.6
2024-02-02,SKU_16,sazonais,lumpy,0.0,8.21,1,25.7
2024-02-03,SKU_16,sazonais,lumpy,27.0,10.24,0,26.4
2024-02-04,SKU_16,sazonais,lumpy,47.0,9.75,0,24.0
2024-02-05,SKU_16,sazonais,lumpy,0.0,8.35,1,25.2
2024-02-06,SKU_16,sazonais,lumpy,202.0,9.83,0,26.0
2024-02-07,SKU_16,sazonais,lumpy,17.0,10.23,0,27.4
2024-02-08,SKU_16,sazonais,lumpy,16.0,10.2,0,25.0
2024-02-09,SKU_16,sazonais,lumpy,0.0,10.25,0,27.0
2024-02-10,SKU_16,sazonais,lumpy,0.0,9.84,0,25.5
2024-02-11,SKU_16,sazonais,lumpy,10.0,10.27,0,25.9
2024-02-12,SKU_16,sazonais,lumpy,51.0,9.84,0,27.9
2024-02-13,SKU_16,sazonais,lumpy,0.0,9.85,0,22.3
2024-02-14,SKU_16,sazonais,lumpy,81.0,9.86,0,23.8
2024-02-15,SKU_16,sazonais,lumpy,67.0,9.87,0,23.5
2024-02-16,SKU_16,sazonais,lumpy,24.0,9.98,0,21.9
2024-02-17,SKU_16,sazonais,lumpy,0.0,9.83,0,25.3
2024-02-18,SKU_16,sazonais,lumpy,0.0,10.05,0,28.3
2024-02-19,SKU_16,sazonais,lumpy,0.0,9.48,0,26.3
2024-02-20,SKU_16,sazonais,lumpy,0.0,10.05,0,27.4
2024-02-21,SKU_16,sazonais,lumpy,0.0,9.78,0,29.2
2024-02-22,SKU_16,sazonais,lumpy,0.0,9.87,0,29.8
2024-02-23,SKU_16,sazonais,lumpy,0.0,9.87,0,27.1
2024-02-24,SKU_16,sazonais,lumpy,0.0,10.19,0,30.0
2024-02-25,SKU_16,sazonais,lumpy,0.0,10.1,0,27.6
2024-02-26,SKU_16,sazonais,lumpy,13.0,9.97,0,25.8
2024-02-27,SKU_16,sazonais,lumpy,0.0,9.86,0,26.4
2024-02-28,SKU_16,sazonais,lumpy,0.0,10.16,0,24.7
2024-02-29,SKU_16,sazonais,lumpy,57.0,10.36,0,26.0
2024-03-01,SKU_16,sazonais,lumpy,4.0,9.99,0,27.1
2024-03-02,SKU_16,sazonais,lumpy,25.0,9.68,0,29.5
2024-03-03,SKU_16,sazonais,lumpy,37.0,9.86,0,31.4
2024-03-04,SKU_16,sazonais,lumpy,0.0,10.11,0,25.3
2024-03-05,SKU_16,sazonais,lumpy,53.0,9.91,0,28.9
2024-03-06,SKU_16,sazonais,lumpy,0.0,9.83,0,26.1
2024-03-07,SKU_16,sazonais,lumpy,43.0,9.82,0,29.2
2024-03-08,SKU_16,sazonais,lumpy,0.0,10.02,0,28.1
2024-03-09,SKU_16,sazonais,lumpy,6.0,9.69,0,24.8
2024-03-10,SKU_16,sazonais,lumpy,16.0,9.99,0,30.3
2024-03-11,SKU_16,sazonais,lumpy,0.0,10.02,0,27.3
2024-03-12,SKU_16,sazonais,lumpy,95.0,9.91,0,27.5
2024-03-13,SKU_16,sazonais,lumpy,0.0,9.79,0,26.5
2024-03-14,SKU_16,sazonais,lumpy,0.0,10.2,0,27.4
2024-03-15,SKU_16,sazonais,lumpy,0.0,9.73,0,29.7
2024-03-16,SKU_16,sazonais,lumpy,0.0,10.03,0,28.5
2024-03-17,SKU_16,sazonais,lumpy,0.0,10.15,0,29.6
2024-03-18,SKU_16,sazonais,lumpy,0.0,10.03,0,29.7
2024-03-19,SKU_16,sazonais,lumpy,0.0,10.25,0,31.7
2024-03-20,SKU_16,sazonais,lumpy,0.0,8.27,1,28.4
2024-03-21,SKU_16,sazonais,lumpy,0.0,8.34,1,26.2
2024-03-22,SKU_16,sazonais,lumpy,0.0,9.91,0,31.3
2024-03-23,SKU_16,sazonais,lumpy,0.0,10.66,0,28.6
2024-03-24,SKU_16,sazonais,lumpy,0.0,10.1,0,31.5
2024-03-25,SKU_16,sazonais,lumpy,35.0,10.14,0,30.1
2024-03-26,SKU_16,sazonais,lumpy,0.0,10.13,0,29.1
2024-03-27,SKU_16,sazonais,lumpy,0.0,10.02,0,30.1
2024-03-28,SKU_16,sazonais,lumpy,0.0,10.21,0,33.4
2024-03-29,SKU_16,sazonais,lumpy,26.0,9.63,0,33.7
2024-03-30,SKU_16,sazonais,lumpy,0.0,10.06,0,29.7
2024-03-31,SKU_16,sazonais,lumpy,0.0,10.09,0,29.9
2024-04-01,SKU_16,sazonais,lumpy,48.0,10.2,0,31.8
2024-04-02,SKU_16,sazonais,lumpy,0.0,9.77,0,28.0
2024-04-03,SKU_16,sazonais,lumpy,121.0,9.78,0,30.4
2024-04-04,SKU_16,sazonais,lumpy,0.0,8.3,1,29.7
2024-04-05,SKU_16,sazonais,lumpy,16.0,8.6,1,30.4
2024-04-06,SKU_16,sazonais,lumpy,0.0,10.11,0,28.1
2024-04-07,SKU_16,sazonais,lumpy,21.0,9.81,0,26.6
2024-04-08,SKU_16,sazonais,lumpy,18.0,10.38,0,25.7
2024-04-09,SKU_16,sazonais,lumpy,14.0,10.06,0,27.6
2024-04-10,SKU_16,sazonais,lumpy,12.0,10.02,0,29.0
2024-04-11,SKU_16,sazonais,lumpy,0.0,9.96,0,29.3
2024-04-12,SKU_16,sazonais,lumpy,46.0,10.19,0,33.8
2024-04-13,SKU_16,sazonais,lumpy,13.0,10.08,0,32.2
2024-04-14,SKU_16,sazonais,lumpy,0.0,8.88,1,28.0
2024-04-15,SKU_16,sazonais,lumpy,0.0,9.76,0,30.7
2024-04-16,SKU_16,sazonais,lumpy,0.0,9.69,0,29.2
2024-04-17,SKU_16,sazonais,lumpy,20.0,9.85,0,29.4
2024-04-18,SKU_16,sazonais,lumpy,0.0,10.11,0,30.4
2024-04-19,SKU_16,sazonais,lumpy,0.0,9.91,0,31.2
2024-04-20,SKU_16,sazonais,lumpy,80.0,10.25,0,29.3
2024-04-21,SKU_16,sazonais,lumpy,0.0,9.92,0,32.1
2024-04-22,SKU_16,sazonais,lumpy,0.0,10.22,0,27.7
2024-04-23,SKU_16,sazonais,lumpy,0.0,9.83,0,30.0
2024-04-24,SKU_16,sazonais,lumpy,0.0,10.24,0,35.2
2024-04-25,SKU_16,sazonais,lumpy,0.0,10.27,0,30.4
2024-04-26,SKU_16,sazonais,lumpy,0.0,9.89,0,32.8
2024-04-27,SKU_16,sazonais,lumpy,24.0,10.1,0,30.2
2024-04-28,SKU_16,sazonais,lumpy,0.0,8.55,1,31.1
2024-04-29,SKU_16,sazonais,lumpy,51.0,10.1,0,29.8
2024-04-30,SKU_16,sazonais,lumpy,0.0,10.26,0,29.6
2024-05-01,SKU_16,sazonais,lumpy,61.0,10.19,0,28.4
2024-05-02,SKU_16,sazonais,lumpy,0.0,10.1,0,30.8
2024-05-03,SKU_16,sazonais,lumpy,0.0,10.13,0,28.2
2024-05-04,SKU_16,sazonais,lumpy,0.0,9.75,0,31.2
2024-05-05,SKU_16,sazonais,lumpy,0.0,9.99,0,32.0
2024-05-06,SKU_16,sazonais,lumpy,0.0,9.78,0,30.5
2024-05-07,SKU_16,sazonais,lumpy,0.0,10.0,0,29.2
2024-05-08,SKU_16,sazonais,lumpy,0.0,10.22,0,30.7
2024-05-09,SKU_16,sazonais,lumpy,0.0,10.0,0,29.1
2024-05-10,SKU_16,sazonais,lumpy,6.0,9.5,0,31.6
2024-05-11,SKU_16,sazonais,lumpy,5.0,9.79,0,26.0
2024-05-12,SKU_16,sazonais,lumpy,0.0,10.12,0,29.0
2024-05-13,SKU_16,sazonais,lumpy,9.0,9.89,0,25.6
2024-05-14,SKU_16,sazonais,lumpy,0.0,10.16,0,26.6
2024-05-15,SKU_16,sazonais,lumpy,126.0,8.26,1,32.2
2024-05-16,SKU_16,sazonais,lumpy,0.0,10.08,0,31.3
2024-05-17,SKU_16,sazonais,lumpy,9.0,10.09,0,28.0
2024-05-18,SKU_16,sazonais,lumpy,0.0,10.16,0,26.4
2024-05-19,SKU_16,sazonais,lumpy,0.0,9.87,0,23.4
2024-05-20,SKU_16,sazonais,lumpy,236.0,10.16,0,28.2
2024-05-21,SKU_16,sazonais,lumpy,0.0,10.3,0,34.1
2024-05-22,SKU_16,sazonais,lumpy,0.0,9.55,0,30.0
2024-05-23,SKU_16,sazonais,lumpy,0.0,10.01,0,28.0
2024-05-24,SKU_16,sazonais,lumpy,0.0,9.64,0,30.0
2024-05-25,SKU_16,sazonais,lumpy,0.0,9.83,0,25.9
2024-05-26,SKU_16,sazonais,lumpy,303.0,9.84,0,28.4
2024-05-27,SKU_16,sazonais,lumpy,0.0,9.99,0,29.1
2024-05-28,SKU_16,sazonais,lumpy,47.0,10.08,0,28.7
2024-05-29,SKU_16,sazonais,lumpy,0.0,10.18,0,30.4
2024-05-30,SKU_16,sazonais,lumpy,0.0,10.05,0,29.4
2024-05-31,SKU_16,sazonais,lumpy,0.0,10.13,0,30.0
2024-06-01,SKU_16,sazonais,lumpy,0.0,9.78,0,27.2
2024-06-02,SKU_16,sazonais,lumpy,19.0,10.21,0,30.3
2024-06-03,SKU_16,sazonais,lumpy,10.0,9.34,0,31.7
2024-06-04,SKU_16,sazonais,lumpy,45.0,10.31,0,26.4
2024-06-05,SKU_16,sazonais,lumpy,72.0,10.27,0,26.5
2024-06-06,SKU_16,sazonais,lumpy,26.0,10.15,0,30.9
2024-06-07,SKU_16,sazonais,lumpy,0.0,10.45,0,27.8
2024-06-08,SKU_16,sazonais,lumpy,0.0,9.64,0,30.9
2024-06-09,SKU_16,sazonais,lumpy,0.0,10.16,0,27.1
2024-06-10,SKU_16,sazonais,lumpy,0.0,10.03,0,30.8
2024-06-11,SKU_16,sazonais,lumpy,5.0,10.05,0,28.1
2024-06-12,SKU_16,sazonais,lumpy,0.0,9.77,0,28.3
2024-06-13,SKU_16,sazonais,lumpy,47.0,10.08,0,30.8
2024-06-14,SKU_16,sazonais,lumpy,0.0,10.07,0,26.9
2024-06-15,SKU_16,sazonais,lumpy,0.0,9.86,0,25.6
2024-06-16,SKU_16,sazonais,lumpy,31.0,9.99,0,26.5
2024-06-17,SKU_16,sazonais,lumpy,0.0,9.74,0,28.3
2024-06-18,SKU_16,sazonais,lumpy,0.0,9.92,0,24.1
2024-06-19,SKU_16,sazonais,lumpy,25.0,10.19,0,28.5
2024-06-20,SKU_16,sazonais,lumpy,62.0,10.2,0,26.0
2024-06-21,SKU_16,sazonais,lumpy,12.0,10.15,0,29.3
2024-06-22,SKU_16,sazonais,lumpy,0.0,10.19,0,22.1
2024-06-23,SKU_16,sazonais,lumpy,0.0,10.19,0,25.3
2024-06-24,SKU_16,sazonais,lumpy,0.0,9.87,0,23.4
2024-06-25,SKU_16,sazonais,lumpy,45.0,10.07,0,25.0
2024-06-26,SKU_16,sazonais,lumpy,52.0,10.22,0,27.0
2024-06-27,SKU_16,sazonais,lumpy,0.0,9.72,0,26.1
2024-06-28,SKU_16,sazonais,lumpy,14.0,9.72,0,25.9
2024-06-29,SKU_16,sazonais,lumpy,0.0,9.71,0,25.9
2024-06-30,SKU_16,sazonais,lumpy,140.0,9.64,0,26.6
2024-07-01,SKU_16,sazonais,lumpy,17.0,9.79,0,24.1
2024-07-02,SKU_16,sazonais,lumpy,0.0,8.39,1,27.4
2024-07-03,SKU_16,sazonais,lumpy,37.0,10.3,0,27.2
2024-07-04,SKU_16,sazonais,lumpy,0.0,9.91,0,26.6
2024-07-05,SKU_16,sazonais,lumpy,0.0,9.7,0,26.8
2024-07-06,SKU_16,sazonais,lumpy,0.0,10.03,0,26.2
2024-07-07,SKU_16,sazonais,lumpy,0.0,8.46,1,29.6
2024-07-08,SKU_16,sazonais,lumpy,0.0,8.34,1,25.2
2024-07-09,SKU_16,sazonais,lumpy,0.0,9.88,0,24.7
2024-07-10,SKU_16,sazonais,lumpy,0.0,10.21,0,23.7
2024-07-11,SKU_16,sazonais,lumpy,0.0,8.22,1,23.0
2024-07-12,SKU_16,sazonais,lumpy,0.0,9.67,0,22.5
2024-07-13,SKU_16,sazonais,lumpy,0.0,10.09,0,23.1
2024-07-14,SKU_16,sazonais,lumpy,43.0,9.88,0,24.6
2024-07-15,SKU_16,sazonais,lumpy,0.0,10.31,0,25.3
2024-07-16,SKU_16,sazonais,lumpy,0.0,8.47,1,24.7
2024-07-17,SKU_16,sazonais,lumpy,0.0,9.98,0,22.9
2024-07-18,SKU_16,sazonais,lumpy,0.0,10.16,0,26.2
2024-07-19,SKU_16,sazonais,lumpy,21.0,9.67,0,25.7
2024-07-20,SKU_16,sazonais,lumpy,0.0,10.07,0,23.8
2024-07-21,SKU_16,sazonais,lumpy,0.0,9.93,0,22.7
2024-07-22,SKU_16,sazonais,lumpy,0.0,10.21,0,25.0
2024-07-23,SKU_16,sazonais,lumpy,0.0,9.87,0,24.2
2024-07-24,SKU_16,sazonais,lumpy,64.0,10.04,0,20.8
2024-07-25,SKU_16,sazonais,lumpy,0.0,9.93,0,23.5
2024-07-26,SKU_16,sazonais,lumpy,0.0,10.08,0,24.1
2024-07-27,SKU_16,sazonais,lumpy,0.0,9.95,0,21.6
2024-07-28,SKU_16,sazonais,lumpy,0.0,10.05,0,23.7
2024-07-29,SKU_16,sazonais,lumpy,29.0,10.35,0,20.3
2024-07-30,SKU_16,sazonais,lumpy,0.0,9.94,0,25.8
2024-07-31,SKU_16,sazonais,lumpy,83.0,10.08,0,25.5
2024-08-01,SKU_16,sazonais,lumpy,111.0,10.46,0,22.4
2024-08-02,SKU_16,sazonais,lumpy,0.0,10.08,0,23.5
2024-08-03,SKU_16,sazonais,lumpy,0.0,9.51,0,17.9
2024-08-04,SKU_16,sazonais,lumpy,0.0,9.87,0,20.3
2024-08-05,SKU_16,sazonais,lumpy,0.0,9.76,0,21.9
2024-08-06,SKU_16,sazonais,lumpy,28.0,10.18,0,20.3
2024-08-07,SKU_16,sazonais,lumpy,0.0,9.98,0,23.7
2024-08-08,SKU_16,sazonais,lumpy,0.0,10.21,0,26.2
2024-08-09,SKU_16,sazonais,lumpy,0.0,10.12,0,19.8
2024-08-10,SKU_16,sazonais,lumpy,7.0,10.12,0,20.3
2024-08-11,SKU_16,sazonais,lumpy,11.0,9.76,0,22.4
2024-08-12,SKU_16,sazonais,lumpy,17.0,10.1,0,25.1
2024-08-13,SKU_16,sazonais,lumpy,0.0,10.27,0,19.3
2024-08-14,SKU_16,sazonais,lumpy,0.0,9.71,0,22.1
2024-08-15,SKU_16,sazonais,lumpy,0.0,9.94,0,25.2
2024-08-16,SKU_16,sazonais,lumpy,67.0,10.07,0,18.1
2024-08-17,SKU_16,sazonais,lumpy,0.0,10.02,0,18.8
2024-08-18,SKU_16,sazonais,lumpy,0.0,8.79,1,20.4
2024-08-19,SKU_16,sazonais,lumpy,0.0,10.15,0,20.1
2024-08-20,SKU_16,sazonais,lumpy,144.0,10.08,0,22.7
2024-08-21,SKU_16,sazonais,lumpy,0.0,10.16,0,21.5
2024-08-22,SKU_16,sazonais,lumpy,0.0,10.15,0,17.4
2024-08-23,SKU_16,sazonais,lumpy,0.0,10.01,0,21.8
2024-08-24,SKU_16,sazonais,lumpy,0.0,9.93,0,19.6
2024-08-25,SKU_16,sazonais,lumpy,6.0,10.2,0,23.2
2024-08-26,SKU_16,sazonais,lumpy,28.0,8.35,1,19.3
2024-08-27,SKU_16,sazonais,lumpy,23.0,9.99,0,19.2
2024-08-28,SKU_16,sazonais,lumpy,10.0,9.77,0,21.5
2024-08-29,SKU_16,sazonais,lumpy,78.0,10.15,0,21.8
2024-08-30,SKU_16,sazonais,lumpy,0.0,10.25,0,21.1
2024-08-31,SKU_16,sazonais,lumpy,0.0,9.81,0,16.8
2024-09-01,SKU_16,sazonais,lumpy,0.0,9.97,0,21.1
2024-09-02,SKU_16,sazonais,lumpy,0.0,9.9,0,17.9
2024-09-03,SKU_16,sazonais,lumpy,35.0,10.22,0,20.4
2024-09-04,SKU_16,sazonais,lumpy,86.0,10.28,0,17.0
2024-09-05,SKU_16,sazonais,lumpy,7.0,9.9,0,20.7
2024-09-06,SKU_16,sazonais,lumpy,0.0,9.38,0,18.1
2024-09-07,SKU_16,sazonais,lumpy,0.0,10.23,0,17.1
2024-09-08,SKU_16,sazonais,lumpy,0.0,10.01,0,21.0
2024-09-09,SKU_16,sazonais,lumpy,0.0,10.01,0,20.0
2024-09-10,SKU_16,sazonais,lumpy,162.0,10.19,0,18.2
2024-09-11,SKU_16,sazonais,lumpy,0.0,9.93,0,22.3
2024-09-12,SKU_16,sazonais,lumpy,27.0,9.87,0,18.4
2024-09-13,SKU_16,sazonais,lumpy,116.0,8.43,1,19.3
2024-09-14,SKU_16,sazonais,lumpy,0.0,10.1,0,19.7
2024-09-15,SKU_16,sazonais,lumpy,0.0,10.18,0,17.9
2024-09-16,SKU_16,sazonais,lumpy,0.0,10.33,0,20.0
2024-09-17,SKU_16,sazonais,lumpy,67.0,8.58,1,17.9
2024-09-18,SKU_16,sazonais,lumpy,0.0,9.97,0,18.1
2024-09-19,SKU_16,sazonais,lumpy,0.0,10.18,0,21.6
2024-09-20,SKU_16,sazonais,lumpy,0.0,9.81,0,16.7
2024-09-21,SKU_16,sazonais,lumpy,0.0,8.78,1,13.9
2024-09-22,SKU_16,sazonais,lumpy,0.0,10.04,0,21.9
2024-09-23,SKU_16,sazonais,lumpy,72.0,9.95,0,23.8
2024-09-24,SKU_16,sazonais,lumpy,0.0,9.81,0,17.8
2024-09-25,SKU_16,sazonais,lumpy,115.0,8.63,1,14.7
2024-09-26,SKU_16,sazonais,lumpy,0.0,9.94,0,17.9
2024-09-27,SKU_16,sazonais,lumpy,39.0,9.98,0,17.9
2024-09-28,SKU_16,sazonais,lumpy,0.0,9.67,0,18.1
2024-09-29,SKU_16,sazonais,lumpy,0.0,9.91,0,16.2
2024-09-30,SKU_16,sazonais,lumpy,32.0,9.89,0,19.5
2024-10-01,SKU_16,sazonais,lumpy,0.0,10.08,0,19.4
2024-10-02,SKU_16,sazonais,lumpy,20.0,9.95,0,15.3
2024-10-03,SKU_16,sazonais,lumpy,0.0,7.97,1,19.7
2024-10-04,SKU_16,sazonais,lumpy,0.0,9.92,0,22.4
2024-10-05,SKU_16,sazonais,lumpy,7.0,9.71,0,18.6
2024-10-06,SKU_16,sazonais,lumpy,65.0,9.79,0,17.5
2024-10-07,SKU_16,sazonais,lumpy,0.0,10.2,0,17.9
2024-10-08,SKU_16,sazonais,lumpy,0.0,9.66,0,19.4
2024-10-09,SKU_16,sazonais,lumpy,0.0,10.06,0,14.7
2024-10-10,SKU_16,sazonais,lumpy,0.0,9.9,0,18.4
2024-10-11,SKU_16,sazonais,lumpy,17.0,9.86,0,17.3
2024-10-12,SKU_16,sazonais,lumpy,0.0,9.8,0,21.8
2024-10-13,SKU_16,sazonais,lumpy,0.0,10.06,0,17.7
2024-10-14,SKU_16,sazonais,lumpy,0.0,10.09,0,21.4
2024-10-15,SKU_16,sazonais,lumpy,0.0,9.65,0,15.8
2024-10-16,SKU_16,sazonais,lumpy,0.0,10.23,0,19.2
2024-10-17,SKU_16,sazonais,lumpy,106.0,9.76,0,18.7
2024-10-18,SKU_16,sazonais,lumpy,0.0,10.08,0,16.3
2024-10-19,SKU_16,sazonais,lumpy,0.0,9.76,0,18.4
2024-10-20,SKU_16,sazonais,lumpy,28.0,9.91,0,20.4
2024-10-21,SKU_16,sazonais,lumpy,156.0,9.74,0,17.4
2024-10-22,SKU_16,sazonais,lumpy,0.0,9.89,0,14.6
2024-10-23,SKU_16,sazonais,lumpy,0.0,9.96,0,18.0
2024-10-24,SKU_16,sazonais,lumpy,21.0,9.77,0,16.2
2024-10-25,SKU_16,sazonais,lumpy,0.0,10.06,0,17.3
2024-10-26,SKU_16,sazonais,lumpy,0.0,10.09,0,17.9
2024-10-27,SKU_16,sazonais,lumpy,0.0,10.54,0,14.6
2024-10-28,SKU_16,sazonais,lumpy,0.0,10.19,0,14.8
2024-10-29,SKU_16,sazonais,lumpy,14.0,8.74,1,19.0
2024-10-30,SKU_16,sazonais,lumpy,0.0,9.65,0,17.0
2024-10-31,SKU_16,sazonais,lumpy,23.0,9.61,0,13.0
2024-11-01,SKU_16,sazonais,lumpy,32.0,9.94,0,19.7
2024-11-02,SKU_16,sazonais,lumpy,16.0,10.36,0,18.7
2024-11-03,SKU_16,sazonais,lumpy,0.0,8.99,1,16.7
2024-11-04,SKU_16,sazonais,lumpy,15.0,9.86,0,15.5
2024-11-05,SKU_16,sazonais,lumpy,12.0,9.88,0,19.9
2024-11-06,SKU_16,sazonais,lumpy,76.0,10.11,0,18.9
2024-11-07,SKU_16,sazonais,lumpy,0.0,9.96,0,23.0
2024-11-08,SKU_16,sazonais,lumpy,0.0,9.97,0,19.1
2024-11-09,SKU_16,sazonais,lumpy,40.0,10.13,0,19.1
2024-11-10,SKU_16,sazonais,lumpy,0.0,10.54,0,18.0
2024-11-11,SKU_16,sazonais,lumpy,0.0,10.26,0,20.0
2024-11-12,SKU_16,sazonais,lumpy,0.0,8.87,1,19.7
2024-11-13,SKU_16,sazonais,lumpy,0.0,9.63,0,21.0
2024-11-14,SKU_16,sazonais,lumpy,19.0,8.71,1,17.5
2024-11-15,SKU_16,sazonais,lumpy,17.0,9.81,0,17.7
2024-11-16,SKU_16,sazonais,lumpy,11.0,10.34,0,17.6
2024-11-17,SKU_16,sazonais,lumpy,0.0,10.27,0,20.2
2024-11-18,SKU_16,sazonais,lumpy,0.0,10.12,0,21.7
2024-11-19,SKU_16,sazonais,lumpy,0.0,9.85,0,17.8
2024-11-20,SKU_16,sazonais,lumpy,0.0,9.9,0,17.9
2024-11-21,SKU_16,sazonais,lumpy,0.0,9.92,0,19.5
2024-11-22,SKU_16,sazonais,lumpy,0.0,10.15,0,18.4
2024-11-23,SKU_16,sazonais,lumpy,0.0,10.08,0,20.9
2024-11-24,SKU_16,sazonais,lumpy,0.0,10.28,0,14.5
2024-11-25,SKU_16,sazonais,lumpy,13.0,10.32,0,17.4
2024-11-26,SKU_16,sazonais,lumpy,99.0,9.83,0,17.6
2024-11-27,SKU_16,sazonais,lumpy,79.0,10.1,0,14.6
2024-11-28,SKU_16,sazonais,lumpy,0.0,10.09,0,17.3
2024-11-29,SKU_16,sazonais,lumpy,0.0,9.98,0,17.5
2024-11-30,SKU_16,sazonais,lumpy,0.0,10.19,0,19.0
2024-12-01,SKU_16,sazonais,lumpy,0.0,10.1,0,21.7
2024-12-02,SKU_16,sazonais,lumpy,87.0,9.89,0,19.0
2024-12-03,SKU_16,sazonais,lumpy,37.0,9.97,0,17.5
2024-12-04,SKU_16,sazonais,lumpy,111.0,9.93,0,19.5
2024-12-05,SKU_16,sazonais,lumpy,19.0,9.85,0,21.8
2024-12-06,SKU_16,sazonais,lumpy,0.0,9.98,0,17.9
2024-12-07,SKU_16,sazonais,lumpy,214.0,9.74,0,18.1
2024-12-08,SKU_16,sazonais,lumpy,0.0,10.09,0,21.1
2024-12-09,SKU_16,sazonais,lumpy,0.0,10.28,0,19.6
2024-12-10,SKU_16,sazonais,lumpy,18.0,10.01,0,21.4
2024-12-11,SKU_16,sazonais,lumpy,0.0,10.19,0,20.2
2024-12-12,SKU_16,sazonais,lumpy,0.0,10.03,0,21.7
2024-12-13,SKU_16,sazonais,lumpy,0.0,9.8,0,18.3
2024-12-14,SKU_16,sazonais,lumpy,17.0,10.4,0,20.4
2024-12-15,SKU_16,sazonais,lumpy,0.0,9.52,0,20.1
2024-12-16,SKU_16,sazonais,lumpy,0.0,10.0,0,18.2
2024-12-17,SKU_16,sazonais,lumpy,0.0,9.85,0,17.6
2024-12-18,SKU_16,sazonais,lumpy,174.0,10.32,0,22.1
2024-12-19,SKU_16,sazonais,lumpy,0.0,10.04,0,20.2
2024-12-20,SKU_16,sazonais,lumpy,4.0,10.51,0,18.9
2024-12-21,SKU_16,sazonais,lumpy,0.0,10.01,0,20.8
2024-12-22,SKU_16,sazonais,lumpy,300.0,8.35,1,23.4
2024-12-23,SKU_16,sazonais,lumpy,0.0,9.66,0,16.7
2024-12-24,SKU_16,sazonais,lumpy,197.0,10.22,0,18.3
2024-12-25,SKU_16,sazonais,lumpy,0.0,9.83,0,19.6
2024-12-26,SKU_16,sazonais,lumpy,0.0,8.42,1,24.4
2024-12-27,SKU_16,sazonais,lumpy,9.0,10.25,0,22.2
2024-12-28,SKU_16,sazonais,lumpy,30.0,10.21,0,23.2
2024-12-29,SKU_16,sazonais,lumpy,0.0,9.88,0,19.5
2024-12-30,SKU_16,sazonais,lumpy,0.0,9.91,0,19.6
2023-01-01,SKU_17,sazonais,lumpy,0.0,12.22,0,22.6
2023-01-02,SKU_17,sazonais,lumpy,0.0,12.46,0,20.0
2023-01-03,SKU_17,sazonais,lumpy,0.0,10.34,1,23.7
2023-01-04,SKU_17,sazonais,lumpy,65.0,12.09,0,24.2
2023-01-05,SKU_17,sazonais,lumpy,0.0,11.88,0,18.5
2023-01-06,SKU_17,sazonais,lumpy,0.0,10.09,1,19.9
2023-01-07,SKU_17,sazonais,lumpy,9.0,12.05,0,22.8
2023-01-08,SKU_17,sazonais,lumpy,0.0,10.47,1,22.0
2023-01-09,SKU_17,sazonais,lumpy,0.0,12.09,0,22.7
2023-01-10,SKU_17,sazonais,lumpy,20.0,12.19,0,21.2
2023-01-11,SKU_17,sazonais,lumpy,35.0,11.82,0,24.7
2023-01-12,SKU_17,sazonais,lumpy,31.0,12.12,0,24.6
2023-01-13,SKU_17,sazonais,lumpy,0.0,11.87,0,23.3
2023-01-14,SKU_17,sazonais,lumpy,11.0,12.03,0,25.5
2023-01-15,SKU_17,sazonais,lumpy,0.0,10.32,1,24.3
2023-01-16,SKU_17,sazonais,lumpy,0.0,11.89,0,21.8
2023-01-17,SKU_17,sazonais,lumpy,27.0,11.8,0,24.3
2023-01-18,SKU_17,sazonais,lumpy,0.0,12.07,0,21.8
2023-01-19,SKU_17,sazonais,lumpy,0.0,11.97,0,25.6
2023-01-20,SKU_17,sazonais,lumpy,0.0,12.03,0,23.8
2023-01-21,SKU_17,sazonais,lumpy,0.0,12.13,0,23.6
2023-01-22,SKU_17,sazonais,lumpy,7.0,12.26,0,22.7
2023-01-23,SKU_17,sazonais,lumpy,7.0,12.13,0,26.7
2023-01-24,SKU_17,sazonais,lumpy,0.0,12.11,0,24.0
2023-01-25,SKU_17,sazonais,lumpy,0.0,11.9,0,23.6
2023-01-26,SKU_17,sazonais,lumpy,0.0,11.93,0,23.8
2023-01-27,SKU_17,sazonais,lumpy,31.0,12.09,0,25.7
2023-01-28,SKU_17,sazonais,lumpy,8.0,11.93,0,25.5
2023-01-29,SKU_17,sazonais,lumpy,0.0,12.09,0,25.6
2023-01-30,SKU_17,sazonais,lumpy,140.0,11.84,0,25.8
2023-01-31,SKU_17,sazonais,lumpy,0.0,12.39,0,29.3
2023-02-01,SKU_17,sazonais,lumpy,94.0,12.04,0,24.3
2023-02-02,SKU_17,sazonais,lumpy,0.0,12.03,0,24.2
2023-02-03,SKU_17,sazonais,lumpy,26.0,10.1,1,23.7
2023-02-04,SKU_17,sazonais,lumpy,0.0,10.58,1,26.7
2023-02-05,SKU_17,sazonais,lumpy,0.0,11.75,0,27.8
2023-02-06,SKU_17,sazonais,lumpy,35.0,10.06,1,25.4
2023-02-07,SKU_17,sazonais,lumpy,0.0,12.17,0,24.1
2023-02-08,SKU_17,sazonais,lumpy,0.0,12.05,0,24.2
2023-02-09,SKU_17,sazonais,lumpy,0.0,11.88,0,27.2
2023-02-10,SKU_17,sazonais,lumpy,0.0,11.89,0,27.5
2023-02-11,SKU_17,sazonais,lumpy,0.0,11.94,0,27.2
2023-02-12,SKU_17,sazonais,lumpy,0.0,12.02,0,24.9
2023-02-13,SKU_17,sazonais,lumpy,0.0,12.31,0,26.8
2023-02-14,SKU_17,sazonais,lumpy,0.0,12.12,0,26.6
2023-02-15,SKU_17,sazonais,lumpy,24.0,12.2,0,26.9
2023-02-16,SKU_17,sazonais,lumpy,0.0,11.91,0,28.3
2023-02-17,SKU_17,sazonais,lumpy,0.0,12.1,0,27.1
2023-02-18,SKU_17,sazonais,lumpy,0.0,11.69,0,28.1
2023-02-19,SKU_17,sazonais,lumpy,0.0,12.04,0,27.0
2023-02-20,SKU_17,sazonais,lumpy,0.0,10.22,1,27.5
2023-02-21,SKU_17,sazonais,lumpy,0.0,10.56,1,28.3
2023-02-22,SKU_17,sazonais,lumpy,0.0,12.31,0,24.2
2023-02-23,SKU_17,sazonais,lumpy,49.0,11.95,0,26.6
2023-02-24,SKU_17,sazonais,lumpy,14.0,11.84,0,26.4
2023-02-25,SKU_17,sazonais,lumpy,4.0,11.84,0,26.1
2023-02-26,SKU_17,sazonais,lumpy,0.0,11.94,0,26.9
2023-02-27,SKU_17,sazonais,lumpy,0.0,12.26,0,30.6
2023-02-28,SKU_17,sazonais,lumpy,0.0,12.08,0,25.9
2023-03-01,SKU_17,sazonais,lumpy,52.0,12.1,0,29.7
2023-03-02,SKU_17,sazonais,lumpy,29.0,10.36,1,24.4
2023-03-03,SKU_17,sazonais,lumpy,0.0,11.8,0,27.2
2023-03-04,SKU_17,sazonais,lumpy,20.0,11.86,0,28.3
2023-03-05,SKU_17,sazonais,lumpy,0.0,12.1,0,29.2
2023-03-06,SKU_17,sazonais,lumpy,27.0,11.84,0,29.5
2023-03-07,SKU_17,sazonais,lumpy,128.0,9.89,1,29.8
2023-03-08,SKU_17,sazonais,lumpy,0.0,11.78,0,27.6
2023-03-09,SKU_17,sazonais,lumpy,0.0,12.21,0,27.4
2023-03-10,SKU_17,sazonais,lumpy,60.0,11.93,0,30.1
2023-03-11,SKU_17,sazonais,lumpy,4.0,12.05,0,28.1
2023-03-12,SKU_17,sazonais,lumpy,27.0,11.79,0,26.0
2023-03-13,SKU_17,sazonais,lumpy,20.0,12.08,0,26.3
2023-03-14,SKU_17,sazonais,lumpy,0.0,11.95,0,26.8
2023-03-15,SKU_17,sazonais,lumpy,0.0,12.09,0,29.7
2023-03-16,SKU_17,sazonais,lumpy,34.0,11.9,0,29.1
2023-03-17,SKU_17,sazonais,lumpy,0.0,12.1,0,30.3
2023-03-18,SKU_17,sazonais,lumpy,20.0,11.89,0,28.1
2023-03-19,SKU_17,sazonais,lumpy,47.0,11.98,0,29.3
2023-03-20,SKU_17,sazonais,lumpy,0.0,11.95,0,30.3
2023-03-21,SKU_17,sazonais,lumpy,94.0,12.01,0,28.5
2023-03-22,SKU_17,sazonais,lumpy,0.0,10.26,1,30.1
2023-03-23,SKU_17,sazonais,lumpy,0.0,11.9,0,27.9
2023-03-24,SKU_17,sazonais,lumpy,0.0,11.98,0,28.5
2023-03-25,SKU_17,sazonais,lumpy,0.0,12.04,0,28.5
2023-03-26,SKU_17,sazonais,lumpy,62.0,12.1,0,27.0
2023-03-27,SKU_17,sazonais,lumpy,0.0,11.98,0,30.4
2023-03-28,SKU_17,sazonais,lumpy,0.0,11.82,0,28.5
2023-03-29,SKU_17,sazonais,lumpy,0.0,12.02,0,29.5
2023-03-30,SKU_17,sazonais,lumpy,43.0,12.13,0,30.5
2023-03-31,SKU_17,sazonais,lumpy,73.0,11.73,0,30.5
2023-04-01,SKU_17,sazonais,lumpy,42.0,11.74,0,30.9
2023-04-02,SKU_17,sazonais,lumpy,11.0,11.87,0,29.4
2023-04-03,SKU_17,sazonais,lumpy,0.0,11.96,0,28.8
2023-04-04,SKU_17,sazonais,lumpy,0.0,11.56,0,29.5
2023-04-05,SKU_17,sazonais,lumpy,0.0,12.11,0,26.4
2023-04-06,SKU_17,sazonais,lumpy,0.0,11.96,0,26.9
2023-04-07,SKU_17,sazonais,lumpy,0.0,11.53,0,27.1
2023-04-08,SKU_17,sazonais,lumpy,0.0,11.78,0,27.8
2023-04-09,SKU_17,sazonais,lumpy,0.0,11.94,0,30.6
2023-04-10,SKU_17,sazonais,lumpy,0.0,11.65,0,28.1
2023-04-11,SKU_17,sazonais,lumpy,17.0,12.19,0,29.1
2023-04-12,SKU_17,sazonais,lumpy,0.0,12.04,0,32.5
2023-04-13,SKU_17,sazonais,lumpy,19.0,12.14,0,29.2
2023-04-14,SKU_17,sazonais,lumpy,0.0,11.79,0,31.4
2023-04-15,SKU_17,sazonais,lumpy,0.0,12.08,0,28.1
2023-04-16,SKU_17,sazonais,lumpy,0.0,11.87,0,29.6
2023-04-17,SKU_17,sazonais,lumpy,0.0,11.96,0,28.1
2023-04-18,SKU_17,sazonais,lumpy,19.0,12.07,0,29.3
2023-04-19,SKU_17,sazonais,lumpy,0.0,11.99,0,31.7
2023-04-20,SKU_17,sazonais,lumpy,0.0,12.16,0,26.5
2023-04-21,SKU_17,sazonais,lumpy,0.0,12.03,0,30.9
2023-04-22,SKU_17,sazonais,lumpy,0.0,10.11,1,30.5
2023-04-23,SKU_17,sazonais,lumpy,0.0,12.17,0,28.8
2023-04-24,SKU_17,sazonais,lumpy,0.0,12.21,0,27.1
2023-04-25,SKU_17,sazonais,lumpy,45.0,12.02,0,30.1
2023-04-26,SKU_17,sazonais,lumpy,33.0,12.27,0,28.9
2023-04-27,SKU_17,sazonais,lumpy,25.0,11.95,0,30.4
2023-04-28,SKU_17,sazonais,lumpy,0.0,11.97,0,30.0
2023-04-29,SKU_17,sazonais,lumpy,0.0,12.0,0,33.2
2023-04-30,SKU_17,sazonais,lumpy,0.0,11.97,0,29.5
2023-05-01,SKU_17,sazonais,lumpy,0.0,11.94,0,27.9
2023-05-02,SKU_17,sazonais,lumpy,82.0,11.86,0,30.3
2023-05-03,SKU_17,sazonais,lumpy,0.0,11.8,0,30.3
2023-05-04,SKU_17,sazonais,lumpy,0.0,12.02,0,32.6
2023-05-05,SKU_17,sazonais,lumpy,2.0,12.24,0,31.5
2023-05-06,SKU_17,sazonais,lumpy,0.0,12.16,0,30.5
2023-05-07,SKU_17,sazonais,lumpy,0.0,12.08,0,32.7
2023-05-08,SKU_17,sazonais,lumpy,69.0,12.25,0,27.4
2023-05-09,SKU_17,sazonais,lumpy,0.0,12.0,0,28.5
2023-05-10,SKU_17,sazonais,lumpy,0.0,11.8,0,27.9
2023-05-11,SKU_17,sazonais,lumpy,28.0,11.93,0,28.9
2023-05-12,SKU_17,sazonais,lumpy,25.0,11.99,0,26.9
2023-05-13,SKU_17,sazonais,lumpy,0.0,11.9,0,30.9
2023-05-14,SKU_17,sazonais,lumpy,0.0,12.12,0,29.1
2023-05-15,SKU_17,sazonais,lumpy,0.0,12.19,0,26.6
2023-05-16,SKU_17,sazonais,lumpy,32.0,11.65,0,27.5
2023-05-17,SKU_17,sazonais,lumpy,7.0,11.97,0,30.1
2023-05-18,SKU_17,sazonais,lumpy,0.0,11.42,0,31.1
2023-05-19,SKU_17,sazonais,lumpy,0.0,11.98,0,33.4
2023-05-20,SKU_17,sazonais,lumpy,0.0,11.98,0,35.2
2023-05-21,SKU_17,sazonais,lumpy,131.0,12.36,0,30.1
2023-05-22,SKU_17,sazonais,lumpy,0.0,12.3,0,27.3
2023-05-23,SKU_17,sazonais,lumpy,51.0,10.39,1,24.9
2023-05-24,SKU_17,sazonais,lumpy,6.0,11.81,0,29.7
2023-05-25,SKU_17,sazonais,lumpy,0.0,11.8,0,27.4
2023-05-26,SKU_17,sazonais,lumpy,0.0,11.78,0,28.2
2023-05-27,SKU_17,sazonais,lumpy,0.0,12.31,0,27.7
2023-05-28,SKU_17,sazonais,lumpy,0.0,11.82,0,28.6
2023-05-29,SKU_17,sazonais,lumpy,0.0,11.92,0,31.0
2023-05-30,SKU_17,sazonais,lumpy,0.0,11.82,0,29.1
2023-05-31,SKU_17,sazonais,lumpy,0.0,11.75,0,28.4
2023-06-01,SKU_17,sazonais,lumpy,0.0,12.07,0,26.6
2023-06-02,SKU_17,sazonais,lumpy,62.0,12.03,0,25.2
2023-06-03,SKU_17,sazonais,lumpy,0.0,11.56,0,27.5
2023-06-04,SKU_17,sazonais,lumpy,0.0,11.74,0,28.3
2023-06-05,SKU_17,sazonais,lumpy,9.0,12.05,0,31.9
2023-06-06,SKU_17,sazonais,lumpy,70.0,10.19,1,28.6
2023-06-07,SKU_17,sazonais,lumpy,8.0,11.92,0,30.2
2023-06-08,SKU_17,sazonais,lumpy,0.0,12.12,0,27.2
2023-06-09,SKU_17,sazonais,lumpy,0.0,11.71,0,25.7
2023-06-10,SKU_17,sazonais,lumpy,0.0,11.88,0,26.1
2023-06-11,SKU_17,sazonais,lumpy,0.0,12.1,0,26.5
2023-06-12,SKU_17,sazonais,lumpy,0.0,11.87,0,32.1
2023-06-13,SKU_17,sazonais,lumpy,20.0,12.06,0,26.1
2023-06-14,SKU_17,sazonais,lumpy,0.0,11.77,0,29.4
2023-06-15,SKU_17,sazonais,lumpy,0.0,11.84,0,25.8
2023-06-16,SKU_17,sazonais,lumpy,0.0,11.64,0,29.4
2023-06-17,SKU_17,sazonais,lumpy,9.0,11.59,0,28.2
2023-06-18,SKU_17,sazonais,lumpy,0.0,11.9,0,27.0
2023-06-19,SKU_17,sazonais,lumpy,0.0,12.09,0,27.2
2023-06-20,SKU_17,sazonais,lumpy,38.0,11.98,0,25.9
2023-06-21,SKU_17,sazonais,lumpy,32.0,12.23,0,28.0
2023-06-22,SKU_17,sazonais,lumpy,0.0,11.92,0,26.1
2023-06-23,SKU_17,sazonais,lumpy,20.0,11.58,0,24.5
2023-06-24,SKU_17,sazonais,lumpy,0.0,12.07,0,24.3
2023-06-25,SKU_17,sazonais,lumpy,0.0,11.78,0,27.1
2023-06-26,SKU_17,sazonais,lumpy,0.0,12.03,0,29.8
2023-06-27,SKU_17,sazonais,lumpy,0.0,11.54,0,26.9
2023-06-28,SKU_17,sazonais,lumpy,11.0,11.94,0,26.2
2023-06-29,SKU_17,sazonais,lumpy,0.0,12.14,0,26.9
2023-06-30,SKU_17,sazonais,lumpy,72.0,12.12,0,28.9
2023-07-01,SKU_17,sazonais,lumpy,9.0,11.95,0,26.6
2023-07-02,SKU_17,sazonais,lumpy,45.0,11.99,0,25.3
2023-07-03,SKU_17,sazonais,lumpy,0.0,11.9,0,28.2
2023-07-04,SKU_17,sazonais,lumpy,56.0,11.94,0,26.7
2023-07-05,SKU_17,sazonais,lumpy,0.0,12.13,0,28.9
2023-07-06,SKU_17,sazonais,lumpy,69.0,11.85,0,26.0
2023-07-07,SKU_17,sazonais,lumpy,0.0,11.87,0,23.1
2023-07-08,SKU_17,sazonais,lumpy,10.0,11.68,0,22.7
2023-07-09,SKU_17,sazonais,lumpy,0.0,12.13,0,28.7
2023-07-10,SKU_17,sazonais,lumpy,0.0,11.94,0,28.7
2023-07-11,SKU_17,sazonais,lumpy,60.0,11.75,0,24.8
2023-07-12,SKU_17,sazonais,lumpy,0.0,12.16,0,24.3
2023-07-13,SKU_17,sazonais,lumpy,0.0,11.98,0,27.9
2023-07-14,SKU_17,sazonais,lumpy,66.0,11.84,0,22.7
2023-07-15,SKU_17,sazonais,lumpy,36.0,12.17,0,23.0
2023-07-16,SKU_17,sazonais,lumpy,24.0,11.92,0,26.0
2023-07-17,SKU_17,sazonais,lumpy,0.0,11.68,0,23.8
2023-07-18,SKU_17,sazonais,lumpy,26.0,12.18,0,24.5
2023-07-19,SKU_17,sazonais,lumpy,0.0,11.82,0,24.0
2023-07-20,SKU_17,sazonais,lumpy,0.0,12.59,0,24.9
2023-07-21,SKU_17,sazonais,lumpy,0.0,11.9,0,27.0
2023-07-22,SKU_17,sazonais,lumpy,0.0,11.59,0,24.2
2023-07-23,SKU_17,sazonais,lumpy,5.0,12.34,0,25.2
2023-07-24,SKU_17,sazonais,lumpy,0.0,11.98,0,19.7
2023-07-25,SKU_17,sazonais,lumpy,30.0,12.04,0,23.6
2023-07-26,SKU_17,sazonais,lumpy,0.0,12.07,0,22.0
2023-07-27,SKU_17,sazonais,lumpy,9.0,11.72,0,21.1
2023-07-28,SKU_17,sazonais,lumpy,0.0,11.56,0,21.7
2023-07-29,SKU_17,sazonais,lumpy,0.0,12.38,0,22.7
2023-07-30,SKU_17,sazonais,lumpy,0.0,11.68,0,25.1
2023-07-31,SKU_17,sazonais,lumpy,0.0,10.52,1,20.5
2023-08-01,SKU_17,sazonais,lumpy,46.0,12.09,0,23.1
2023-08-02,SKU_17,sazonais,lumpy,0.0,12.02,0,22.0
2023-08-03,SKU_17,sazonais,lumpy,0.0,11.9,0,22.2
2023-08-04,SKU_17,sazonais,lumpy,0.0,12.45,0,24.7
2023-08-05,SKU_17,sazonais,lumpy,0.0,11.85,0,23.7
2023-08-06,SKU_17,sazonais,lumpy,0.0,11.86,0,25.2
2023-08-07,SKU_17,sazonais,lumpy,0.0,12.12,0,22.1
2023-08-08,SKU_17,sazonais,lumpy,0.0,11.85,0,20.9
2023-08-09,SKU_17,sazonais,lumpy,0.0,11.79,0,21.8
2023-08-10,SKU_17,sazonais,lumpy,0.0,11.98,0,22.6
2023-08-11,SKU_17,sazonais,lumpy,0.0,12.13,0,22.4
2023-08-12,SKU_17,sazonais,lumpy,0.0,12.37,0,19.8
2023-08-13,SKU_17,sazonais,lumpy,0.0,12.41,0,22.0
2023-08-14,SKU_17,sazonais,lumpy,39.0,11.63,0,22.2
2023-08-15,SKU_17,sazonais,lumpy,0.0,12.2,0,26.7
2023-08-16,SKU_17,sazonais,lumpy,0.0,9.99,1,25.3
2023-08-17,SKU_17,sazonais,lumpy,31.0,11.8,0,19.7
2023-08-18,SKU_17,sazonais,lumpy,69.0,11.88,0,20.8
2023-08-19,SKU_17,sazonais,lumpy,35.0,11.87,0,18.3
2023-08-20,SKU_17,sazonais,lumpy,0.0,11.78,0,20.0
2023-08-21,SKU_17,sazonais,lumpy,0.0,11.52,0,21.7
2023-08-22,SKU_17,sazonais,lumpy,0.0,12.28,0,23.4
2023-08-23,SKU_17,sazonais,lumpy,67.0,12.17,0,19.4
2023-08-24,SKU_17,sazonais,lumpy,7.0,11.99,0,19.5
2023-08-25,SKU_17,sazonais,lumpy,143.0,11.8,0,16.4
2023-08-26,SKU_17,sazonais,lumpy,0.0,10.44,1,20.3
2023-08-27,SKU_17,sazonais,lumpy,0.0,11.98,0,18.4
2023-08-28,SKU_17,sazonais,lumpy,0.0,11.87,0,19.4
2023-08-29,SKU_17,sazonais,lumpy,20.0,9.86,1,18.6
2023-08-30,SKU_17,sazonais,lumpy,0.0,12.1,0,20.1
2023-08-31,SKU_17,sazonais,lumpy,0.0,11.92,0,16.7
2023-09-01,SKU_17,sazonais,lumpy,0.0,12.04,0,17.2
2023-09-02,SKU_17,sazonais,lumpy,0.0,12.02,0,24.3
2023-09-03,SKU_17,sazonais,lumpy,0.0,12.12,0,17.4
2023-09-04,SKU_17,sazonais,lumpy,0.0,12.03,0,17.7
2023-09-05,SKU_17,sazonais,lumpy,18.0,11.93,0,23.5
2023-09-06,SKU_17,sazonais,lumpy,0.0,12.1,0,25.6
2023-09-07,SKU_17,sazonais,lumpy,0.0,12.18,0,17.4
2023-09-08,SKU_17,sazonais,lumpy,0.0,12.3,0,18.9
2023-09-09,SKU_17,sazonais,lumpy,23.0,11.77,0,20.2
2023-09-10,SKU_17,sazonais,lumpy,0.0,12.21,0,22.9
2023-09-11,SKU_17,sazonais,lumpy,18.0,11.67,0,17.4
2023-09-12,SKU_17,sazonais,lumpy,0.0,12.19,0,18.9
2023-09-13,SKU_17,sazonais,lumpy,0.0,11.87,0,20.8
2023-09-14,SKU_17,sazonais,lumpy,78.0,12.16,0,20.1
2023-09-15,SKU_17,sazonais,lumpy,0.0,12.29,0,18.4
2023-09-16,SKU_17,sazonais,lumpy,0.0,10.24,1,18.8
2023-09-17,SKU_17,sazonais,lumpy,0.0,11.99,0,16.3
2023-09-18,SKU_17,sazonais,lumpy,17.0,11.98,0,18.5
2023-09-19,SKU_17,sazonais,lumpy,0.0,11.91,0,18.4
2023-09-20,SKU_17,sazonais,lumpy,0.0,12.22,0,19.3
2023-09-21,SKU_17,sazonais,lumpy,0.0,11.98,0,17.7
2023-09-22,SKU_17,sazonais,lumpy,0.0,11.56,0,19.7
2023-09-23,SKU_17,sazonais,lumpy,0.0,12.18,0,20.7
2023-09-24,SKU_17,sazonais,lumpy,29.0,12.17,0,19.0
2023-09-25,SKU_17,sazonais,lumpy,0.0,12.01,0,19.3
2023-09-26,SKU_17,sazonais,lumpy,35.0,11.84,0,18.7
2023-09-27,SKU_17,sazonais,lumpy,20.0,11.77,0,18.5
2023-09-28,SKU_17,sazonais,lumpy,50.0,11.84,0,17.1
2023-09-29,SKU_17,sazonais,lumpy,0.0,12.04,0,19.1
2023-09-30,SKU_17,sazonais,lumpy,0.0,11.63,0,18.2
2023-10-01,SKU_17,sazonais,lumpy,0.0,12.08,0,22.6
2023-10-02,SKU_17,sazonais,lumpy,9.0,12.01,0,21.5
2023-10-03,SKU_17,sazonais,lumpy,0.0,12.26,0,19.1
2023-10-04,SKU_17,sazonais,lumpy,0.0,12.14,0,16.8
2023-10-05,SKU_17,sazonais,lumpy,0.0,11.86,0,16.0
2023-10-06,SKU_17,sazonais,lumpy,64.0,11.66,0,20.6
2023-10-07,SKU_17,sazonais,lumpy,0.0,11.84,0,18.7
2023-10-08,SKU_17,sazonais,lumpy,0.0,12.28,0,19.1
2023-10-09,SKU_17,sazonais,lumpy,0.0,12.06,0,14.7
2023-10-10,SKU_17,sazonais,lumpy,0.0,12.12,0,20.0
2023-10-11,SKU_17,sazonais,lumpy,66.0,11.87,0,19.0
2023-10-12,SKU_17,sazonais,lumpy,81.0,10.3,1,15.9
2023-10-13,SKU_17,sazonais,lumpy,19.0,11.7,0,17.1
2023-10-14,SKU_17,sazonais,lumpy,28.0,12.19,0,18.6
2023-10-15,SKU_17,sazonais,lumpy,0.0,11.77,0,18.1
2023-10-16,SKU_17,sazonais,lumpy,0.0,11.61,0,17.4
2023-10-17,SKU_17,sazonais,lumpy,21.0,12.45,0,17.8
2023-10-18,SKU_17,sazonais,lumpy,0.0,12.03,0,17.5
2023-10-19,SKU_17,sazonais,lumpy,5.0,12.02,0,18.3
2023-10-20,SKU_17,sazonais,lumpy,0.0,11.63,0,20.9
2023-10-21,SKU_17,sazonais,lumpy,6.0,12.12,0,12.9
2023-10-22,SKU_17,sazonais,lumpy,0.0,12.18,0,17.5
2023-10-23,SKU_17,sazonais,lumpy,0.0,11.96,0,18.4
2023-10-24,SKU_17,sazonais,lumpy,45.0,12.18,0,18.6
2023-10-25,SKU_17,sazonais,lumpy,67.0,12.23,0,17.3
2023-10-26,SKU_17,sazonais,lumpy,0.0,12.11,0,14.5
2023-10-27,SKU_17,sazonais,lumpy,0.0,11.57,0,18.7
2023-10-28,SKU_17,sazonais,lumpy,0.0,11.77,0,21.5
2023-10-29,SKU_17,sazonais,lumpy,0.0,12.34,0,15.0
2023-10-30,SKU_17,sazonais,lumpy,10.0,12.02,0,19.8
2023-10-31,SKU_17,sazonais,lumpy,0.0,12.02,0,17.4
2023-11-01,SKU_17,sazonais,lumpy,0.0,11.83,0,18.0
2023-11-02,SKU_17,sazonais,lumpy,87.0,11.87,0,16.0
2023-11-03,SKU_17,sazonais,lumpy,25.0,12.24,0,17.5
2023-11-04,SKU_17,sazonais,lumpy,0.0,12.3,0,20.8
2023-11-05,SKU_17,sazonais,lumpy,0.0,10.36,1,19.3
2023-11-06,SKU_17,sazonais,lumpy,0.0,12.11,0,21.7
2023-11-07,SKU_17,sazonais,lumpy,0.0,12.13,0,20.6
2023-11-08,SKU_17,sazonais,lumpy,40.0,11.99,0,19.1
2023-11-09,SKU_17,sazonais,lumpy,0.0,11.76,0,21.8
2023-11-10,SKU_17,sazonais,lumpy,0.0,11.72,0,19.2
2023-11-11,SKU_17,sazonais,lumpy,18.0,12.26,0,20.0
2023-11-12,SKU_17,sazonais,lumpy,4.0,11.99,0,17.8
2023-11-13,SKU_17,sazonais,lumpy,0.0,12.1,0,18.6
2023-11-14,SKU_17,sazonais,lumpy,32.0,12.04,0,17.1
2023-11-15,SKU_17,sazonais,lumpy,0.0,12.05,0,20.5
2023-11-16,SKU_17,sazonais,lumpy,0.0,12.07,0,16.2
2023-11-17,SKU_17,sazonais,lumpy,0.0,12.14,0,20.2
2023-11-18,SKU_17,sazonais,lumpy,0.0,11.85,0,18.3
2023-11-19,SKU_17,sazonais,lumpy,0.0,12.24,0,21.0
2023-11-20,SKU_17,sazonais,lumpy,0.0,11.85,0,20.2
2023-11-21,SKU_17,sazonais,lumpy,0.0,12.05,0,22.4
2023-11-22,SKU_17,sazonais,lumpy,16.0,11.76,0,20.3
2023-11-23,SKU_17,sazonais,lumpy,0.0,11.97,0,15.8
2023-11-24,SKU_17,sazonais,lumpy,20.0,11.87,0,18.8
2023-11-25,SKU_17,sazonais,lumpy,13.0,12.0,0,16.7
2023-11-26,SKU_17,sazonais,lumpy,0.0,12.15,0,18.0
2023-11-27,SKU_17,sazonais,lumpy,23.0,12.02,0,22.2
2023-11-28,SKU_17,sazonais,lumpy,23.0,12.39,0,20.5
2023-11-29,SKU_17,sazonais,lumpy,0.0,12.16,0,17.9
2023-11-30,SKU_17,sazonais,lumpy,25.0,11.95,0,17.3
2023-12-01,SKU_17,sazonais,lumpy,0.0,11.98,0,19.4
2023-12-02,SKU_17,sazonais,lumpy,0.0,12.08,0,17.0
2023-12-03,SKU_17,sazonais,lumpy,0.0,12.14,0,18.2
2023-12-04,SKU_17,sazonais,lumpy,128.0,11.75,0,20.2
2023-12-05,SKU_17,sazonais,lumpy,0.0,12.13,0,22.0
2023-12-06,SKU_17,sazonais,lumpy,18.0,11.76,0,20.9
2023-12-07,SKU_17,sazonais,lumpy,0.0,10.31,1,15.2
2023-12-08,SKU_17,sazonais,lumpy,33.0,12.22,0,20.5
2023-12-09,SKU_17,sazonais,lumpy,0.0,12.06,0,20.1
2023-12-10,SKU_17,sazonais,lumpy,257.0,11.53,0,20.9
2023-12-11,SKU_17,sazonais,lumpy,0.0,11.64,0,23.3
2023-12-12,SKU_17,sazonais,lumpy,26.0,12.11,0,16.1
2023-12-13,SKU_17,sazonais,lumpy,0.0,11.51,0,19.1
2023-12-14,SKU_17,sazonais,lumpy,58.0,12.12,0,21.5
2023-12-15,SKU_17,sazonais,lumpy,0.0,12.2,0,17.3
2023-12-16,SKU_17,sazonais,lumpy,0.0,12.23,0,23.5
2023-12-17,SKU_17,sazonais,lumpy,176.0,11.95,0,21.3
2023-12-18,SKU_17,sazonais,lumpy,6.0,12.09,0,22.4
2023-12-19,SKU_17,sazonais,lumpy,9.0,12.04,0,19.6
2023-12-20,SKU_17,sazonais,lumpy,0.0,11.71,0,22.5
2023-12-21,SKU_17,sazonais,lumpy,0.0,12.15,0,23.1
2023-12-22,SKU_17,sazonais,lumpy,0.0,10.48,1,21.5
2023-12-23,SKU_17,sazonais,lumpy,0.0,12.14,0,21.6
2023-12-24,SKU_17,sazonais,lumpy,89.0,11.9,0,21.8
2023-12-25,SKU_17,sazonais,lumpy,0.0,12.15,0,19.6
2023-12-26,SKU_17,sazonais,lumpy,0.0,12.26,0,21.1
2023-12-27,SKU_17,sazonais,lumpy,0.0,12.23,0,21.2
2023-12-28,SKU_17,sazonais,lumpy,86.0,12.21,0,22.4
2023-12-29,SKU_17,sazonais,lumpy,0.0,11.68,0,23.7
2023-12-30,SKU_17,sazonais,lumpy,0.0,12.08,0,19.7
2023-12-31,SKU_17,sazonais,lumpy,0.0,12.13,0,21.6
2024-01-01,SKU_17,sazonais,lumpy,60.0,12.21,0,24.9
2024-01-02,SKU_17,sazonais,lumpy,0.0,12.1,0,20.6
2024-01-03,SKU_17,sazonais,lumpy,0.0,12.31,0,20.5
2024-01-04,SKU_17,sazonais,lumpy,38.0,11.63,0,22.7
2024-01-05,SKU_17,sazonais,lumpy,0.0,12.11,0,24.1
2024-01-06,SKU_17,sazonais,lumpy,41.0,12.1,0,22.5
2024-01-07,SKU_17,sazonais,lumpy,14.0,12.18,0,25.2
2024-01-08,SKU_17,sazonais,lumpy,0.0,12.31,0,24.4
2024-01-09,SKU_17,sazonais,lumpy,0.0,11.82,0,24.5
2024-01-10,SKU_17,sazonais,lumpy,17.0,12.3,0,24.0
2024-01-11,SKU_17,sazonais,lumpy,0.0,12.16,0,27.6
2024-01-12,SKU_17,sazonais,lumpy,0.0,11.96,0,22.7
2024-01-13,SKU_17,sazonais,lumpy,20.0,11.82,0,19.2
2024-01-14,SKU_17,sazonais,lumpy,38.0,10.24,1,26.5
2024-01-15,SKU_17,sazonais,lumpy,0.0,12.06,0,22.5
2024-01-16,SKU_17,sazonais,lumpy,0.0,12.07,0,23.7
2024-01-17,SKU_17,sazonais,lumpy,87.0,11.87,0,26.2
2024-01-18,SKU_17,sazonais,lumpy,0.0,12.12,0,20.5
2024-01-19,SKU_17,sazonais,lumpy,0.0,11.92,0,21.3
2024-01-20,SKU_17,sazonais,lumpy,0.0,12.24,0,20.7
2024-01-21,SKU_17,sazonais,lumpy,0.0,12.34,0,22.4
2024-01-22,SKU_17,sazonais,lumpy,44.0,11.84,0,25.0
2024-01-23,SKU_17,sazonais,lumpy,0.0,12.01,0,25.3
2024-01-24,SKU_17,sazonais,lumpy,46.0,12.19,0,24.9
2024-01-25,SKU_17,sazonais,lumpy,0.0,12.06,0,21.6
2024-01-26,SKU_17,sazonais,lumpy,114.0,11.73,0,19.9
2024-01-27,SKU_17,sazonais,lumpy,0.0,12.17,0,24.7
2024-01-28,SKU_17,sazonais,lumpy,0.0,11.88,0,23.8
2024-01-29,SKU_17,sazonais,lumpy,0.0,12.04,0,25.7
2024-01-30,SKU_17,sazonais,lumpy,0.0,11.8,0,26.3
2024-01-31,SKU_17,sazonais,lumpy,0.0,10.36,1,25.3
2024-02-01,SKU_17,sazonais,lumpy,7.0,10.12,1,26.6
2024-02-02,SKU_17,sazonais,lumpy,25.0,10.38,1,25.7
2024-02-03,SKU_17,sazonais,lumpy,0.0,11.96,0,26.4
2024-02-04,SKU_17,sazonais,lumpy,0.0,11.9,0,24.0
2024-02-05,SKU_17,sazonais,lumpy,239.0,10.28,1,25.2
2024-02-06,SKU_17,sazonais,lumpy,0.0,11.79,0,26.0
2024-02-07,SKU_17,sazonais,lumpy,105.0,12.36,0,27.4
2024-02-08,SKU_17,sazonais,lumpy,0.0,12.04,0,25.0
2024-02-09,SKU_17,sazonais,lumpy,0.0,11.89,0,27.0
2024-02-10,SKU_17,sazonais,lumpy,31.0,11.92,0,25.5
2024-02-11,SKU_17,sazonais,lumpy,13.0,12.0,0,25.9
2024-02-12,SKU_17,sazonais,lumpy,0.0,12.2,0,27.9
2024-02-13,SKU_17,sazonais,lumpy,70.0,11.82,0,22.3
2024-02-14,SKU_17,sazonais,lumpy,73.0,11.93,0,23.8
2024-02-15,SKU_17,sazonais,lumpy,0.0,11.99,0,23.5
2024-02-16,SKU_17,sazonais,lumpy,0.0,12.31,0,21.9
2024-02-17,SKU_17,sazonais,lumpy,0.0,12.2,0,25.3
2024-02-18,SKU_17,sazonais,lumpy,0.0,12.32,0,28.3
2024-02-19,SKU_17,sazonais,lumpy,0.0,12.01,0,26.3
2024-02-20,SKU_17,sazonais,lumpy,0.0,12.29,0,27.4
2024-02-21,SKU_17,sazonais,lumpy,0.0,12.25,0,29.2
2024-02-22,SKU_17,sazonais,lumpy,0.0,12.14,0,29.8
2024-02-23,SKU_17,sazonais,lumpy,19.0,12.16,0,27.1
2024-02-24,SKU_17,sazonais,lumpy,18.0,11.88,0,30.0
2024-02-25,SKU_17,sazonais,lumpy,0.0,12.37,0,27.6
2024-02-26,SKU_17,sazonais,lumpy,0.0,11.95,0,25.8
2024-02-27,SKU_17,sazonais,lumpy,0.0,12.11,0,26.4
2024-02-28,SKU_17,sazonais,lumpy,0.0,12.14,0,24.7
2024-02-29,SKU_17,sazonais,lumpy,30.0,11.73,0,26.0
2024-03-01,SKU_17,sazonais,lumpy,25.0,11.99,0,27.1
2024-03-02,SKU_17,sazonais,lumpy,0.0,12.04,0,29.5
2024-03-03,SKU_17,sazonais,lumpy,74.0,11.98,0,31.4
2024-03-04,SKU_17,sazonais,lumpy,0.0,11.99,0,25.3
2024-03-05,SKU_17,sazonais,lumpy,33.0,12.3,0,28.9
2024-03-06,SKU_17,sazonais,lumpy,0.0,11.83,0,26.1
2024-03-07,SKU_17,sazonais,lumpy,16.0,11.75,0,29.2
2024-03-08,SKU_17,sazonais,lumpy,0.0,11.88,0,28.1
2024-03-09,SKU_17,sazonais,lumpy,47.0,12.15,0,24.8
2024-03-10,SKU_17,sazonais,lumpy,59.0,12.17,0,30.3
2024-03-11,SKU_17,sazonais,lumpy,0.0,12.12,0,27.3
2024-03-12,SKU_17,sazonais,lumpy,0.0,12.18,0,27.5
2024-03-13,SKU_17,sazonais,lumpy,62.0,12.05,0,26.5
2024-03-14,SKU_17,sazonais,lumpy,0.0,11.9,0,27.4
2024-03-15,SKU_17,sazonais,lumpy,19.0,11.81,0,29.7
2024-03-16,SKU_17,sazonais,lumpy,65.0,11.75,0,28.5
2024-03-17,SKU_17,sazonais,lumpy,52.0,11.95,0,29.6
2024-03-18,SKU_17,sazonais,lumpy,0.0,12.16,0,29.7
2024-03-19,SKU_17,sazonais,lumpy,78.0,12.05,0,31.7
2024-03-20,SKU_17,sazonais,lumpy,0.0,10.2,1,28.4
2024-03-21,SKU_17,sazonais,lumpy,0.0,9.99,1,26.2
2024-03-22,SKU_17,sazonais,lumpy,19.0,12.52,0,31.3
2024-03-23,SKU_17,sazonais,lumpy,0.0,11.83,0,28.6
2024-03-24,SKU_17,sazonais,lumpy,0.0,12.02,0,31.5
2024-03-25,SKU_17,sazonais,lumpy,0.0,12.2,0,30.1
2024-03-26,SKU_17,sazonais,lumpy,0.0,12.01,0,29.1
2024-03-27,SKU_17,sazonais,lumpy,0.0,11.84,0,30.1
2024-03-28,SKU_17,sazonais,lumpy,21.0,12.16,0,33.4
2024-03-29,SKU_17,sazonais,lumpy,0.0,11.73,0,33.7
2024-03-30,SKU_17,sazonais,lumpy,31.0,12.35,0,29.7
2024-03-31,SKU_17,sazonais,lumpy,0.0,12.06,0,29.9
2024-04-01,SKU_17,sazonais,lumpy,0.0,11.95,0,31.8
2024-04-02,SKU_17,sazonais,lumpy,0.0,11.72,0,28.0
2024-04-03,SKU_17,sazonais,lumpy,0.0,11.77,0,30.4
2024-04-04,SKU_17,sazonais,lumpy,6.0,10.19,1,29.7
2024-04-05,SKU_17,sazonais,lumpy,93.0,10.58,1,30.4
2024-04-06,SKU_17,sazonais,lumpy,59.0,12.05,0,28.1
2024-04-07,SKU_17,sazonais,lumpy,0.0,12.07,0,26.6
2024-04-08,SKU_17,sazonais,lumpy,0.0,12.08,0,25.7
2024-04-09,SKU_17,sazonais,lumpy,30.0,12.47,0,27.6
2024-04-10,SKU_17,sazonais,lumpy,0.0,11.91,0,29.0
2024-04-11,SKU_17,sazonais,lumpy,0.0,12.31,0,29.3
2024-04-12,SKU_17,sazonais,lumpy,0.0,11.92,0,33.8
2024-04-13,SKU_17,sazonais,lumpy,55.0,11.86,0,32.2
2024-04-14,SKU_17,sazonais,lumpy,0.0,10.18,1,28.0
2024-04-15,SKU_17,sazonais,lumpy,0.0,11.98,0,30.7
2024-04-16,SKU_17,sazonais,lumpy,0.0,12.11,0,29.2
2024-04-17,SKU_17,sazonais,lumpy,0.0,11.54,0,29.4
2024-04-18,SKU_17,sazonais,lumpy,0.0,12.03,0,30.4
2024-04-19,SKU_17,sazonais,lumpy,0.0,11.88,0,31.2
2024-04-20,SKU_17,sazonais,lumpy,53.0,11.86,0,29.3
2024-04-21,SKU_17,sazonais,lumpy,53.0,11.74,0,32.1
2024-04-22,SKU_17,sazonais,lumpy,48.0,11.93,0,27.7
2024-04-23,SKU_17,sazonais,lumpy,0.0,11.9,0,30.0
2024-04-24,SKU_17,sazonais,lumpy,0.0,11.91,0,35.2
2024-04-25,SKU_17,sazonais,lumpy,224.0,11.67,0,30.4
2024-04-26,SKU_17,sazonais,lumpy,28.0,12.02,0,32.8
2024-04-27,SKU_17,sazonais,lumpy,0.0,11.84,0,30.2
2024-04-28,SKU_17,sazonais,lumpy,0.0,9.87,1,31.1
2024-04-29,SKU_17,sazonais,lumpy,0.0,11.89,0,29.8
2024-04-30,SKU_17,sazonais,lumpy,0.0,11.85,0,29.6
2024-05-01,SKU_17,sazonais,lumpy,35.0,12.01,0,28.4
2024-05-02,SKU_17,sazonais,lumpy,0.0,11.89,0,30.8
2024-05-03,SKU_17,sazonais,lumpy,0.0,11.71,0,28.2
2024-05-04,SKU_17,sazonais,lumpy,0.0,11.82,0,31.2
2024-05-05,SKU_17,sazonais,lumpy,0.0,11.65,0,32.0
2024-05-06,SKU_17,sazonais,lumpy,0.0,12.23,0,30.5
2024-05-07,SKU_17,sazonais,lumpy,245.0,12.26,0,29.2
2024-05-08,SKU_17,sazonais,lumpy,31.0,12.28,0,30.7
2024-05-09,SKU_17,sazonais,lumpy,220.0,11.88,0,29.1
2024-05-10,SKU_17,sazonais,lumpy,0.0,12.26,0,31.6
2024-05-11,SKU_17,sazonais,lumpy,0.0,12.08,0,26.0
2024-05-12,SKU_17,sazonais,lumpy,160.0,11.84,0,29.0
2024-05-13,SKU_17,sazonais,lumpy,17.0,11.87,0,25.6
2024-05-14,SKU_17,sazonais,lumpy,41.0,11.97,0,26.6
2024-05-15,SKU_17,sazonais,lumpy,0.0,10.22,1,32.2
2024-05-16,SKU_17,sazonais,lumpy,0.0,12.07,0,31.3
2024-05-17,SKU_17,sazonais,lumpy,0.0,12.0,0,28.0
2024-05-18,SKU_17,sazonais,lumpy,0.0,11.93,0,26.4
2024-05-19,SKU_17,sazonais,lumpy,0.0,12.27,0,23.4
2024-05-20,SKU_17,sazonais,lumpy,0.0,11.98,0,28.2
2024-05-21,SKU_17,sazonais,lumpy,0.0,11.97,0,34.1
2024-05-22,SKU_17,sazonais,lumpy,0.0,11.96,0,30.0
2024-05-23,SKU_17,sazonais,lumpy,0.0,11.98,0,28.0
2024-05-24,SKU_17,sazonais,lumpy,0.0,11.73,0,30.0
2024-05-25,SKU_17,sazonais,lumpy,0.0,11.8,0,25.9
2024-05-26,SKU_17,sazonais,lumpy,0.0,12.49,0,28.4
2024-05-27,SKU_17,sazonais,lumpy,0.0,11.67,0,29.1
2024-05-28,SKU_17,sazonais,lumpy,0.0,12.05,0,28.7
2024-05-29,SKU_17,sazonais,lumpy,0.0,12.07,0,30.4
2024-05-30,SKU_17,sazonais,lumpy,20.0,12.2,0,29.4
2024-05-31,SKU_17,sazonais,lumpy,0.0,12.07,0,30.0
2024-06-01,SKU_17,sazonais,lumpy,18.0,12.38,0,27.2
2024-06-02,SKU_17,sazonais,lumpy,0.0,12.05,0,30.3
2024-06-03,SKU_17,sazonais,lumpy,0.0,12.27,0,31.7
2024-06-04,SKU_17,sazonais,lumpy,0.0,12.21,0,26.4
2024-06-05,SKU_17,sazonais,lumpy,0.0,12.31,0,26.5
2024-06-06,SKU_17,sazonais,lumpy,0.0,12.0,0,30.9
2024-06-07,SKU_17,sazonais,lumpy,0.0,12.08,0,27.8
2024-06-08,SKU_17,sazonais,lumpy,6.0,11.93,0,30.9
2024-06-09,SKU_17,sazonais,lumpy,0.0,12.03,0,27.1
2024-06-10,SKU_17,sazonais,lumpy,0.0,12.04,0,30.8
2024-06-11,SKU_17,sazonais,lumpy,77.0,11.58,0,28.1
2024-06-12,SKU_17,sazonais,lumpy,0.0,11.97,0,28.3
2024-06-13,SKU_17,sazonais,lumpy,108.0,12.18,0,30.8
2024-06-14,SKU_17,sazonais,lumpy,0.0,11.73,0,26.9
2024-06-15,SKU_17,sazonais,lumpy,0.0,11.8,0,25.6
2024-06-16,SKU_17,sazonais,lumpy,0.0,12.23,0,26.5
2024-06-17,SKU_17,sazonais,lumpy,9.0,12.27,0,28.3
2024-06-18,SKU_17,sazonais,lumpy,0.0,11.88,0,24.1
2024-06-19,SKU_17,sazonais,lumpy,0.0,12.03,0,28.5
2024-06-20,SKU_17,sazonais,lumpy,0.0,11.98,0,26.0
2024-06-21,SKU_17,sazonais,lumpy,0.0,12.24,0,29.3
2024-06-22,SKU_17,sazonais,lumpy,0.0,11.89,0,22.1
2024-06-23,SKU_17,sazonais,lumpy,0.0,11.92,0,25.3
2024-06-24,SKU_17,sazonais,lumpy,20.0,12.27,0,23.4
2024-06-25,SKU_17,sazonais,lumpy,22.0,11.8,0,25.0
2024-06-26,SKU_17,sazonais,lumpy,0.0,11.9,0,27.0
2024-06-27,SKU_17,sazonais,lumpy,0.0,12.03,0,26.1
2024-06-28,SKU_17,sazonais,lumpy,12.0,12.3,0,25.9
2024-06-29,SKU_17,sazonais,lumpy,0.0,11.76,0,25.9
2024-06-30,SKU_17,sazonais,lumpy,0.0,11.86,0,26.6
2024-07-01,SKU_17,sazonais,lumpy,0.0,12.12,0,24.1
2024-07-02,SKU_17,sazonais,lumpy,216.0,10.35,1,27.4
2024-07-03,SKU_17,sazonais,lumpy,0.0,12.04,0,27.2
2024-07-04,SKU_17,sazonais,lumpy,0.0,11.98,0,26.6
2024-07-05,SKU_17,sazonais,lumpy,46.0,12.03,0,26.8
2024-07-06,SKU_17,sazonais,lumpy,0.0,11.7,0,26.2
2024-07-07,SKU_17,sazonais,lumpy,0.0,10.22,1,29.6
2024-07-08,SKU_17,sazonais,lumpy,42.0,10.5,1,25.2
2024-07-09,SKU_17,sazonais,lumpy,14.0,11.74,0,24.7
2024-07-10,SKU_17,sazonais,lumpy,0.0,11.84,0,23.7
2024-07-11,SKU_17,sazonais,lumpy,0.0,10.12,1,23.0
2024-07-12,SKU_17,sazonais,lumpy,0.0,11.93,0,22.5
2024-07-13,SKU_17,sazonais,lumpy,0.0,12.37,0,23.1
2024-07-14,SKU_17,sazonais,lumpy,0.0,11.81,0,24.6
2024-07-15,SKU_17,sazonais,lumpy,0.0,11.77,0,25.3
2024-07-16,SKU_17,sazonais,lumpy,0.0,10.35,1,24.7
2024-07-17,SKU_17,sazonais,lumpy,67.0,11.87,0,22.9
2024-07-18,SKU_17,sazonais,lumpy,0.0,12.16,0,26.2
2024-07-19,SKU_17,sazonais,lumpy,0.0,11.96,0,25.7
2024-07-20,SKU_17,sazonais,lumpy,0.0,12.09,0,23.8
2024-07-21,SKU_17,sazonais,lumpy,0.0,11.69,0,22.7
2024-07-22,SKU_17,sazonais,lumpy,0.0,12.09,0,25.0
2024-07-23,SKU_17,sazonais,lumpy,36.0,12.04,0,24.2
2024-07-24,SKU_17,sazonais,lumpy,6.0,11.95,0,20.8
2024-07-25,SKU_17,sazonais,lumpy,0.0,11.75,0,23.5
2024-07-26,SKU_17,sazonais,lumpy,0.0,12.04,0,24.1
2024-07-27,SKU_17,sazonais,lumpy,23.0,12.14,0,21.6
2024-07-28,SKU_17,sazonais,lumpy,0.0,11.89,0,23.7
2024-07-29,SKU_17,sazonais,lumpy,0.0,11.9,0,20.3
2024-07-30,SKU_17,sazonais,lumpy,0.0,12.16,0,25.8
2024-07-31,SKU_17,sazonais,lumpy,0.0,12.34,0,25.5
2024-08-01,SKU_17,sazonais,lumpy,0.0,12.19,0,22.4
2024-08-02,SKU_17,sazonais,lumpy,0.0,12.05,0,23.5
2024-08-03,SKU_17,sazonais,lumpy,24.0,11.95,0,17.9
2024-08-04,SKU_17,sazonais,lumpy,0.0,11.99,0,20.3
2024-08-05,SKU_17,sazonais,lumpy,0.0,11.73,0,21.9
2024-08-06,SKU_17,sazonais,lumpy,0.0,11.97,0,20.3
2024-08-07,SKU_17,sazonais,lumpy,25.0,12.22,0,23.7
2024-08-08,SKU_17,sazonais,lumpy,0.0,12.01,0,26.2
2024-08-09,SKU_17,sazonais,lumpy,0.0,11.87,0,19.8
2024-08-10,SKU_17,sazonais,lumpy,3.0,11.86,0,20.3
2024-08-11,SKU_17,sazonais,lumpy,0.0,11.99,0,22.4
2024-08-12,SKU_17,sazonais,lumpy,90.0,11.75,0,25.1
2024-08-13,SKU_17,sazonais,lumpy,0.0,11.82,0,19.3
2024-08-14,SKU_17,sazonais,lumpy,0.0,12.31,0,22.1
2024-08-15,SKU_17,sazonais,lumpy,0.0,11.79,0,25.2
2024-08-16,SKU_17,sazonais,lumpy,0.0,11.84,0,18.1
2024-08-17,SKU_17,sazonais,lumpy,0.0,12.06,0,18.8
2024-08-18,SKU_17,sazonais,lumpy,0.0,10.11,1,20.4
2024-08-19,SKU_17,sazonais,lumpy,0.0,12.02,0,20.1
2024-08-20,SKU_17,sazonais,lumpy,0.0,12.17,0,22.7
2024-08-21,SKU_17,sazonais,lumpy,0.0,11.69,0,21.5
2024-08-22,SKU_17,sazonais,lumpy,48.0,12.15,0,17.4
2024-08-23,SKU_17,sazonais,lumpy,0.0,11.88,0,21.8
2024-08-24,SKU_17,sazonais,lumpy,0.0,11.94,0,19.6
2024-08-25,SKU_17,sazonais,lumpy,0.0,12.38,0,23.2
2024-08-26,SKU_17,sazonais,lumpy,84.0,9.92,1,19.3
2024-08-27,SKU_17,sazonais,lumpy,0.0,12.12,0,19.2
2024-08-28,SKU_17,sazonais,lumpy,19.0,12.23,0,21.5
2024-08-29,SKU_17,sazonais,lumpy,0.0,11.86,0,21.8
2024-08-30,SKU_17,sazonais,lumpy,0.0,11.87,0,21.1
2024-08-31,SKU_17,sazonais,lumpy,0.0,11.93,0,16.8
2024-09-01,SKU_17,sazonais,lumpy,48.0,11.86,0,21.1
2024-09-02,SKU_17,sazonais,lumpy,0.0,12.01,0,17.9
2024-09-03,SKU_17,sazonais,lumpy,40.0,12.18,0,20.4
2024-09-04,SKU_17,sazonais,lumpy,0.0,11.93,0,17.0
2024-09-05,SKU_17,sazonais,lumpy,9.0,12.19,0,20.7
2024-09-06,SKU_17,sazonais,lumpy,0.0,12.28,0,18.1
2024-09-07,SKU_17,sazonais,lumpy,0.0,12.09,0,17.1
2024-09-08,SKU_17,sazonais,lumpy,0.0,12.11,0,21.0
2024-09-09,SKU_17,sazonais,lumpy,0.0,11.88,0,20.0
2024-09-10,SKU_17,sazonais,lumpy,0.0,11.48,0,18.2
2024-09-11,SKU_17,sazonais,lumpy,0.0,12.12,0,22.3
2024-09-12,SKU_17,sazonais,lumpy,0.0,12.16,0,18.4
2024-09-13,SKU_17,sazonais,lumpy,0.0,10.25,1,19.3
2024-09-14,SKU_17,sazonais,lumpy,0.0,12.18,0,19.7
2024-09-15,SKU_17,sazonais,lumpy,114.0,11.89,0,17.9
2024-09-16,SKU_17,sazonais,lumpy,0.0,12.1,0,20.0
2024-09-17,SKU_17,sazonais,lumpy,0.0,10.49,1,17.9
2024-09-18,SKU_17,sazonais,lumpy,0.0,12.13,0,18.1
2024-09-19,SKU_17,sazonais,lumpy,10.0,12.27,0,21.6
2024-09-20,SKU_17,sazonais,lumpy,5.0,12.27,0,16.7
2024-09-21,SKU_17,sazonais,lumpy,0.0,9.96,1,13.9
2024-09-22,SKU_17,sazonais,lumpy,0.0,12.14,0,21.9
2024-09-23,SKU_17,sazonais,lumpy,0.0,11.87,0,23.8
2024-09-24,SKU_17,sazonais,lumpy,36.0,11.78,0,17.8
2024-09-25,SKU_17,sazonais,lumpy,0.0,10.14,1,14.7
2024-09-26,SKU_17,sazonais,lumpy,0.0,12.35,0,17.9
2024-09-27,SKU_17,sazonais,lumpy,0.0,11.89,0,17.9
2024-09-28,SKU_17,sazonais,lumpy,10.0,11.65,0,18.1
2024-09-29,SKU_17,sazonais,lumpy,40.0,11.71,0,16.2
2024-09-30,SKU_17,sazonais,lumpy,0.0,12.1,0,19.5
2024-10-01,SKU_17,sazonais,lumpy,17.0,11.85,0,19.4
2024-10-02,SKU_17,sazonais,lumpy,0.0,11.59,0,15.3
2024-10-03,SKU_17,sazonais,lumpy,41.0,9.92,1,19.7
2024-10-04,SKU_17,sazonais,lumpy,0.0,12.03,0,22.4
2024-10-05,SKU_17,sazonais,lumpy,0.0,12.16,0,18.6
2024-10-06,SKU_17,sazonais,lumpy,0.0,11.91,0,17.5
2024-10-07,SKU_17,sazonais,lumpy,3.0,12.13,0,17.9
2024-10-08,SKU_17,sazonais,lumpy,0.0,12.18,0,19.4
2024-10-09,SKU_17,sazonais,lumpy,36.0,11.84,0,14.7
2024-10-10,SKU_17,sazonais,lumpy,0.0,11.98,0,18.4
2024-10-11,SKU_17,sazonais,lumpy,54.0,11.88,0,17.3
2024-10-12,SKU_17,sazonais,lumpy,0.0,12.11,0,21.8
2024-10-13,SKU_17,sazonais,lumpy,10.0,11.88,0,17.7
2024-10-14,SKU_17,sazonais,lumpy,0.0,11.76,0,21.4
2024-10-15,SKU_17,sazonais,lumpy,0.0,12.01,0,15.8
2024-10-16,SKU_17,sazonais,lumpy,0.0,12.22,0,19.2
2024-10-17,SKU_17,sazonais,lumpy,0.0,12.1,0,18.7
2024-10-18,SKU_17,sazonais,lumpy,0.0,12.2,0,16.3
2024-10-19,SKU_17,sazonais,lumpy,0.0,12.18,0,18.4
2024-10-20,SKU_17,sazonais,lumpy,0.0,12.01,0,20.4
2024-10-21,SKU_17,sazonais,lumpy,22.0,11.88,0,17.4
2024-10-22,SKU_17,sazonais,lumpy,21.0,11.83,0,14.6
2024-10-23,SKU_17,sazonais,lumpy,0.0,11.68,0,18.0
2024-10-24,SKU_17,sazonais,lumpy,8.0,12.24,0,16.2
2024-10-25,SKU_17,sazonais,lumpy,0.0,11.93,0,17.3
2024-10-26,SKU_17,sazonais,lumpy,10.0,11.66,0,17.9
2024-10-27,SKU_17,sazonais,lumpy,0.0,12.25,0,14.6
2024-10-28,SKU_17,sazonais,lumpy,0.0,12.02,0,14.8
2024-10-29,SKU_17,sazonais,lumpy,0.0,10.39,1,19.0
2024-10-30,SKU_17,sazonais,lumpy,0.0,11.95,0,17.0
2024-10-31,SKU_17,sazonais,lumpy,85.0,11.84,0,13.0
2024-11-01,SKU_17,sazonais,lumpy,0.0,12.09,0,19.7
2024-11-02,SKU_17,sazonais,lumpy,18.0,12.11,0,18.7
2024-11-03,SKU_17,sazonais,lumpy,57.0,10.14,1,16.7
2024-11-04,SKU_17,sazonais,lumpy,5.0,12.26,0,15.5
2024-11-05,SKU_17,sazonais,lumpy,0.0,12.19,0,19.9
2024-11-06,SKU_17,sazonais,lumpy,0.0,12.11,0,18.9
2024-11-07,SKU_17,sazonais,lumpy,10.0,11.78,0,23.0
2024-11-08,SKU_17,sazonais,lumpy,0.0,11.75,0,19.1
2024-11-09,SKU_17,sazonais,lumpy,0.0,12.24,0,19.1
2024-11-10,SKU_17,sazonais,lumpy,0.0,11.56,0,18.0
2024-11-11,SKU_17,sazonais,lumpy,15.0,11.98,0,20.0
2024-11-12,SKU_17,sazonais,lumpy,0.0,10.23,1,19.7
2024-11-13,SKU_17,sazonais,lumpy,39.0,11.9,0,21.0
2024-11-14,SKU_17,sazonais,lumpy,0.0,10.19,1,17.5
2024-11-15,SKU_17,sazonais,lumpy,0.0,12.08,0,17.7
2024-11-16,SKU_17,sazonais,lumpy,0.0,11.88,0,17.6
2024-11-17,SKU_17,sazonais,lumpy,0.0,12.18,0,20.2
2024-11-18,SKU_17,sazonais,lumpy,0.0,12.12,0,21.7
2024-11-19,SKU_17,sazonais,lumpy,0.0,11.96,0,17.8
2024-11-20,SKU_17,sazonais,lumpy,22.0,11.83,0,17.9
2024-11-21,SKU_17,sazonais,lumpy,0.0,11.98,0,19.5
2024-11-22,SKU_17,sazonais,lumpy,0.0,12.42,0,18.4
2024-11-23,SKU_17,sazonais,lumpy,139.0,11.85,0,20.9
2024-11-24,SKU_17,sazonais,lumpy,0.0,12.31,0,14.5
2024-11-25,SKU_17,sazonais,lumpy,0.0,11.65,0,17.4
2024-11-26,SKU_17,sazonais,lumpy,0.0,11.83,0,17.6
2024-11-27,SKU_17,sazonais,lumpy,0.0,11.89,0,14.6
2024-11-28,SKU_17,sazonais,lumpy,29.0,12.19,0,17.3
2024-11-29,SKU_17,sazonais,lumpy,56.0,12.01,0,17.5
2024-11-30,SKU_17,sazonais,lumpy,0.0,12.26,0,19.0
2024-12-01,SKU_17,sazonais,lumpy,0.0,11.93,0,21.7
2024-12-02,SKU_17,sazonais,lumpy,18.0,11.99,0,19.0
2024-12-03,SKU_17,sazonais,lumpy,0.0,11.93,0,17.5
2024-12-04,SKU_17,sazonais,lumpy,0.0,12.41,0,19.5
2024-12-05,SKU_17,sazonais,lumpy,28.0,11.78,0,21.8
2024-12-06,SKU_17,sazonais,lumpy,0.0,11.9,0,17.9
2024-12-07,SKU_17,sazonais,lumpy,0.0,11.8,0,18.1
2024-12-08,SKU_17,sazonais,lumpy,0.0,12.11,0,21.1
2024-12-09,SKU_17,sazonais,lumpy,0.0,11.77,0,19.6
2024-12-10,SKU_17,sazonais,lumpy,0.0,12.36,0,21.4
2024-12-11,SKU_17,sazonais,lumpy,0.0,12.02,0,20.2
2024-12-12,SKU_17,sazonais,lumpy,0.0,12.08,0,21.7
2024-12-13,SKU_17,sazonais,lumpy,0.0,12.09,0,18.3
2024-12-14,SKU_17,sazonais,lumpy,0.0,12.0,0,20.4
2024-12-15,SKU_17,sazonais,lumpy,11.0,12.02,0,20.1
2024-12-16,SKU_17,sazonais,lumpy,0.0,12.02,0,18.2
2024-12-17,SKU_17,sazonais,lumpy,63.0,12.1,0,17.6
2024-12-18,SKU_17,sazonais,lumpy,3.0,11.84,0,22.1
2024-12-19,SKU_17,sazonais,lumpy,81.0,11.8,0,20.2
2024-12-20,SKU_17,sazonais,lumpy,0.0,12.16,0,18.9
2024-12-21,SKU_17,sazonais,lumpy,0.0,12.0,0,20.8
2024-12-22,SKU_17,sazonais,lumpy,0.0,9.8,1,23.4
2024-12-23,SKU_17,sazonais,lumpy,0.0,11.9,0,16.7
2024-12-24,SKU_17,sazonais,lumpy,0.0,12.31,0,18.3
2024-12-25,SKU_17,sazonais,lumpy,0.0,11.97,0,19.6
2024-12-26,SKU_17,sazonais,lumpy,0.0,10.09,1,24.4
2024-12-27,SKU_17,sazonais,lumpy,14.0,11.7,0,22.2
2024-12-28,SKU_17,sazonais,lumpy,0.0,11.89,0,23.2
2024-12-29,SKU_17,sazonais,lumpy,0.0,11.77,0,19.5
2024-12-30,SKU_17,sazonais,lumpy,40.0,12.09,0,19.6
2023-01-01,SKU_18,sazonais,lumpy->smooth,31.0,13.75,0,22.6
2023-01-02,SKU_18,sazonais,lumpy->smooth,0.0,13.82,0,20.0
2023-01-03,SKU_18,sazonais,lumpy->smooth,0.0,11.81,1,23.7
2023-01-04,SKU_18,sazonais,lumpy->smooth,0.0,14.24,0,24.2
2023-01-05,SKU_18,sazonais,lumpy->smooth,0.0,14.26,0,18.5
2023-01-06,SKU_18,sazonais,lumpy->smooth,0.0,11.93,1,19.9
2023-01-07,SKU_18,sazonais,lumpy->smooth,0.0,14.13,0,22.8
2023-01-08,SKU_18,sazonais,lumpy->smooth,41.0,11.86,1,22.0
2023-01-09,SKU_18,sazonais,lumpy->smooth,0.0,13.83,0,22.7
2023-01-10,SKU_18,sazonais,lumpy->smooth,0.0,13.7,0,21.2
2023-01-11,SKU_18,sazonais,lumpy->smooth,0.0,14.06,0,24.7
2023-01-12,SKU_18,sazonais,lumpy->smooth,266.0,14.18,0,24.6
2023-01-13,SKU_18,sazonais,lumpy->smooth,4.0,13.9,0,23.3
2023-01-14,SKU_18,sazonais,lumpy->smooth,0.0,14.24,0,25.5
2023-01-15,SKU_18,sazonais,lumpy->smooth,0.0,11.82,1,24.3
2023-01-16,SKU_18,sazonais,lumpy->smooth,0.0,14.02,0,21.8
2023-01-17,SKU_18,sazonais,lumpy->smooth,36.0,13.96,0,24.3
2023-01-18,SKU_18,sazonais,lumpy->smooth,0.0,14.25,0,21.8
2023-01-19,SKU_18,sazonais,lumpy->smooth,0.0,14.1,0,25.6
2023-01-20,SKU_18,sazonais,lumpy->smooth,0.0,13.99,0,23.8
2023-01-21,SKU_18,sazonais,lumpy->smooth,36.0,14.02,0,23.6
2023-01-22,SKU_18,sazonais,lumpy->smooth,0.0,13.76,0,22.7
2023-01-23,SKU_18,sazonais,lumpy->smooth,0.0,13.55,0,26.7
2023-01-24,SKU_18,sazonais,lumpy->smooth,25.0,13.89,0,24.0
2023-01-25,SKU_18,sazonais,lumpy->smooth,17.0,13.96,0,23.6
2023-01-26,SKU_18,sazonais,lumpy->smooth,0.0,14.11,0,23.8
2023-01-27,SKU_18,sazonais,lumpy->smooth,0.0,13.97,0,25.7
2023-01-28,SKU_18,sazonais,lumpy->smooth,48.0,13.91,0,25.5
2023-01-29,SKU_18,sazonais,lumpy->smooth,0.0,13.41,0,25.6
2023-01-30,SKU_18,sazonais,lumpy->smooth,0.0,14.11,0,25.8
2023-01-31,SKU_18,sazonais,lumpy->smooth,0.0,14.04,0,29.3
2023-02-01,SKU_18,sazonais,lumpy->smooth,112.0,14.16,0,24.3
2023-02-02,SKU_18,sazonais,lumpy->smooth,0.0,14.01,0,24.2
2023-02-03,SKU_18,sazonais,lumpy->smooth,0.0,12.13,1,23.7
2023-02-04,SKU_18,sazonais,lumpy->smooth,35.0,11.79,1,26.7
2023-02-05,SKU_18,sazonais,lumpy->smooth,37.0,13.99,0,27.8
2023-02-06,SKU_18,sazonais,lumpy->smooth,0.0,11.95,1,25.4
2023-02-07,SKU_18,sazonais,lumpy->smooth,5.0,14.13,0,24.1
2023-02-08,SKU_18,sazonais,lumpy->smooth,20.0,14.08,0,24.2
2023-02-09,SKU_18,sazonais,lumpy->smooth,0.0,14.1,0,27.2
2023-02-10,SKU_18,sazonais,lumpy->smooth,0.0,14.05,0,27.5
2023-02-11,SKU_18,sazonais,lumpy->smooth,19.0,13.96,0,27.2
2023-02-12,SKU_18,sazonais,lumpy->smooth,0.0,14.18,0,24.9
2023-02-13,SKU_18,sazonais,lumpy->smooth,0.0,13.67,0,26.8
2023-02-14,SKU_18,sazonais,lumpy->smooth,0.0,13.87,0,26.6
2023-02-15,SKU_18,sazonais,lumpy->smooth,0.0,14.32,0,26.9
2023-02-16,SKU_18,sazonais,lumpy->smooth,35.0,13.87,0,28.3
2023-02-17,SKU_18,sazonais,lumpy->smooth,0.0,13.98,0,27.1
2023-02-18,SKU_18,sazonais,lumpy->smooth,0.0,14.28,0,28.1
2023-02-19,SKU_18,sazonais,lumpy->smooth,0.0,13.97,0,27.0
2023-02-20,SKU_18,sazonais,lumpy->smooth,26.0,11.73,1,27.5
2023-02-21,SKU_18,sazonais,lumpy->smooth,0.0,12.14,1,28.3
2023-02-22,SKU_18,sazonais,lumpy->smooth,21.0,13.94,0,24.2
2023-02-23,SKU_18,sazonais,lumpy->smooth,0.0,13.96,0,26.6
2023-02-24,SKU_18,sazonais,lumpy->smooth,12.0,13.6,0,26.4
2023-02-25,SKU_18,sazonais,lumpy->smooth,0.0,13.97,0,26.1
2023-02-26,SKU_18,sazonais,lumpy->smooth,76.0,14.14,0,26.9
2023-02-27,SKU_18,sazonais,lumpy->smooth,0.0,13.91,0,30.6
2023-02-28,SKU_18,sazonais,lumpy->smooth,0.0,13.74,0,25.9
2023-03-01,SKU_18,sazonais,lumpy->smooth,0.0,13.9,0,29.7
2023-03-02,SKU_18,sazonais,lumpy->smooth,0.0,11.78,1,24.4
2023-03-03,SKU_18,sazonais,lumpy->smooth,0.0,13.95,0,27.2
2023-03-04,SKU_18,sazonais,lumpy->smooth,0.0,13.9,0,28.3
2023-03-05,SKU_18,sazonais,lumpy->smooth,0.0,14.33,0,29.2
2023-03-06,SKU_18,sazonais,lumpy->smooth,0.0,14.06,0,29.5
2023-03-07,SKU_18,sazonais,lumpy->smooth,0.0,11.55,1,29.8
2023-03-08,SKU_18,sazonais,lumpy->smooth,0.0,14.01,0,27.6
2023-03-09,SKU_18,sazonais,lumpy->smooth,0.0,13.99,0,27.4
2023-03-10,SKU_18,sazonais,lumpy->smooth,61.0,14.24,0,30.1
2023-03-11,SKU_18,sazonais,lumpy->smooth,0.0,13.97,0,28.1
2023-03-12,SKU_18,sazonais,lumpy->smooth,0.0,13.96,0,26.0
2023-03-13,SKU_18,sazonais,lumpy->smooth,94.0,14.37,0,26.3
2023-03-14,SKU_18,sazonais,lumpy->smooth,0.0,13.79,0,26.8
2023-03-15,SKU_18,sazonais,lumpy->smooth,27.0,14.16,0,29.7
2023-03-16,SKU_18,sazonais,lumpy->smooth,0.0,14.01,0,29.1
2023-03-17,SKU_18,sazonais,lumpy->smooth,0.0,13.9,0,30.3
2023-03-18,SKU_18,sazonais,lumpy->smooth,0.0,13.87,0,28.1
2023-03-19,SKU_18,sazonais,lumpy->smooth,50.0,14.27,0,29.3
2023-03-20,SKU_18,sazonais,lumpy->smooth,0.0,14.09,0,30.3
2023-03-21,SKU_18,sazonais,lumpy->smooth,0.0,14.12,0,28.5
2023-03-22,SKU_18,sazonais,lumpy->smooth,0.0,12.08,1,30.1
2023-03-23,SKU_18,sazonais,lumpy->smooth,0.0,14.07,0,27.9
2023-03-24,SKU_18,sazonais,lumpy->smooth,0.0,13.79,0,28.5
2023-03-25,SKU_18,sazonais,lumpy->smooth,31.0,13.69,0,28.5
2023-03-26,SKU_18,sazonais,lumpy->smooth,0.0,14.31,0,27.0
2023-03-27,SKU_18,sazonais,lumpy->smooth,13.0,14.04,0,30.4
2023-03-28,SKU_18,sazonais,lumpy->smooth,22.0,14.02,0,28.5
2023-03-29,SKU_18,sazonais,lumpy->smooth,77.0,14.36,0,29.5
2023-03-30,SKU_18,sazonais,lumpy->smooth,0.0,13.79,0,30.5
2023-03-31,SKU_18,sazonais,lumpy->smooth,0.0,13.5,0,30.5
2023-04-01,SKU_18,sazonais,lumpy->smooth,0.0,13.64,0,30.9
2023-04-02,SKU_18,sazonais,lumpy->smooth,0.0,13.89,0,29.4
2023-04-03,SKU_18,sazonais,lumpy->smooth,57.0,14.02,0,28.8
2023-04-04,SKU_18,sazonais,lumpy->smooth,32.0,14.28,0,29.5
2023-04-05,SKU_18,sazonais,lumpy->smooth,0.0,14.17,0,26.4
2023-04-06,SKU_18,sazonais,lumpy->smooth,0.0,13.49,0,26.9
2023-04-07,SKU_18,sazonais,lumpy->smooth,0.0,14.56,0,27.1
2023-04-08,SKU_18,sazonais,lumpy->smooth,19.0,13.92,0,27.8
2023-04-09,SKU_18,sazonais,lumpy->smooth,97.0,14.25,0,30.6
2023-04-10,SKU_18,sazonais,lumpy->smooth,0.0,14.11,0,28.1
2023-04-11,SKU_18,sazonais,lumpy->smooth,0.0,14.0,0,29.1
2023-04-12,SKU_18,sazonais,lumpy->smooth,0.0,13.95,0,32.5
2023-04-13,SKU_18,sazonais,lumpy->smooth,42.0,13.78,0,29.2
2023-04-14,SKU_18,sazonais,lumpy->smooth,52.0,13.74,0,31.4
2023-04-15,SKU_18,sazonais,lumpy->smooth,19.0,13.97,0,28.1
2023-04-16,SKU_18,sazonais,lumpy->smooth,0.0,13.72,0,29.6
2023-04-17,SKU_18,sazonais,lumpy->smooth,0.0,14.33,0,28.1
2023-04-18,SKU_18,sazonais,lumpy->smooth,0.0,14.02,0,29.3
2023-04-19,SKU_18,sazonais,lumpy->smooth,0.0,14.42,0,31.7
2023-04-20,SKU_18,sazonais,lumpy->smooth,23.0,13.91,0,26.5
2023-04-21,SKU_18,sazonais,lumpy->smooth,21.0,13.88,0,30.9
2023-04-22,SKU_18,sazonais,lumpy->smooth,22.0,12.02,1,30.5
2023-04-23,SKU_18,sazonais,lumpy->smooth,102.0,13.95,0,28.8
2023-04-24,SKU_18,sazonais,lumpy->smooth,0.0,14.19,0,27.1
2023-04-25,SKU_18,sazonais,lumpy->smooth,35.0,14.29,0,30.1
2023-04-26,SKU_18,sazonais,lumpy->smooth,57.0,14.22,0,28.9
2023-04-27,SKU_18,sazonais,lumpy->smooth,0.0,14.27,0,30.4
2023-04-28,SKU_18,sazonais,lumpy->smooth,0.0,14.16,0,30.0
2023-04-29,SKU_18,sazonais,lumpy->smooth,10.0,13.89,0,33.2
2023-04-30,SKU_18,sazonais,lumpy->smooth,24.0,14.23,0,29.5
2023-05-01,SKU_18,sazonais,lumpy->smooth,51.0,14.14,0,27.9
2023-05-02,SKU_18,sazonais,lumpy->smooth,50.0,13.88,0,30.3
2023-05-03,SKU_18,sazonais,lumpy->smooth,0.0,13.9,0,30.3
2023-05-04,SKU_18,sazonais,lumpy->smooth,0.0,13.98,0,32.6
2023-05-05,SKU_18,sazonais,lumpy->smooth,11.0,14.22,0,31.5
2023-05-06,SKU_18,sazonais,lumpy->smooth,0.0,14.02,0,30.5
2023-05-07,SKU_18,sazonais,lumpy->smooth,19.0,14.0,0,32.7
2023-05-08,SKU_18,sazonais,lumpy->smooth,0.0,13.97,0,27.4
2023-05-09,SKU_18,sazonais,lumpy->smooth,22.0,13.93,0,28.5
2023-05-10,SKU_18,sazonais,lumpy->smooth,70.0,13.77,0,27.9
2023-05-11,SKU_18,sazonais,lumpy->smooth,0.0,14.16,0,28.9
2023-05-12,SKU_18,sazonais,lumpy->smooth,32.0,13.8,0,26.9
2023-05-13,SKU_18,sazonais,lumpy->smooth,55.0,14.01,0,30.9
2023-05-14,SKU_18,sazonais,lumpy->smooth,0.0,13.92,0,29.1
2023-05-15,SKU_18,sazonais,lumpy->smooth,0.0,14.15,0,26.6
2023-05-16,SKU_18,sazonais,lumpy->smooth,0.0,13.93,0,27.5
2023-05-17,SKU_18,sazonais,lumpy->smooth,25.0,13.8,0,30.1
2023-05-18,SKU_18,sazonais,lumpy->smooth,11.0,14.2,0,31.1
2023-05-19,SKU_18,sazonais,lumpy->smooth,0.0,13.83,0,33.4
2023-05-20,SKU_18,sazonais,lumpy->smooth,39.0,14.03,0,35.2
2023-05-21,SKU_18,sazonais,lumpy->smooth,126.0,14.25,0,30.1
2023-05-22,SKU_18,sazonais,lumpy->smooth,0.0,13.85,0,27.3
2023-05-23,SKU_18,sazonais,lumpy->smooth,0.0,11.88,1,24.9
2023-05-24,SKU_18,sazonais,lumpy->smooth,0.0,13.91,0,29.7
2023-05-25,SKU_18,sazonais,lumpy->smooth,175.0,14.03,0,27.4
2023-05-26,SKU_18,sazonais,lumpy->smooth,0.0,13.99,0,28.2
2023-05-27,SKU_18,sazonais,lumpy->smooth,0.0,14.18,0,27.7
2023-05-28,SKU_18,sazonais,lumpy->smooth,0.0,13.88,0,28.6
2023-05-29,SKU_18,sazonais,lumpy->smooth,0.0,14.25,0,31.0
2023-05-30,SKU_18,sazonais,lumpy->smooth,0.0,14.32,0,29.1
2023-05-31,SKU_18,sazonais,lumpy->smooth,0.0,14.05,0,28.4
2023-06-01,SKU_18,sazonais,lumpy->smooth,0.0,13.84,0,26.6
2023-06-02,SKU_18,sazonais,lumpy->smooth,0.0,13.99,0,25.2
2023-06-03,SKU_18,sazonais,lumpy->smooth,0.0,13.98,0,27.5
2023-06-04,SKU_18,sazonais,lumpy->smooth,0.0,14.35,0,28.3
2023-06-05,SKU_18,sazonais,lumpy->smooth,20.0,13.98,0,31.9
2023-06-06,SKU_18,sazonais,lumpy->smooth,0.0,12.18,1,28.6
2023-06-07,SKU_18,sazonais,lumpy->smooth,74.0,14.02,0,30.2
2023-06-08,SKU_18,sazonais,lumpy->smooth,18.0,14.01,0,27.2
2023-06-09,SKU_18,sazonais,lumpy->smooth,0.0,13.93,0,25.7
2023-06-10,SKU_18,sazonais,lumpy->smooth,0.0,13.95,0,26.1
2023-06-11,SKU_18,sazonais,lumpy->smooth,15.0,14.18,0,26.5
2023-06-12,SKU_18,sazonais,lumpy->smooth,19.0,13.85,0,32.1
2023-06-13,SKU_18,sazonais,lumpy->smooth,0.0,14.19,0,26.1
2023-06-14,SKU_18,sazonais,lumpy->smooth,0.0,14.29,0,29.4
2023-06-15,SKU_18,sazonais,lumpy->smooth,0.0,13.88,0,25.8
2023-06-16,SKU_18,sazonais,lumpy->smooth,0.0,14.24,0,29.4
2023-06-17,SKU_18,sazonais,lumpy->smooth,0.0,14.21,0,28.2
2023-06-18,SKU_18,sazonais,lumpy->smooth,28.0,14.17,0,27.0
2023-06-19,SKU_18,sazonais,lumpy->smooth,15.0,13.87,0,27.2
2023-06-20,SKU_18,sazonais,lumpy->smooth,0.0,13.98,0,25.9
2023-06-21,SKU_18,sazonais,lumpy->smooth,0.0,13.98,0,28.0
2023-06-22,SKU_18,sazonais,lumpy->smooth,20.0,14.42,0,26.1
2023-06-23,SKU_18,sazonais,lumpy->smooth,0.0,14.0,0,24.5
2023-06-24,SKU_18,sazonais,lumpy->smooth,0.0,13.96,0,24.3
2023-06-25,SKU_18,sazonais,lumpy->smooth,0.0,13.77,0,27.1
2023-06-26,SKU_18,sazonais,lumpy->smooth,0.0,13.81,0,29.8
2023-06-27,SKU_18,sazonais,lumpy->smooth,44.0,13.86,0,26.9
2023-06-28,SKU_18,sazonais,lumpy->smooth,0.0,14.07,0,26.2
2023-06-29,SKU_18,sazonais,lumpy->smooth,0.0,13.72,0,26.9
2023-06-30,SKU_18,sazonais,lumpy->smooth,8.0,13.87,0,28.9
2023-07-01,SKU_18,sazonais,lumpy->smooth,0.0,13.63,0,26.6
2023-07-02,SKU_18,sazonais,lumpy->smooth,0.0,14.28,0,25.3
2023-07-03,SKU_18,sazonais,lumpy->smooth,0.0,14.02,0,28.2
2023-07-04,SKU_18,sazonais,lumpy->smooth,0.0,14.06,0,26.7
2023-07-05,SKU_18,sazonais,lumpy->smooth,0.0,13.78,0,28.9
2023-07-06,SKU_18,sazonais,lumpy->smooth,17.0,14.23,0,26.0
2023-07-07,SKU_18,sazonais,lumpy->smooth,0.0,14.3,0,23.1
2023-07-08,SKU_18,sazonais,lumpy->smooth,0.0,14.01,0,22.7
2023-07-09,SKU_18,sazonais,lumpy->smooth,0.0,13.9,0,28.7
2023-07-10,SKU_18,sazonais,lumpy->smooth,46.0,14.11,0,28.7
2023-07-11,SKU_18,sazonais,lumpy->smooth,0.0,14.15,0,24.8
2023-07-12,SKU_18,sazonais,lumpy->smooth,0.0,14.17,0,24.3
2023-07-13,SKU_18,sazonais,lumpy->smooth,0.0,14.13,0,27.9
2023-07-14,SKU_18,sazonais,lumpy->smooth,0.0,14.19,0,22.7
2023-07-15,SKU_18,sazonais,lumpy->smooth,0.0,13.86,0,23.0
2023-07-16,SKU_18,sazonais,lumpy->smooth,11.0,14.18,0,26.0
2023-07-17,SKU_18,sazonais,lumpy->smooth,0.0,13.91,0,23.8
2023-07-18,SKU_18,sazonais,lumpy->smooth,0.0,13.5,0,24.5
2023-07-19,SKU_18,sazonais,lumpy->smooth,0.0,13.91,0,24.0
2023-07-20,SKU_18,sazonais,lumpy->smooth,86.0,13.89,0,24.9
2023-07-21,SKU_18,sazonais,lumpy->smooth,0.0,14.05,0,27.0
2023-07-22,SKU_18,sazonais,lumpy->smooth,18.0,14.17,0,24.2
2023-07-23,SKU_18,sazonais,lumpy->smooth,19.0,14.04,0,25.2
2023-07-24,SKU_18,sazonais,lumpy->smooth,138.0,14.4,0,19.7
2023-07-25,SKU_18,sazonais,lumpy->smooth,66.0,13.89,0,23.6
2023-07-26,SKU_18,sazonais,lumpy->smooth,0.0,13.6,0,22.0
2023-07-27,SKU_18,sazonais,lumpy->smooth,71.0,14.06,0,21.1
2023-07-28,SKU_18,sazonais,lumpy->smooth,0.0,13.89,0,21.7
2023-07-29,SKU_18,sazonais,lumpy->smooth,0.0,13.78,0,22.7
2023-07-30,SKU_18,sazonais,lumpy->smooth,0.0,13.94,0,25.1
2023-07-31,SKU_18,sazonais,lumpy->smooth,0.0,11.74,1,20.5
2023-08-01,SKU_18,sazonais,lumpy->smooth,49.0,13.86,0,23.1
2023-08-02,SKU_18,sazonais,lumpy->smooth,0.0,14.3,0,22.0
2023-08-03,SKU_18,sazonais,lumpy->smooth,0.0,14.02,0,22.2
2023-08-04,SKU_18,sazonais,lumpy->smooth,0.0,13.95,0,24.7
2023-08-05,SKU_18,sazonais,lumpy->smooth,0.0,14.32,0,23.7
2023-08-06,SKU_18,sazonais,lumpy->smooth,0.0,13.94,0,25.2
2023-08-07,SKU_18,sazonais,lumpy->smooth,33.0,13.75,0,22.1
2023-08-08,SKU_18,sazonais,lumpy->smooth,0.0,13.73,0,20.9
2023-08-09,SKU_18,sazonais,lumpy->smooth,0.0,13.98,0,21.8
2023-08-10,SKU_18,sazonais,lumpy->smooth,0.0,13.67,0,22.6
2023-08-11,SKU_18,sazonais,lumpy->smooth,0.0,13.77,0,22.4
2023-08-12,SKU_18,sazonais,lumpy->smooth,20.0,13.92,0,19.8
2023-08-13,SKU_18,sazonais,lumpy->smooth,0.0,14.23,0,22.0
2023-08-14,SKU_18,sazonais,lumpy->smooth,39.0,14.26,0,22.2
2023-08-15,SKU_18,sazonais,lumpy->smooth,6.0,14.13,0,26.7
2023-08-16,SKU_18,sazonais,lumpy->smooth,0.0,11.9,1,25.3
2023-08-17,SKU_18,sazonais,lumpy->smooth,50.0,13.89,0,19.7
2023-08-18,SKU_18,sazonais,lumpy->smooth,0.0,14.08,0,20.8
2023-08-19,SKU_18,sazonais,lumpy->smooth,17.0,14.36,0,18.3
2023-08-20,SKU_18,sazonais,lumpy->smooth,34.0,14.03,0,20.0
2023-08-21,SKU_18,sazonais,lumpy->smooth,40.0,13.91,0,21.7
2023-08-22,SKU_18,sazonais,lumpy->smooth,0.0,13.97,0,23.4
2023-08-23,SKU_18,sazonais,lumpy->smooth,24.0,13.95,0,19.4
2023-08-24,SKU_18,sazonais,lumpy->smooth,0.0,14.11,0,19.5
2023-08-25,SKU_18,sazonais,lumpy->smooth,0.0,13.85,0,16.4
2023-08-26,SKU_18,sazonais,lumpy->smooth,139.0,11.98,1,20.3
2023-08-27,SKU_18,sazonais,lumpy->smooth,0.0,14.11,0,18.4
2023-08-28,SKU_18,sazonais,lumpy->smooth,25.0,14.07,0,19.4
2023-08-29,SKU_18,sazonais,lumpy->smooth,0.0,11.68,1,18.6
2023-08-30,SKU_18,sazonais,lumpy->smooth,0.0,13.97,0,20.1
2023-08-31,SKU_18,sazonais,lumpy->smooth,0.0,13.89,0,16.7
2023-09-01,SKU_18,sazonais,lumpy->smooth,0.0,13.99,0,17.2
2023-09-02,SKU_18,sazonais,lumpy->smooth,0.0,13.87,0,24.3
2023-09-03,SKU_18,sazonais,lumpy->smooth,9.0,14.25,0,17.4
2023-09-04,SKU_18,sazonais,lumpy->smooth,0.0,14.04,0,17.7
2023-09-05,SKU_18,sazonais,lumpy->smooth,47.0,13.68,0,23.5
2023-09-06,SKU_18,sazonais,lumpy->smooth,0.0,13.73,0,25.6
2023-09-07,SKU_18,sazonais,lumpy->smooth,0.0,14.24,0,17.4
2023-09-08,SKU_18,sazonais,lumpy->smooth,0.0,13.96,0,18.9
2023-09-09,SKU_18,sazonais,lumpy->smooth,0.0,13.92,0,20.2
2023-09-10,SKU_18,sazonais,lumpy->smooth,9.0,14.23,0,22.9
2023-09-11,SKU_18,sazonais,lumpy->smooth,13.0,13.97,0,17.4
2023-09-12,SKU_18,sazonais,lumpy->smooth,0.0,13.76,0,18.9
2023-09-13,SKU_18,sazonais,lumpy->smooth,0.0,13.77,0,20.8
2023-09-14,SKU_18,sazonais,lumpy->smooth,23.0,14.13,0,20.1
2023-09-15,SKU_18,sazonais,lumpy->smooth,0.0,14.41,0,18.4
2023-09-16,SKU_18,sazonais,lumpy->smooth,0.0,12.07,1,18.8
2023-09-17,SKU_18,sazonais,lumpy->smooth,57.0,13.92,0,16.3
2023-09-18,SKU_18,sazonais,lumpy->smooth,29.0,13.95,0,18.5
2023-09-19,SKU_18,sazonais,lumpy->smooth,0.0,14.01,0,18.4
2023-09-20,SKU_18,sazonais,lumpy->smooth,74.0,13.6,0,19.3
2023-09-21,SKU_18,sazonais,lumpy->smooth,0.0,14.0,0,17.7
2023-09-22,SKU_18,sazonais,lumpy->smooth,29.0,14.12,0,19.7
2023-09-23,SKU_18,sazonais,lumpy->smooth,0.0,14.35,0,20.7
2023-09-24,SKU_18,sazonais,lumpy->smooth,35.0,14.22,0,19.0
2023-09-25,SKU_18,sazonais,lumpy->smooth,0.0,14.39,0,19.3
2023-09-26,SKU_18,sazonais,lumpy->smooth,17.0,14.34,0,18.7
2023-09-27,SKU_18,sazonais,lumpy->smooth,60.0,14.28,0,18.5
2023-09-28,SKU_18,sazonais,lumpy->smooth,0.0,14.01,0,17.1
2023-09-29,SKU_18,sazonais,lumpy->smooth,0.0,14.07,0,19.1
2023-09-30,SKU_18,sazonais,lumpy->smooth,0.0,13.67,0,18.2
2023-10-01,SKU_18,sazonais,lumpy->smooth,6.0,14.03,0,22.6
2023-10-02,SKU_18,sazonais,lumpy->smooth,20.0,14.11,0,21.5
2023-10-03,SKU_18,sazonais,lumpy->smooth,29.0,13.94,0,19.1
2023-10-04,SKU_18,sazonais,lumpy->smooth,6.0,13.69,0,16.8
2023-10-05,SKU_18,sazonais,lumpy->smooth,16.0,14.32,0,16.0
2023-10-06,SKU_18,sazonais,lumpy->smooth,52.0,14.08,0,20.6
2023-10-07,SKU_18,sazonais,lumpy->smooth,0.0,14.34,0,18.7
2023-10-08,SKU_18,sazonais,lumpy->smooth,32.0,14.15,0,19.1
2023-10-09,SKU_18,sazonais,lumpy->smooth,0.0,14.27,0,14.7
2023-10-10,SKU_18,sazonais,lumpy->smooth,0.0,14.23,0,20.0
2023-10-11,SKU_18,sazonais,lumpy->smooth,0.0,13.86,0,19.0
2023-10-12,SKU_18,sazonais,lumpy->smooth,0.0,11.8,1,15.9
2023-10-13,SKU_18,sazonais,lumpy->smooth,24.0,13.91,0,17.1
2023-10-14,SKU_18,sazonais,lumpy->smooth,0.0,13.81,0,18.6
2023-10-15,SKU_18,sazonais,lumpy->smooth,106.0,14.35,0,18.1
2023-10-16,SKU_18,sazonais,lumpy->smooth,0.0,14.01,0,17.4
2023-10-17,SKU_18,sazonais,lumpy->smooth,0.0,14.09,0,17.8
2023-10-18,SKU_18,sazonais,lumpy->smooth,0.0,13.73,0,17.5
2023-10-19,SKU_18,sazonais,lumpy->smooth,0.0,14.16,0,18.3
2023-10-20,SKU_18,sazonais,lumpy->smooth,14.0,13.92,0,20.9
2023-10-21,SKU_18,sazonais,lumpy->smooth,20.0,14.25,0,12.9
2023-10-22,SKU_18,sazonais,lumpy->smooth,21.0,13.86,0,17.5
2023-10-23,SKU_18,sazonais,lumpy->smooth,18.0,14.27,0,18.4
2023-10-24,SKU_18,sazonais,lumpy->smooth,13.0,14.19,0,18.6
2023-10-25,SKU_18,sazonais,lumpy->smooth,0.0,13.91,0,17.3
2023-10-26,SKU_18,sazonais,lumpy->smooth,0.0,14.28,0,14.5
2023-10-27,SKU_18,sazonais,lumpy->smooth,0.0,14.23,0,18.7
2023-10-28,SKU_18,sazonais,lumpy->smooth,0.0,14.1,0,21.5
2023-10-29,SKU_18,sazonais,lumpy->smooth,0.0,13.8,0,15.0
2023-10-30,SKU_18,sazonais,lumpy->smooth,0.0,14.16,0,19.8
2023-10-31,SKU_18,sazonais,lumpy->smooth,50.0,14.01,0,17.4
2023-11-01,SKU_18,sazonais,lumpy->smooth,0.0,14.01,0,18.0
2023-11-02,SKU_18,sazonais,lumpy->smooth,0.0,14.01,0,16.0
2023-11-03,SKU_18,sazonais,lumpy->smooth,0.0,13.99,0,17.5
2023-11-04,SKU_18,sazonais,lumpy->smooth,0.0,13.83,0,20.8
2023-11-05,SKU_18,sazonais,lumpy->smooth,0.0,11.6,1,19.3
2023-11-06,SKU_18,sazonais,lumpy->smooth,0.0,13.66,0,21.7
2023-11-07,SKU_18,sazonais,lumpy->smooth,23.0,14.06,0,20.6
2023-11-08,SKU_18,sazonais,lumpy->smooth,33.0,13.52,0,19.1
2023-11-09,SKU_18,sazonais,lumpy->smooth,44.0,14.15,0,21.8
2023-11-10,SKU_18,sazonais,lumpy->smooth,0.0,14.1,0,19.2
2023-11-11,SKU_18,sazonais,lumpy->smooth,8.0,13.94,0,20.0
2023-11-12,SKU_18,sazonais,lumpy->smooth,0.0,14.21,0,17.8
2023-11-13,SKU_18,sazonais,lumpy->smooth,0.0,13.95,0,18.6
2023-11-14,SKU_18,sazonais,lumpy->smooth,0.0,14.08,0,17.1
2023-11-15,SKU_18,sazonais,lumpy->smooth,0.0,13.61,0,20.5
2023-11-16,SKU_18,sazonais,lumpy->smooth,0.0,13.55,0,16.2
2023-11-17,SKU_18,sazonais,lumpy->smooth,0.0,13.95,0,20.2
2023-11-18,SKU_18,sazonais,lumpy->smooth,0.0,14.08,0,18.3
2023-11-19,SKU_18,sazonais,lumpy->smooth,30.0,14.19,0,21.0
2023-11-20,SKU_18,sazonais,lumpy->smooth,0.0,13.96,0,20.2
2023-11-21,SKU_18,sazonais,lumpy->smooth,0.0,14.05,0,22.4
2023-11-22,SKU_18,sazonais,lumpy->smooth,0.0,14.16,0,20.3
2023-11-23,SKU_18,sazonais,lumpy->smooth,0.0,13.97,0,15.8
2023-11-24,SKU_18,sazonais,lumpy->smooth,0.0,14.12,0,18.8
2023-11-25,SKU_18,sazonais,lumpy->smooth,0.0,13.77,0,16.7
2023-11-26,SKU_18,sazonais,lumpy->smooth,0.0,13.67,0,18.0
2023-11-27,SKU_18,sazonais,lumpy->smooth,0.0,13.89,0,22.2
2023-11-28,SKU_18,sazonais,lumpy->smooth,0.0,14.15,0,20.5
2023-11-29,SKU_18,sazonais,lumpy->smooth,0.0,13.86,0,17.9
2023-11-30,SKU_18,sazonais,lumpy->smooth,21.0,14.13,0,17.3
2023-12-01,SKU_18,sazonais,lumpy->smooth,29.0,13.79,0,19.4
2023-12-02,SKU_18,sazonais,lumpy->smooth,0.0,13.88,0,17.0
2023-12-03,SKU_18,sazonais,lumpy->smooth,0.0,14.05,0,18.2
2023-12-04,SKU_18,sazonais,lumpy->smooth,0.0,13.87,0,20.2
2023-12-05,SKU_18,sazonais,lumpy->smooth,18.0,13.9,0,22.0
2023-12-06,SKU_18,sazonais,lumpy->smooth,0.0,13.48,0,20.9
2023-12-07,SKU_18,sazonais,lumpy->smooth,0.0,12.07,1,15.2
2023-12-08,SKU_18,sazonais,lumpy->smooth,0.0,13.98,0,20.5
2023-12-09,SKU_18,sazonais,lumpy->smooth,0.0,13.81,0,20.1
2023-12-10,SKU_18,sazonais,lumpy->smooth,0.0,14.37,0,20.9
2023-12-11,SKU_18,sazonais,lumpy->smooth,0.0,13.84,0,23.3
2023-12-12,SKU_18,sazonais,lumpy->smooth,18.0,13.9,0,16.1
2023-12-13,SKU_18,sazonais,lumpy->smooth,0.0,13.81,0,19.1
2023-12-14,SKU_18,sazonais,lumpy->smooth,34.0,14.22,0,21.5
2023-12-15,SKU_18,sazonais,lumpy->smooth,0.0,14.29,0,17.3
2023-12-16,SKU_18,sazonais,lumpy->smooth,0.0,14.27,0,23.5
2023-12-17,SKU_18,sazonais,lumpy->smooth,0.0,14.26,0,21.3
2023-12-18,SKU_18,sazonais,lumpy->smooth,0.0,13.88,0,22.4
2023-12-19,SKU_18,sazonais,lumpy->smooth,0.0,14.33,0,19.6
2023-12-20,SKU_18,sazonais,lumpy->smooth,0.0,13.96,0,22.5
2023-12-21,SKU_18,sazonais,lumpy->smooth,0.0,13.69,0,23.1
2023-12-22,SKU_18,sazonais,lumpy->smooth,0.0,11.81,1,21.5
2023-12-23,SKU_18,sazonais,lumpy->smooth,0.0,14.07,0,21.6
2023-12-24,SKU_18,sazonais,lumpy->smooth,25.0,13.87,0,21.8
2023-12-25,SKU_18,sazonais,lumpy->smooth,0.0,14.03,0,19.6
2023-12-26,SKU_18,sazonais,lumpy->smooth,46.0,14.11,0,21.1
2023-12-27,SKU_18,sazonais,lumpy->smooth,33.0,14.08,0,21.2
2023-12-28,SKU_18,sazonais,lumpy->smooth,0.0,14.13,0,22.4
2023-12-29,SKU_18,sazonais,lumpy->smooth,0.0,13.96,0,23.7
2023-12-30,SKU_18,sazonais,lumpy->smooth,28.0,13.85,0,19.7
2023-12-31,SKU_18,sazonais,lumpy->smooth,0.0,13.71,0,21.6
2024-01-01,SKU_18,sazonais,lumpy->smooth,109.0,13.98,0,24.9
2024-01-02,SKU_18,sazonais,lumpy->smooth,216.0,13.89,0,20.6
2024-01-03,SKU_18,sazonais,lumpy->smooth,109.0,13.98,0,20.5
2024-01-04,SKU_18,sazonais,lumpy->smooth,172.0,13.59,0,22.7
2024-01-05,SKU_18,sazonais,lumpy->smooth,173.0,13.7,0,24.1
2024-01-06,SKU_18,sazonais,lumpy->smooth,102.0,14.1,0,22.5
2024-01-07,SKU_18,sazonais,lumpy->smooth,67.0,13.67,0,25.2
2024-01-08,SKU_18,sazonais,lumpy->smooth,204.0,13.96,0,24.4
2024-01-09,SKU_18,sazonais,lumpy->smooth,215.0,13.83,0,24.5
2024-01-10,SKU_18,sazonais,lumpy->smooth,0.0,13.82,0,24.0
2024-01-11,SKU_18,sazonais,lumpy->smooth,118.0,14.02,0,27.6
2024-01-12,SKU_18,sazonais,lumpy->smooth,107.0,14.01,0,22.7
2024-01-13,SKU_18,sazonais,lumpy->smooth,88.0,14.11,0,19.2
2024-01-14,SKU_18,sazonais,lumpy->smooth,116.0,11.68,1,26.5
2024-01-15,SKU_18,sazonais,lumpy->smooth,140.0,13.82,0,22.5
2024-01-16,SKU_18,sazonais,lumpy->smooth,96.0,14.22,0,23.7
2024-01-17,SKU_18,sazonais,lumpy->smooth,135.0,13.96,0,26.2
2024-01-18,SKU_18,sazonais,lumpy->smooth,178.0,14.07,0,20.5
2024-01-19,SKU_18,sazonais,lumpy->smooth,165.0,13.9,0,21.3
2024-01-20,SKU_18,sazonais,lumpy->smooth,72.0,14.09,0,20.7
2024-01-21,SKU_18,sazonais,lumpy->smooth,78.0,13.5,0,22.4
2024-01-22,SKU_18,sazonais,lumpy->smooth,0.0,14.23,0,25.0
2024-01-23,SKU_18,sazonais,lumpy->smooth,116.0,13.91,0,25.3
2024-01-24,SKU_18,sazonais,lumpy->smooth,126.0,13.75,0,24.9
2024-01-25,SKU_18,sazonais,lumpy->smooth,160.0,13.79,0,21.6
2024-01-26,SKU_18,sazonais,lumpy->smooth,115.0,13.95,0,19.9
2024-01-27,SKU_18,sazonais,lumpy->smooth,63.0,13.98,0,24.7
2024-01-28,SKU_18,sazonais,lumpy->smooth,98.0,14.03,0,23.8
2024-01-29,SKU_18,sazonais,lumpy->smooth,125.0,13.76,0,25.7
2024-01-30,SKU_18,sazonais,lumpy->smooth,113.0,14.17,0,26.3
2024-01-31,SKU_18,sazonais,lumpy->smooth,246.0,11.8,1,25.3
2024-02-01,SKU_18,sazonais,lumpy->smooth,0.0,11.79,1,26.6
2024-02-02,SKU_18,sazonais,lumpy->smooth,193.0,11.85,1,25.7
2024-02-03,SKU_18,sazonais,lumpy->smooth,76.0,14.13,0,26.4
2024-02-04,SKU_18,sazonais,lumpy->smooth,91.0,13.99,0,24.0
2024-02-05,SKU_18,sazonais,lumpy->smooth,233.0,11.79,1,25.2
2024-02-06,SKU_18,sazonais,lumpy->smooth,149.0,13.94,0,26.0
2024-02-07,SKU_18,sazonais,lumpy->smooth,146.0,14.24,0,27.4
2024-02-08,SKU_18,sazonais,lumpy->smooth,122.0,14.21,0,25.0
2024-02-09,SKU_18,sazonais,lumpy->smooth,124.0,14.07,0,27.0
2024-02-10,SKU_18,sazonais,lumpy->smooth,81.0,14.03,0,25.5
2024-02-11,SKU_18,sazonais,lumpy->smooth,67.0,14.46,0,25.9
2024-02-12,SKU_18,sazonais,lumpy->smooth,110.0,14.09,0,27.9
2024-02-13,SKU_18,sazonais,lumpy->smooth,140.0,14.04,0,22.3
2024-02-14,SKU_18,sazonais,lumpy->smooth,183.0,13.96,0,23.8
2024-02-15,SKU_18,sazonais,lumpy->smooth,86.0,14.07,0,23.5
2024-02-16,SKU_18,sazonais,lumpy->smooth,131.0,13.39,0,21.9
2024-02-17,SKU_18,sazonais,lumpy->smooth,91.0,14.21,0,25.3
2024-02-18,SKU_18,sazonais,lumpy->smooth,112.0,13.75,0,28.3
2024-02-19,SKU_18,sazonais,lumpy->smooth,226.0,13.86,0,26.3
2024-02-20,SKU_18,sazonais,lumpy->smooth,137.0,13.72,0,27.4
2024-02-21,SKU_18,sazonais,lumpy->smooth,237.0,13.85,0,29.2
2024-02-22,SKU_18,sazonais,lumpy->smooth,163.0,13.93,0,29.8
2024-02-23,SKU_18,sazonais,lumpy->smooth,179.0,14.18,0,27.1
2024-02-24,SKU_18,sazonais,lumpy->smooth,67.0,14.26,0,30.0
2024-02-25,SKU_18,sazonais,lumpy->smooth,97.0,14.39,0,27.6
2024-02-26,SKU_18,sazonais,lumpy->smooth,184.0,14.02,0,25.8
2024-02-27,SKU_18,sazonais,lumpy->smooth,124.0,13.96,0,26.4
2024-02-28,SKU_18,sazonais,lumpy->smooth,78.0,14.16,0,24.7
2024-02-29,SKU_18,sazonais,lumpy->smooth,153.0,13.83,0,26.0
2024-03-01,SKU_18,sazonais,lumpy->smooth,140.0,13.81,0,27.1
2024-03-02,SKU_18,sazonais,lumpy->smooth,122.0,13.93,0,29.5
2024-03-03,SKU_18,sazonais,lumpy->smooth,77.0,13.99,0,31.4
2024-03-04,SKU_18,sazonais,lumpy->smooth,125.0,13.59,0,25.3
2024-03-05,SKU_18,sazonais,lumpy->smooth,0.0,14.21,0,28.9
2024-03-06,SKU_18,sazonais,lumpy->smooth,128.0,14.05,0,26.1
2024-03-07,SKU_18,sazonais,lumpy->smooth,288.0,14.16,0,29.2
2024-03-08,SKU_18,sazonais,lumpy->smooth,101.0,13.69,0,28.1
2024-03-09,SKU_18,sazonais,lumpy->smooth,64.0,13.87,0,24.8
2024-03-10,SKU_18,sazonais,lumpy->smooth,87.0,13.86,0,30.3
2024-03-11,SKU_18,sazonais,lumpy->smooth,244.0,13.96,0,27.3
2024-03-12,SKU_18,sazonais,lumpy->smooth,180.0,13.99,0,27.5
2024-03-13,SKU_18,sazonais,lumpy->smooth,220.0,14.17,0,26.5
2024-03-14,SKU_18,sazonais,lumpy->smooth,137.0,14.02,0,27.4
2024-03-15,SKU_18,sazonais,lumpy->smooth,107.0,13.85,0,29.7
2024-03-16,SKU_18,sazonais,lumpy->smooth,80.0,14.44,0,28.5
2024-03-17,SKU_18,sazonais,lumpy->smooth,87.0,13.95,0,29.6
2024-03-18,SKU_18,sazonais,lumpy->smooth,152.0,13.82,0,29.7
2024-03-19,SKU_18,sazonais,lumpy->smooth,144.0,13.62,0,31.7
2024-03-20,SKU_18,sazonais,lumpy->smooth,254.0,11.92,1,28.4
2024-03-21,SKU_18,sazonais,lumpy->smooth,184.0,12.04,1,26.2
2024-03-22,SKU_18,sazonais,lumpy->smooth,121.0,13.77,0,31.3
2024-03-23,SKU_18,sazonais,lumpy->smooth,67.0,14.12,0,28.6
2024-03-24,SKU_18,sazonais,lumpy->smooth,94.0,14.02,0,31.5
2024-03-25,SKU_18,sazonais,lumpy->smooth,156.0,13.65,0,30.1
2024-03-26,SKU_18,sazonais,lumpy->smooth,199.0,14.13,0,29.1
2024-03-27,SKU_18,sazonais,lumpy->smooth,223.0,13.95,0,30.1
2024-03-28,SKU_18,sazonais,lumpy->smooth,113.0,13.77,0,33.4
2024-03-29,SKU_18,sazonais,lumpy->smooth,153.0,14.19,0,33.7
2024-03-30,SKU_18,sazonais,lumpy->smooth,86.0,14.19,0,29.7
2024-03-31,SKU_18,sazonais,lumpy->smooth,62.0,13.77,0,29.9
2024-04-01,SKU_18,sazonais,lumpy->smooth,134.0,14.06,0,31.8
2024-04-02,SKU_18,sazonais,lumpy->smooth,225.0,14.04,0,28.0
2024-04-03,SKU_18,sazonais,lumpy->smooth,131.0,13.99,0,30.4
2024-04-04,SKU_18,sazonais,lumpy->smooth,181.0,11.8,1,29.7
2024-04-05,SKU_18,sazonais,lumpy->smooth,219.0,11.87,1,30.4
2024-04-06,SKU_18,sazonais,lumpy->smooth,113.0,14.19,0,28.1
2024-04-07,SKU_18,sazonais,lumpy->smooth,84.0,14.08,0,26.6
2024-04-08,SKU_18,sazonais,lumpy->smooth,158.0,13.61,0,25.7
2024-04-09,SKU_18,sazonais,lumpy->smooth,87.0,13.57,0,27.6
2024-04-10,SKU_18,sazonais,lumpy->smooth,176.0,13.63,0,29.0
2024-04-11,SKU_18,sazonais,lumpy->smooth,161.0,13.73,0,29.3
2024-04-12,SKU_18,sazonais,lumpy->smooth,190.0,13.85,0,33.8
2024-04-13,SKU_18,sazonais,lumpy->smooth,57.0,13.91,0,32.2
2024-04-14,SKU_18,sazonais,lumpy->smooth,122.0,11.89,1,28.0
2024-04-15,SKU_18,sazonais,lumpy->smooth,194.0,13.99,0,30.7
2024-04-16,SKU_18,sazonais,lumpy->smooth,133.0,13.99,0,29.2
2024-04-17,SKU_18,sazonais,lumpy->smooth,155.0,14.23,0,29.4
2024-04-18,SKU_18,sazonais,lumpy->smooth,138.0,13.66,0,30.4
2024-04-19,SKU_18,sazonais,lumpy->smooth,139.0,14.07,0,31.2
2024-04-20,SKU_18,sazonais,lumpy->smooth,120.0,14.07,0,29.3
2024-04-21,SKU_18,sazonais,lumpy->smooth,64.0,13.75,0,32.1
2024-04-22,SKU_18,sazonais,lumpy->smooth,151.0,14.11,0,27.7
2024-04-23,SKU_18,sazonais,lumpy->smooth,162.0,14.07,0,30.0
2024-04-24,SKU_18,sazonais,lumpy->smooth,192.0,13.99,0,35.2
2024-04-25,SKU_18,sazonais,lumpy->smooth,148.0,13.52,0,30.4
2024-04-26,SKU_18,sazonais,lumpy->smooth,193.0,14.19,0,32.8
2024-04-27,SKU_18,sazonais,lumpy->smooth,89.0,14.05,0,30.2
2024-04-28,SKU_18,sazonais,lumpy->smooth,135.0,11.98,1,31.1
2024-04-29,SKU_18,sazonais,lumpy->smooth,155.0,13.32,0,29.8
2024-04-30,SKU_18,sazonais,lumpy->smooth,179.0,13.89,0,29.6
2024-05-01,SKU_18,sazonais,lumpy->smooth,173.0,13.71,0,28.4
2024-05-02,SKU_18,sazonais,lumpy->smooth,115.0,14.26,0,30.8
2024-05-03,SKU_18,sazonais,lumpy->smooth,160.0,13.78,0,28.2
2024-05-04,SKU_18,sazonais,lumpy->smooth,102.0,14.3,0,31.2
2024-05-05,SKU_18,sazonais,lumpy->smooth,128.0,14.19,0,32.0
2024-05-06,SKU_18,sazonais,lumpy->smooth,118.0,14.04,0,30.5
2024-05-07,SKU_18,sazonais,lumpy->smooth,172.0,14.23,0,29.2
2024-05-08,SKU_18,sazonais,lumpy->smooth,139.0,13.81,0,30.7
2024-05-09,SKU_18,sazonais,lumpy->smooth,158.0,13.85,0,29.1
2024-05-10,SKU_18,sazonais,lumpy->smooth,0.0,14.18,0,31.6
2024-05-11,SKU_18,sazonais,lumpy->smooth,89.0,13.81,0,26.0
2024-05-12,SKU_18,sazonais,lumpy->smooth,96.0,13.73,0,29.0
2024-05-13,SKU_18,sazonais,lumpy->smooth,118.0,13.94,0,25.6
2024-05-14,SKU_18,sazonais,lumpy->smooth,214.0,13.82,0,26.6
2024-05-15,SKU_18,sazonais,lumpy->smooth,148.0,12.27,1,32.2
2024-05-16,SKU_18,sazonais,lumpy->smooth,171.0,14.16,0,31.3
2024-05-17,SKU_18,sazonais,lumpy->smooth,82.0,13.88,0,28.0
2024-05-18,SKU_18,sazonais,lumpy->smooth,83.0,13.8,0,26.4
2024-05-19,SKU_18,sazonais,lumpy->smooth,99.0,14.07,0,23.4
2024-05-20,SKU_18,sazonais,lumpy->smooth,177.0,14.24,0,28.2
2024-05-21,SKU_18,sazonais,lumpy->smooth,145.0,14.06,0,34.1
2024-05-22,SKU_18,sazonais,lumpy->smooth,140.0,13.81,0,30.0
2024-05-23,SKU_18,sazonais,lumpy->smooth,170.0,13.71,0,28.0
2024-05-24,SKU_18,sazonais,lumpy->smooth,187.0,13.92,0,30.0
2024-05-25,SKU_18,sazonais,lumpy->smooth,123.0,14.06,0,25.9
2024-05-26,SKU_18,sazonais,lumpy->smooth,63.0,13.91,0,28.4
2024-05-27,SKU_18,sazonais,lumpy->smooth,140.0,14.2,0,29.1
2024-05-28,SKU_18,sazonais,lumpy->smooth,86.0,14.11,0,28.7
2024-05-29,SKU_18,sazonais,lumpy->smooth,105.0,14.05,0,30.4
2024-05-30,SKU_18,sazonais,lumpy->smooth,123.0,14.1,0,29.4
2024-05-31,SKU_18,sazonais,lumpy->smooth,181.0,13.72,0,30.0
2024-06-01,SKU_18,sazonais,lumpy->smooth,77.0,13.9,0,27.2
2024-06-02,SKU_18,sazonais,lumpy->smooth,80.0,13.79,0,30.3
2024-06-03,SKU_18,sazonais,lumpy->smooth,157.0,14.08,0,31.7
2024-06-04,SKU_18,sazonais,lumpy->smooth,123.0,13.79,0,26.4
2024-06-05,SKU_18,sazonais,lumpy->smooth,89.0,14.02,0,26.5
2024-06-06,SKU_18,sazonais,lumpy->smooth,120.0,13.97,0,30.9
2024-06-07,SKU_18,sazonais,lumpy->smooth,140.0,14.12,0,27.8
2024-06-08,SKU_18,sazonais,lumpy->smooth,96.0,13.76,0,30.9
2024-06-09,SKU_18,sazonais,lumpy->smooth,81.0,14.09,0,27.1
2024-06-10,SKU_18,sazonais,lumpy->smooth,161.0,13.79,0,30.8
2024-06-11,SKU_18,sazonais,lumpy->smooth,180.0,13.81,0,28.1
2024-06-12,SKU_18,sazonais,lumpy->smooth,189.0,13.97,0,28.3
2024-06-13,SKU_18,sazonais,lumpy->smooth,149.0,14.24,0,30.8
2024-06-14,SKU_18,sazonais,lumpy->smooth,108.0,13.83,0,26.9
2024-06-15,SKU_18,sazonais,lumpy->smooth,62.0,13.64,0,25.6
2024-06-16,SKU_18,sazonais,lumpy->smooth,63.0,13.81,0,26.5
2024-06-17,SKU_18,sazonais,lumpy->smooth,109.0,13.92,0,28.3
2024-06-18,SKU_18,sazonais,lumpy->smooth,145.0,14.37,0,24.1
2024-06-19,SKU_18,sazonais,lumpy->smooth,225.0,14.08,0,28.5
2024-06-20,SKU_18,sazonais,lumpy->smooth,148.0,13.85,0,26.0
2024-06-21,SKU_18,sazonais,lumpy->smooth,138.0,13.97,0,29.3
2024-06-22,SKU_18,sazonais,lumpy->smooth,105.0,14.31,0,22.1
2024-06-23,SKU_18,sazonais,lumpy->smooth,67.0,13.95,0,25.3
2024-06-24,SKU_18,sazonais,lumpy->smooth,181.0,13.95,0,23.4
2024-06-25,SKU_18,sazonais,lumpy->smooth,177.0,13.92,0,25.0
2024-06-26,SKU_18,sazonais,lumpy->smooth,141.0,14.14,0,27.0
2024-06-27,SKU_18,sazonais,lumpy->smooth,232.0,13.89,0,26.1
2024-06-28,SKU_18,sazonais,lumpy->smooth,182.0,14.17,0,25.9
2024-06-29,SKU_18,sazonais,lumpy->smooth,83.0,14.21,0,25.9
2024-06-30,SKU_18,sazonais,lumpy->smooth,79.0,14.12,0,26.6
2024-07-01,SKU_18,sazonais,lumpy->smooth,124.0,13.96,0,24.1
2024-07-02,SKU_18,sazonais,lumpy->smooth,193.0,11.62,1,27.4
2024-07-03,SKU_18,sazonais,lumpy->smooth,134.0,13.96,0,27.2
2024-07-04,SKU_18,sazonais,lumpy->smooth,126.0,13.87,0,26.6
2024-07-05,SKU_18,sazonais,lumpy->smooth,0.0,13.84,0,26.8
2024-07-06,SKU_18,sazonais,lumpy->smooth,60.0,13.95,0,26.2
2024-07-07,SKU_18,sazonais,lumpy->smooth,102.0,12.0,1,29.6
2024-07-08,SKU_18,sazonais,lumpy->smooth,132.0,11.78,1,25.2
2024-07-09,SKU_18,sazonais,lumpy->smooth,150.0,13.73,0,24.7
2024-07-10,SKU_18,sazonais,lumpy->smooth,138.0,13.81,0,23.7
2024-07-11,SKU_18,sazonais,lumpy->smooth,190.0,12.24,1,23.0
2024-07-12,SKU_18,sazonais,lumpy->smooth,167.0,14.11,0,22.5
2024-07-13,SKU_18,sazonais,lumpy->smooth,64.0,13.81,0,23.1
2024-07-14,SKU_18,sazonais,lumpy->smooth,66.0,14.26,0,24.6
2024-07-15,SKU_18,sazonais,lumpy->smooth,93.0,13.95,0,25.3
2024-07-16,SKU_18,sazonais,lumpy->smooth,248.0,12.36,1,24.7
2024-07-17,SKU_18,sazonais,lumpy->smooth,154.0,14.05,0,22.9
2024-07-18,SKU_18,sazonais,lumpy->smooth,184.0,14.11,0,26.2
2024-07-19,SKU_18,sazonais,lumpy->smooth,195.0,14.17,0,25.7
2024-07-20,SKU_18,sazonais,lumpy->smooth,70.0,14.3,0,23.8
2024-07-21,SKU_18,sazonais,lumpy->smooth,65.0,13.91,0,22.7
2024-07-22,SKU_18,sazonais,lumpy->smooth,84.0,14.28,0,25.0
2024-07-23,SKU_18,sazonais,lumpy->smooth,100.0,13.88,0,24.2
2024-07-24,SKU_18,sazonais,lumpy->smooth,121.0,13.93,0,20.8
2024-07-25,SKU_18,sazonais,lumpy->smooth,79.0,14.0,0,23.5
2024-07-26,SKU_18,sazonais,lumpy->smooth,100.0,14.18,0,24.1
2024-07-27,SKU_18,sazonais,lumpy->smooth,75.0,13.93,0,21.6
2024-07-28,SKU_18,sazonais,lumpy->smooth,95.0,14.33,0,23.7
2024-07-29,SKU_18,sazonais,lumpy->smooth,108.0,14.27,0,20.3
2024-07-30,SKU_18,sazonais,lumpy->smooth,133.0,14.01,0,25.8
2024-07-31,SKU_18,sazonais,lumpy->smooth,204.0,13.81,0,25.5
2024-08-01,SKU_18,sazonais,lumpy->smooth,82.0,14.2,0,22.4
2024-08-02,SKU_18,sazonais,lumpy->smooth,168.0,13.58,0,23.5
2024-08-03,SKU_18,sazonais,lumpy->smooth,0.0,14.15,0,17.9
2024-08-04,SKU_18,sazonais,lumpy->smooth,103.0,13.84,0,20.3
2024-08-05,SKU_18,sazonais,lumpy->smooth,162.0,14.25,0,21.9
2024-08-06,SKU_18,sazonais,lumpy->smooth,108.0,13.72,0,20.3
2024-08-07,SKU_18,sazonais,lumpy->smooth,127.0,13.87,0,23.7
2024-08-08,SKU_18,sazonais,lumpy->smooth,88.0,14.09,0,26.2
2024-08-09,SKU_18,sazonais,lumpy->smooth,0.0,14.12,0,19.8
2024-08-10,SKU_18,sazonais,lumpy->smooth,75.0,13.87,0,20.3
2024-08-11,SKU_18,sazonais,lumpy->smooth,80.0,13.93,0,22.4
2024-08-12,SKU_18,sazonais,lumpy->smooth,153.0,14.19,0,25.1
2024-08-13,SKU_18,sazonais,lumpy->smooth,185.0,14.2,0,19.3
2024-08-14,SKU_18,sazonais,lumpy->smooth,113.0,13.93,0,22.1
2024-08-15,SKU_18,sazonais,lumpy->smooth,166.0,13.88,0,25.2
2024-08-16,SKU_18,sazonais,lumpy->smooth,133.0,13.73,0,18.1
2024-08-17,SKU_18,sazonais,lumpy->smooth,53.0,14.05,0,18.8
2024-08-18,SKU_18,sazonais,lumpy->smooth,103.0,12.06,1,20.4
2024-08-19,SKU_18,sazonais,lumpy->smooth,128.0,14.03,0,20.1
2024-08-20,SKU_18,sazonais,lumpy->smooth,101.0,13.82,0,22.7
2024-08-21,SKU_18,sazonais,lumpy->smooth,96.0,14.36,0,21.5
2024-08-22,SKU_18,sazonais,lumpy->smooth,95.0,13.58,0,17.4
2024-08-23,SKU_18,sazonais,lumpy->smooth,108.0,14.18,0,21.8
2024-08-24,SKU_18,sazonais,lumpy->smooth,59.0,14.04,0,19.6
2024-08-25,SKU_18,sazonais,lumpy->smooth,99.0,14.09,0,23.2
2024-08-26,SKU_18,sazonais,lumpy->smooth,97.0,11.74,1,19.3
2024-08-27,SKU_18,sazonais,lumpy->smooth,126.0,13.97,0,19.2
2024-08-28,SKU_18,sazonais,lumpy->smooth,140.0,14.06,0,21.5
2024-08-29,SKU_18,sazonais,lumpy->smooth,97.0,13.98,0,21.8
2024-08-30,SKU_18,sazonais,lumpy->smooth,116.0,13.64,0,21.1
2024-08-31,SKU_18,sazonais,lumpy->smooth,66.0,14.34,0,16.8
2024-09-01,SKU_18,sazonais,lumpy->smooth,71.0,14.13,0,21.1
2024-09-02,SKU_18,sazonais,lumpy->smooth,144.0,14.01,0,17.9
2024-09-03,SKU_18,sazonais,lumpy->smooth,140.0,14.02,0,20.4
2024-09-04,SKU_18,sazonais,lumpy->smooth,105.0,14.34,0,17.0
2024-09-05,SKU_18,sazonais,lumpy->smooth,84.0,13.85,0,20.7
2024-09-06,SKU_18,sazonais,lumpy->smooth,127.0,13.81,0,18.1
2024-09-07,SKU_18,sazonais,lumpy->smooth,61.0,14.17,0,17.1
2024-09-08,SKU_18,sazonais,lumpy->smooth,63.0,14.09,0,21.0
2024-09-09,SKU_18,sazonais,lumpy->smooth,128.0,13.8,0,20.0
2024-09-10,SKU_18,sazonais,lumpy->smooth,109.0,14.22,0,18.2
2024-09-11,SKU_18,sazonais,lumpy->smooth,131.0,14.06,0,22.3
2024-09-12,SKU_18,sazonais,lumpy->smooth,225.0,13.82,0,18.4
2024-09-13,SKU_18,sazonais,lumpy->smooth,207.0,12.0,1,19.3
2024-09-14,SKU_18,sazonais,lumpy->smooth,99.0,14.07,0,19.7
2024-09-15,SKU_18,sazonais,lumpy->smooth,81.0,13.98,0,17.9
2024-09-16,SKU_18,sazonais,lumpy->smooth,123.0,14.08,0,20.0
2024-09-17,SKU_18,sazonais,lumpy->smooth,199.0,12.03,1,17.9
2024-09-18,SKU_18,sazonais,lumpy->smooth,136.0,14.18,0,18.1
2024-09-19,SKU_18,sazonais,lumpy->smooth,149.0,14.02,0,21.6
2024-09-20,SKU_18,sazonais,lumpy->smooth,122.0,13.95,0,16.7
2024-09-21,SKU_18,sazonais,lumpy->smooth,75.0,11.95,1,13.9
2024-09-22,SKU_18,sazonais,lumpy->smooth,50.0,14.24,0,21.9
2024-09-23,SKU_18,sazonais,lumpy->smooth,135.0,14.13,0,23.8
2024-09-24,SKU_18,sazonais,lumpy->smooth,91.0,13.93,0,17.8
2024-09-25,SKU_18,sazonais,lumpy->smooth,207.0,11.91,1,14.7
2024-09-26,SKU_18,sazonais,lumpy->smooth,168.0,14.33,0,17.9
2024-09-27,SKU_18,sazonais,lumpy->smooth,114.0,14.15,0,17.9
2024-09-28,SKU_18,sazonais,lumpy->smooth,96.0,14.03,0,18.1
2024-09-29,SKU_18,sazonais,lumpy->smooth,76.0,14.23,0,16.2
2024-09-30,SKU_18,sazonais,lumpy->smooth,122.0,13.89,0,19.5
2024-10-01,SKU_18,sazonais,lumpy->smooth,123.0,14.07,0,19.4
2024-10-02,SKU_18,sazonais,lumpy->smooth,98.0,14.38,0,15.3
2024-10-03,SKU_18,sazonais,lumpy->smooth,138.0,12.03,1,19.7
2024-10-04,SKU_18,sazonais,lumpy->smooth,81.0,14.32,0,22.4
2024-10-05,SKU_18,sazonais,lumpy->smooth,60.0,13.98,0,18.6
2024-10-06,SKU_18,sazonais,lumpy->smooth,121.0,13.9,0,17.5
2024-10-07,SKU_18,sazonais,lumpy->smooth,84.0,14.23,0,17.9
2024-10-08,SKU_18,sazonais,lumpy->smooth,91.0,13.63,0,19.4
2024-10-09,SKU_18,sazonais,lumpy->smooth,100.0,14.04,0,14.7
2024-10-10,SKU_18,sazonais,lumpy->smooth,101.0,14.21,0,18.4
2024-10-11,SKU_18,sazonais,lumpy->smooth,130.0,14.11,0,17.3
2024-10-12,SKU_18,sazonais,lumpy->smooth,62.0,13.58,0,21.8
2024-10-13,SKU_18,sazonais,lumpy->smooth,69.0,13.73,0,17.7
2024-10-14,SKU_18,sazonais,lumpy->smooth,99.0,13.98,0,21.4
2024-10-15,SKU_18,sazonais,lumpy->smooth,0.0,14.09,0,15.8
2024-10-16,SKU_18,sazonais,lumpy->smooth,120.0,14.1,0,19.2
2024-10-17,SKU_18,sazonais,lumpy->smooth,118.0,14.0,0,18.7
2024-10-18,SKU_18,sazonais,lumpy->smooth,199.0,14.15,0,16.3
2024-10-19,SKU_18,sazonais,lumpy->smooth,72.0,14.09,0,18.4
2024-10-20,SKU_18,sazonais,lumpy->smooth,69.0,13.97,0,20.4
2024-10-21,SKU_18,sazonais,lumpy->smooth,66.0,14.11,0,17.4
2024-10-22,SKU_18,sazonais,lumpy->smooth,131.0,13.87,0,14.6
2024-10-23,SKU_18,sazonais,lumpy->smooth,76.0,14.13,0,18.0
2024-10-24,SKU_18,sazonais,lumpy->smooth,141.0,13.83,0,16.2
2024-10-25,SKU_18,sazonais,lumpy->smooth,128.0,14.1,0,17.3
2024-10-26,SKU_18,sazonais,lumpy->smooth,89.0,14.09,0,17.9
2024-10-27,SKU_18,sazonais,lumpy->smooth,63.0,13.94,0,14.6
2024-10-28,SKU_18,sazonais,lumpy->smooth,125.0,14.13,0,14.8
2024-10-29,SKU_18,sazonais,lumpy->smooth,213.0,12.21,1,19.0
2024-10-30,SKU_18,sazonais,lumpy->smooth,99.0,13.8,0,17.0
2024-10-31,SKU_18,sazonais,lumpy->smooth,145.0,14.19,0,13.0
2024-11-01,SKU_18,sazonais,lumpy->smooth,144.0,14.22,0,19.7
2024-11-02,SKU_18,sazonais,lumpy->smooth,72.0,13.96,0,18.7
2024-11-03,SKU_18,sazonais,lumpy->smooth,160.0,12.06,1,16.7
2024-11-04,SKU_18,sazonais,lumpy->smooth,143.0,13.95,0,15.5
2024-11-05,SKU_18,sazonais,lumpy->smooth,84.0,14.25,0,19.9
2024-11-06,SKU_18,sazonais,lumpy->smooth,161.0,13.45,0,18.9
2024-11-07,SKU_18,sazonais,lumpy->smooth,108.0,14.29,0,23.0
2024-11-08,SKU_18,sazonais,lumpy->smooth,155.0,13.78,0,19.1
2024-11-09,SKU_18,sazonais,lumpy->smooth,81.0,14.02,0,19.1
2024-11-10,SKU_18,sazonais,lumpy->smooth,39.0,13.84,0,18.0
2024-11-11,SKU_18,sazonais,lumpy->smooth,148.0,14.3,0,20.0
2024-11-12,SKU_18,sazonais,lumpy->smooth,175.0,11.85,1,19.7
2024-11-13,SKU_18,sazonais,lumpy->smooth,115.0,13.89,0,21.0
2024-11-14,SKU_18,sazonais,lumpy->smooth,168.0,12.12,1,17.5
2024-11-15,SKU_18,sazonais,lumpy->smooth,157.0,14.15,0,17.7
2024-11-16,SKU_18,sazonais,lumpy->smooth,61.0,13.93,0,17.6
2024-11-17,SKU_18,sazonais,lumpy->smooth,101.0,13.8,0,20.2
2024-11-18,SKU_18,sazonais,lumpy->smooth,89.0,13.77,0,21.7
2024-11-19,SKU_18,sazonais,lumpy->smooth,140.0,14.26,0,17.8
2024-11-20,SKU_18,sazonais,lumpy->smooth,158.0,14.08,0,17.9
2024-11-21,SKU_18,sazonais,lumpy->smooth,157.0,14.03,0,19.5
2024-11-22,SKU_18,sazonais,lumpy->smooth,0.0,14.1,0,18.4
2024-11-23,SKU_18,sazonais,lumpy->smooth,74.0,13.61,0,20.9
2024-11-24,SKU_18,sazonais,lumpy->smooth,68.0,13.94,0,14.5
2024-11-25,SKU_18,sazonais,lumpy->smooth,98.0,13.94,0,17.4
2024-11-26,SKU_18,sazonais,lumpy->smooth,112.0,14.2,0,17.6
2024-11-27,SKU_18,sazonais,lumpy->smooth,0.0,13.71,0,14.6
2024-11-28,SKU_18,sazonais,lumpy->smooth,101.0,14.21,0,17.3
2024-11-29,SKU_18,sazonais,lumpy->smooth,208.0,14.36,0,17.5
2024-11-30,SKU_18,sazonais,lumpy->smooth,52.0,13.66,0,19.0
2024-12-01,SKU_18,sazonais,lumpy->smooth,105.0,14.0,0,21.7
2024-12-02,SKU_18,sazonais,lumpy->smooth,99.0,14.1,0,19.0
2024-12-03,SKU_18,sazonais,lumpy->smooth,105.0,14.17,0,17.5
2024-12-04,SKU_18,sazonais,lumpy->smooth,105.0,13.57,0,19.5
2024-12-05,SKU_18,sazonais,lumpy->smooth,103.0,14.07,0,21.8
2024-12-06,SKU_18,sazonais,lumpy->smooth,171.0,13.96,0,17.9
2024-12-07,SKU_18,sazonais,lumpy->smooth,93.0,13.94,0,18.1
2024-12-08,SKU_18,sazonais,lumpy->smooth,77.0,14.41,0,21.1
2024-12-09,SKU_18,sazonais,lumpy->smooth,268.0,13.96,0,19.6
2024-12-10,SKU_18,sazonais,lumpy->smooth,137.0,14.09,0,21.4
2024-12-11,SKU_18,sazonais,lumpy->smooth,140.0,13.98,0,20.2
2024-12-12,SKU_18,sazonais,lumpy->smooth,117.0,14.05,0,21.7
2024-12-13,SKU_18,sazonais,lumpy->smooth,114.0,14.11,0,18.3
2024-12-14,SKU_18,sazonais,lumpy->smooth,72.0,14.18,0,20.4
2024-12-15,SKU_18,sazonais,lumpy->smooth,102.0,13.84,0,20.1
2024-12-16,SKU_18,sazonais,lumpy->smooth,162.0,14.03,0,18.2
2024-12-17,SKU_18,sazonais,lumpy->smooth,0.0,14.04,0,17.6
2024-12-18,SKU_18,sazonais,lumpy->smooth,118.0,13.67,0,22.1
2024-12-19,SKU_18,sazonais,lumpy->smooth,164.0,13.81,0,20.2
2024-12-20,SKU_18,sazonais,lumpy->smooth,153.0,14.18,0,18.9
2024-12-21,SKU_18,sazonais,lumpy->smooth,94.0,13.91,0,20.8
2024-12-22,SKU_18,sazonais,lumpy->smooth,99.0,12.42,1,23.4
2024-12-23,SKU_18,sazonais,lumpy->smooth,111.0,14.19,0,16.7
2024-12-24,SKU_18,sazonais,lumpy->smooth,164.0,14.09,0,18.3
2024-12-25,SKU_18,sazonais,lumpy->smooth,179.0,14.3,0,19.6
2024-12-26,SKU_18,sazonais,lumpy->smooth,180.0,12.05,1,24.4
2024-12-27,SKU_18,sazonais,lumpy->smooth,169.0,14.04,0,22.2
2024-12-28,SKU_18,sazonais,lumpy->smooth,115.0,13.72,0,23.2
2024-12-29,SKU_18,sazonais,lumpy->smooth,79.0,14.13,0,19.5
2024-12-30,SKU_18,sazonais,lumpy->smooth,103.0,14.28,0,19.6
2024-09-02,SKU_19,sazonais,lumpy,0.0,16.08,0,17.9
2024-09-03,SKU_19,sazonais,lumpy,0.0,15.71,0,20.4
2024-09-04,SKU_19,sazonais,lumpy,0.0,15.97,0,17.0
2024-09-05,SKU_19,sazonais,lumpy,0.0,16.14,0,20.7
2024-09-06,SKU_19,sazonais,lumpy,4.0,15.97,0,18.1
2024-09-07,SKU_19,sazonais,lumpy,5.0,16.07,0,17.1
2024-09-08,SKU_19,sazonais,lumpy,0.0,15.91,0,21.0
2024-09-09,SKU_19,sazonais,lumpy,0.0,15.92,0,20.0
2024-09-10,SKU_19,sazonais,lumpy,0.0,15.87,0,18.2
2024-09-11,SKU_19,sazonais,lumpy,0.0,16.12,0,22.3
2024-09-12,SKU_19,sazonais,lumpy,30.0,16.14,0,18.4
2024-09-13,SKU_19,sazonais,lumpy,0.0,13.49,1,19.3
2024-09-14,SKU_19,sazonais,lumpy,32.0,16.15,0,19.7
2024-09-15,SKU_19,sazonais,lumpy,0.0,15.71,0,17.9
2024-09-16,SKU_19,sazonais,lumpy,0.0,15.97,0,20.0
2024-09-17,SKU_19,sazonais,lumpy,0.0,13.33,1,17.9
2024-09-18,SKU_19,sazonais,lumpy,0.0,15.77,0,18.1
2024-09-19,SKU_19,sazonais,lumpy,0.0,15.73,0,21.6
2024-09-20,SKU_19,sazonais,lumpy,0.0,15.87,0,16.7
2024-09-21,SKU_19,sazonais,lumpy,0.0,13.72,1,13.9
2024-09-22,SKU_19,sazonais,lumpy,0.0,15.98,0,21.9
2024-09-23,SKU_19,sazonais,lumpy,112.0,15.88,0,23.8
2024-09-24,SKU_19,sazonais,lumpy,0.0,15.97,0,17.8
2024-09-25,SKU_19,sazonais,lumpy,54.0,13.19,1,14.7
2024-09-26,SKU_19,sazonais,lumpy,0.0,16.11,0,17.9
2024-09-27,SKU_19,sazonais,lumpy,101.0,15.55,0,17.9
2024-09-28,SKU_19,sazonais,lumpy,0.0,15.86,0,18.1
2024-09-29,SKU_19,sazonais,lumpy,0.0,15.98,0,16.2
2024-09-30,SKU_19,sazonais,lumpy,0.0,16.09,0,19.5
2024-10-01,SKU_19,sazonais,lumpy,0.0,16.05,0,19.4
2024-10-02,SKU_19,sazonais,lumpy,26.0,15.99,0,15.3
2024-10-03,SKU_19,sazonais,lumpy,0.0,13.89,1,19.7
2024-10-04,SKU_19,sazonais,lumpy,51.0,16.4,0,22.4
2024-10-05,SKU_19,sazonais,lumpy,0.0,16.0,0,18.6
2024-10-06,SKU_19,sazonais,lumpy,0.0,15.98,0,17.5
2024-10-07,SKU_19,sazonais,lumpy,105.0,15.97,0,17.9
2024-10-08,SKU_19,sazonais,lumpy,38.0,15.88,0,19.4
2024-10-09,SKU_19,sazonais,lumpy,0.0,16.08,0,14.7
2024-10-10,SKU_19,sazonais,lumpy,0.0,16.25,0,18.4
2024-10-11,SKU_19,sazonais,lumpy,0.0,15.5,0,17.3
2024-10-12,SKU_19,sazonais,lumpy,14.0,15.97,0,21.8
2024-10-13,SKU_19,sazonais,lumpy,0.0,16.3,0,17.7
2024-10-14,SKU_19,sazonais,lumpy,0.0,16.08,0,21.4
2024-10-15,SKU_19,sazonais,lumpy,0.0,16.08,0,15.8
2024-10-16,SKU_19,sazonais,lumpy,0.0,15.68,0,19.2
2024-10-17,SKU_19,sazonais,lumpy,22.0,16.14,0,18.7
2024-10-18,SKU_19,sazonais,lumpy,0.0,16.2,0,16.3
2024-10-19,SKU_19,sazonais,lumpy,18.0,16.04,0,18.4
2024-10-20,SKU_19,sazonais,lumpy,0.0,15.87,0,20.4
2024-10-21,SKU_19,sazonais,lumpy,11.0,16.09,0,17.4
2024-10-22,SKU_19,sazonais,lumpy,36.0,15.79,0,14.6
2024-10-23,SKU_19,sazonais,lumpy,37.0,15.77,0,18.0
2024-10-24,SKU_19,sazonais,lumpy,33.0,16.16,0,16.2
2024-10-25,SKU_19,sazonais,lumpy,0.0,16.22,0,17.3
2024-10-26,SKU_19,sazonais,lumpy,0.0,15.85,0,17.9
2024-10-27,SKU_19,sazonais,lumpy,0.0,15.77,0,14.6
2024-10-28,SKU_19,sazonais,lumpy,0.0,15.82,0,14.8
2024-10-29,SKU_19,sazonais,lumpy,0.0,13.64,1,19.0
2024-10-30,SKU_19,sazonais,lumpy,0.0,15.77,0,17.0
2024-10-31,SKU_19,sazonais,lumpy,0.0,16.26,0,13.0
2024-11-01,SKU_19,sazonais,lumpy,0.0,15.91,0,19.7
2024-11-02,SKU_19,sazonais,lumpy,0.0,16.07,0,18.7
2024-11-03,SKU_19,sazonais,lumpy,0.0,13.45,1,16.7
2024-11-04,SKU_19,sazonais,lumpy,24.0,16.12,0,15.5
2024-11-05,SKU_19,sazonais,lumpy,16.0,16.13,0,19.9
2024-11-06,SKU_19,sazonais,lumpy,30.0,15.66,0,18.9
2024-11-07,SKU_19,sazonais,lumpy,0.0,15.86,0,23.0
2024-11-08,SKU_19,sazonais,lumpy,0.0,15.97,0,19.1
2024-11-09,SKU_19,sazonais,lumpy,14.0,15.89,0,19.1
2024-11-10,SKU_19,sazonais,lumpy,0.0,16.17,0,18.0
2024-11-11,SKU_19,sazonais,lumpy,0.0,15.88,0,20.0
2024-11-12,SKU_19,sazonais,lumpy,0.0,13.74,1,19.7
2024-11-13,SKU_19,sazonais,lumpy,329.0,16.1,0,21.0
2024-11-14,SKU_19,sazonais,lumpy,68.0,13.58,1,17.5
2024-11-15,SKU_19,sazonais,lumpy,0.0,16.15,0,17.7
2024-11-16,SKU_19,sazonais,lumpy,20.0,15.69,0,17.6
2024-11-17,SKU_19,sazonais,lumpy,0.0,15.99,0,20.2
2024-11-18,SKU_19,sazonais,lumpy,0.0,15.85,0,21.7
2024-11-19,SKU_19,sazonais,lumpy,0.0,15.98,0,17.8
2024-11-20,SKU_19,sazonais,lumpy,0.0,15.91,0,17.9
2024-11-21,SKU_19,sazonais,lumpy,35.0,16.01,0,19.5
2024-11-22,SKU_19,sazonais,lumpy,15.0,16.0,0,18.4
2024-11-23,SKU_19,sazonais,lumpy,0.0,16.03,0,20.9
2024-11-24,SKU_19,sazonais,lumpy,0.0,16.04,0,14.5
2024-11-25,SKU_19,sazonais,lumpy,231.0,16.11,0,17.4
2024-11-26,SKU_19,sazonais,lumpy,0.0,15.75,0,17.6
2024-11-27,SKU_19,sazonais,lumpy,0.0,16.1,0,14.6
2024-11-28,SKU_19,sazonais,lumpy,0.0,15.7,0,17.3
2024-11-29,SKU_19,sazonais,lumpy,0.0,15.44,0,17.5
2024-11-30,SKU_19,sazonais,lumpy,8.0,16.39,0,19.0
2024-12-01,SKU_19,sazonais,lumpy,0.0,15.81,0,21.7
2024-12-02,SKU_19,sazonais,lumpy,15.0,15.91,0,19.0
2024-12-03,SKU_19,sazonais,lumpy,0.0,15.63,0,17.5
2024-12-04,SKU_19,sazonais,lumpy,0.0,15.91,0,19.5
2024-12-05,SKU_19,sazonais,lumpy,0.0,16.04,0,21.8
2024-12-06,SKU_19,sazonais,lumpy,0.0,16.05,0,17.9
2024-12-07,SKU_19,sazonais,lumpy,0.0,15.76,0,18.1
2024-12-08,SKU_19,sazonais,lumpy,106.0,15.91,0,21.1
2024-12-09,SKU_19,sazonais,lumpy,0.0,16.07,0,19.6
2024-12-10,SKU_19,sazonais,lumpy,0.0,16.05,0,21.4
2024-12-11,SKU_19,sazonais,lumpy,16.0,16.03,0,20.2
2024-12-12,SKU_19,sazonais,lumpy,0.0,16.15,0,21.7
2024-12-13,SKU_19,sazonais,lumpy,0.0,15.98,0,18.3
2024-12-14,SKU_19,sazonais,lumpy,0.0,16.28,0,20.4
2024-12-15,SKU_19,sazonais,lumpy,84.0,15.94,0,20.1
2024-12-16,SKU_19,sazonais,lumpy,0.0,16.14,0,18.2
2024-12-17,SKU_19,sazonais,lumpy,124.0,16.15,0,17.6
2024-12-18,SKU_19,sazonais,lumpy,0.0,15.67,0,22.1
2024-12-19,SKU_19,sazonais,lumpy,44.0,16.09,0,20.2
2024-12-20,SKU_19,sazonais,lumpy,0.0,15.87,0,18.9
2024-12-21,SKU_19,sazonais,lumpy,0.0,15.8,0,20.8
2024-12-22,SKU_19,sazonais,lumpy,0.0,13.52,1,23.4
2024-12-23,SKU_19,sazonais,lumpy,0.0,16.03,0,16.7
2024-12-24,SKU_19,sazonais,lumpy,0.0,15.69,0,18.3
2024-12-25,SKU_19,sazonais,lumpy,9.0,16.01,0,19.6
2024-12-26,SKU_19,sazonais,lumpy,0.0,13.56,1,24.4
2024-12-27,SKU_19,sazonais,lumpy,0.0,16.21,0,22.2
2024-12-28,SKU_19,sazonais,lumpy,0.0,15.87,0,23.2
2024-12-29,SKU_19,sazonais,lumpy,7.0,16.24,0,19.5
2024-12-30,SKU_19,sazonais,lumpy,0.0,16.08,0,19.6
